dataset,model,cal_size,test_size,n_classes,BBQ_brier,BBQ_logloss,BBQ_ece-15,BBQ_accuracy,BBQ_time
MIC,TabPFN-v2.6,1132,567,8,0.19711252200926455,0.5186535275024583,0.08865626156330109,0.8871251940727234,0.48085730616003275
SDSS17,TabPFN-v2.6,52035,26018,3,0.034341760256983246,0.07104307451269326,0.0010264224838465452,0.9788992404937744,7.753259799443185
anneal,TabPFN-v2.6,598,300,5,0.006660837519485765,0.2927819404427889,0.001671433448791504,0.996666669845581,0.1955497581511736
hiva_agnostic,TabPFN-v2.6,2563,1282,3,0.0682667247234593,0.17381307191567602,1.436471939086914e-05,0.9648985862731934,0.3137849532067776
maternal_health_risk,TabPFN-v2.6,676,338,3,0.19101051256499957,0.393263783013791,0.040961332619190216,0.88165682554245,0.13619226217269897
splice,TabPFN-v2.6,2126,1064,3,0.03520010703260645,0.08190157144230416,0.015263820998370647,0.9765037298202515,0.28471656050533056
students_dropout_and_academic_success,TabPFN-v2.6,2949,1475,3,0.31635222964246673,0.566420348393512,0.020225802436470985,0.7789830565452576,0.4262389987707138
website_phishing,TabPFN-v2.6,902,451,3,0.10450207263059452,0.2028320172081572,0.015717362985014915,0.9379157423973083,0.15795845538377762
MIC,TabICLv2,1132,567,8,0.19658218321984441,0.5235144785327864,0.07693814486265182,0.8888888955116272,0.46980060916393995
SDSS17,TabICLv2,52035,26018,3,0.03554292107184147,0.07499004222277485,0.0015665068058297038,0.9781689643859863,7.541766392067075
anneal,TabICLv2,598,300,5,0.012893607331286224,0.3067941438727161,0.0016004443168640137,0.9933333396911621,0.19644858315587044
hiva_agnostic,TabICLv2,2563,1282,3,0.0682667247234593,0.17381307191567602,1.436471939086914e-05,0.9648985862731934,0.31518080551177263
maternal_health_risk,TabICLv2,676,338,3,0.17926145380518405,0.35260596411778933,0.037561673671007156,0.8786982297897339,0.1354781538248062
splice,TabICLv2,2126,1064,3,0.03320563651174923,0.07669624208527916,0.011541577987372875,0.9802631735801697,0.28158218413591385
students_dropout_and_academic_success,TabICLv2,2949,1475,3,0.3149314902774837,0.5692741651386639,0.025339456275105476,0.7823728919029236,0.41205020993947983
website_phishing,TabICLv2,902,451,3,0.10770405115802649,0.20751542777518506,0.01699044182896614,0.9356984496116638,0.15883056726306677
MIC,RealTabPFN-v2.5,1132,567,8,0.19297201910196046,0.5066983617611434,0.07565923780202866,0.8906525373458862,0.4805179126560688
SDSS17,RealTabPFN-v2.5,52035,26018,3,0.032662103109678826,0.0696690309587011,0.0015409381594508886,0.9802060127258301,7.615733518265188
anneal,RealTabPFN-v2.5,598,300,5,0.006688884522032253,0.29445775281479286,2.7418136596679688e-06,0.996666669845581,0.1853631967678666
hiva_agnostic,RealTabPFN-v2.5,2563,1282,3,0.0682667247234593,0.17381307191567602,1.436471939086914e-05,0.9648985862731934,0.31485692132264376
maternal_health_risk,RealTabPFN-v2.5,676,338,3,0.200171167848058,0.404855033428131,0.058997828513383865,0.88165682554245,0.13492009788751602
splice,RealTabPFN-v2.5,2126,1064,3,0.0419811157741874,0.0928241950406094,0.008663766086101532,0.9746240377426147,0.2868420472368598
students_dropout_and_academic_success,RealTabPFN-v2.5,2949,1475,3,0.31078547057495326,0.558458995846321,0.024939492344856262,0.7769491672515869,0.4195133289322257
website_phishing,RealTabPFN-v2.5,902,451,3,0.11386270420515932,0.2242114338158654,0.020748572424054146,0.9268292784690857,0.14840450044721365
MIC,TabICL_GPU,1132,567,8,0.20462616478215742,0.5342058497577138,0.05413687601685524,0.8835979104042053,0.4394654994830489
SDSS17,TabICL_GPU,52035,26018,3,0.03850331880802179,0.08046420298707288,0.001937754568643868,0.9765162467956543,7.3680451503023505
anneal,TabICL_GPU,598,300,5,0.021273960992485977,0.32556747238717787,0.011749603785574436,0.9866666793823242,0.18965772911906242
maternal_health_risk,TabICL_GPU,676,338,3,0.18451810347626935,0.3705099041755785,0.041581083089113235,0.8757396340370178,0.131368818692863
splice,TabICL_GPU,2126,1064,3,0.07515363249315977,0.14832294767621693,0.01592131517827511,0.9501879811286926,0.2840326437726617
students_dropout_and_academic_success,TabICL_GPU,2949,1475,3,0.3250173635178878,0.5876257114033563,0.02017286606132984,0.7647457718849182,0.4170703710988164
website_phishing,TabICL_GPU,902,451,3,0.11113044671316738,0.21190321371205828,0.019572388380765915,0.9312638640403748,0.15657664835453033
MIC,LimiX_GPU,1132,567,8,0.20113979865044693,0.5477865824523944,0.06389106810092926,0.8871251940727234,0.46272677928209305
anneal,LimiX_GPU,598,300,5,0.006699486801087282,0.29477457550625896,0.0003148317337036133,0.996666669845581,0.18919359240680933
hiva_agnostic,LimiX_GPU,2563,1282,3,0.0682667247234593,0.17381307191567602,1.436471939086914e-05,0.9648985862731934,0.3066173968836665
maternal_health_risk,LimiX_GPU,676,338,3,0.18779872521749744,0.3757125882507158,0.0676417350769043,0.8875739574432373,0.1303674355149269
splice,LimiX_GPU,2126,1064,3,0.0348849317991606,0.08382693496393882,0.014688988216221333,0.9821428656578064,0.27750587835907936
students_dropout_and_academic_success,LimiX_GPU,2949,1475,3,0.3184956810712268,0.5748010896718827,0.023946071043610573,0.7688135504722595,0.41460486501455307
website_phishing,LimiX_GPU,902,451,3,0.11684934024866446,0.2259523053861383,0.024233084172010422,0.9334811568260193,0.15628015343099833
MIC,TabM_GPU,1132,567,8,0.19456439707424683,0.5307773530047829,0.04464590176939964,0.8835979104042053,0.46509616170078516
SDSS17,TabM_GPU,52035,26018,3,0.04107486110550704,0.08647053422142698,0.0017021212261170149,0.9743254780769348,7.770686833187938
anneal,TabM_GPU,598,300,5,0.00973918644533619,0.29746558684330104,0.0015731514431536198,0.9933333396911621,0.19123387802392244
hiva_agnostic,TabM_GPU,2563,1282,3,0.0682667247234593,0.17381307191567602,1.436471939086914e-05,0.9648985862731934,0.3031834438443184
maternal_health_risk,TabM_GPU,676,338,3,0.2677859594448417,0.4807645191592219,0.05405696481466293,0.8165680766105652,0.1366941500455141
splice,TabM_GPU,2126,1064,3,0.04221787524742626,0.09257343822205179,0.016482355073094368,0.9736841917037964,0.28340676613152027
students_dropout_and_academic_success,TabM_GPU,2949,1475,3,0.3204025082198132,0.5800978755566094,0.025484155863523483,0.7715254426002502,0.42322997469455004
website_phishing,TabM_GPU,902,451,3,0.12692461720785017,0.2458568192799785,0.03625712916254997,0.915742814540863,0.15631521306931973
MIC,RealMLP_GPU,1132,567,8,0.188980100971555,0.506252079096417,0.06102673336863518,0.8906525373458862,0.4740653904154897
SDSS17,RealMLP_GPU,52035,26018,3,0.04297709012181201,0.09033737309177489,0.0014402561355382204,0.9742870330810547,7.850156471133232
anneal,RealMLP_GPU,598,300,5,0.018959490412126054,0.33744303954578025,0.007768847048282623,0.9900000095367432,0.18978824093937874
hiva_agnostic,RealMLP_GPU,2563,1282,3,0.06826672472344286,0.17381307191552178,1.436471939086914e-05,0.9648985862731934,0.31718035135418177
maternal_health_risk,RealMLP_GPU,676,338,3,0.21169986406830094,0.40267468368967346,0.06784231215715408,0.8639053106307983,0.13392248284071684
splice,RealMLP_GPU,2126,1064,3,0.03978096191816458,0.08722241419218622,0.01359914243221283,0.9736841917037964,0.2830422492697835
students_dropout_and_academic_success,RealMLP_GPU,2949,1475,3,0.31735936363066247,0.5724460623773262,0.029231999069452286,0.7816948890686035,0.425055674277246
website_phishing,RealMLP_GPU,902,451,3,0.12609809727284182,0.24225792399547272,0.039690833538770676,0.9179601073265076,0.15653986390680075
MIC,BetaTabPFN_GPU,1132,567,8,0.19432276195797626,0.5132573590659754,0.07114589214324951,0.8888888955116272,0.4732774877920747
SDSS17,BetaTabPFN_GPU,52035,26018,3,0.04827619407090286,0.10206512005793227,0.0029232511296868324,0.9709816575050354,7.717235124669969
anneal,BetaTabPFN_GPU,598,300,5,0.017457063936642214,0.5901010456272644,0.006616238970309496,0.9900000095367432,0.1892491690814495
hiva_agnostic,BetaTabPFN_GPU,2563,1282,3,0.0682667247234593,0.17381307191567602,1.436471939086914e-05,0.9648985862731934,0.30741260293871164
maternal_health_risk,BetaTabPFN_GPU,676,338,3,0.3022286488952215,0.5286022084886038,0.05357946455478668,0.7721893787384033,0.12741440255194902
splice,BetaTabPFN_GPU,2126,1064,3,0.041937484746309366,0.090907952370411,0.011482205241918564,0.9746240377426147,0.27475084364414215
students_dropout_and_academic_success,BetaTabPFN_GPU,2949,1475,3,0.3213197241953911,0.5784302570537403,0.03424299880862236,0.7688135504722595,0.41930428333580494
website_phishing,BetaTabPFN_GPU,902,451,3,0.13396296754927417,0.2560726243490027,0.028320355340838432,0.9223946928977966,0.1466640643775463
MIC,ModernNCA_GPU,1132,567,8,0.19891715635139903,0.5287961518470836,0.06648514419794083,0.8906525373458862,0.46184979006648064
SDSS17,ModernNCA_GPU,52035,26018,3,0.03814970138566872,0.07851171779199297,0.0016010585241019726,0.9764778017997742,7.583999722264707
anneal,ModernNCA_GPU,598,300,5,0.0066608404998777515,0.29277733456011784,0.0016718506813049316,0.996666669845581,0.19398729503154755
hiva_agnostic,ModernNCA_GPU,2563,1282,3,0.06826672465758737,0.17381307134939863,1.4007091522216797e-05,0.9648985862731934,0.3185267634689808
maternal_health_risk,ModernNCA_GPU,676,338,3,0.21931252272513152,0.4072743819395231,0.044810958206653595,0.8461538553237915,0.13519901502877474
splice,ModernNCA_GPU,2126,1064,3,0.04639445474733305,0.10570600475218515,0.025105062872171402,0.9746240377426147,0.2877820497378707
students_dropout_and_academic_success,ModernNCA_GPU,2949,1475,3,0.3256658064913884,0.585933392659323,0.019100375473499298,0.7783051133155823,0.42476181499660015
website_phishing,ModernNCA_GPU,902,451,3,0.1288185616408876,0.24362634025185914,0.01574154570698738,0.9179601073265076,0.15482537355273962
MIC,Mitra_GPU,1132,567,8,0.19338636953675103,0.5109831850018475,0.06168612092733383,0.8888888955116272,0.4721058374270797
anneal,Mitra_GPU,598,300,5,0.006808592904462734,0.29635190892174423,0.0018597866874188185,0.996666669845581,0.1960466457530856
maternal_health_risk,Mitra_GPU,676,338,3,0.19502648864715727,0.38885750847176626,0.060121089220047,0.8875739574432373,0.13652177341282368
splice,Mitra_GPU,2126,1064,3,0.0411385449930977,0.08970028032273768,0.017703033983707428,0.9736841917037964,0.28495559748262167
students_dropout_and_academic_success,Mitra_GPU,2949,1475,3,0.3174337020999764,0.5701602654713666,0.028012972325086594,0.7715254426002502,0.42563209030777216
website_phishing,Mitra_GPU,902,451,3,0.11638524540006566,0.21854934048326288,0.021799374371767044,0.9223946928977966,0.15627204440534115
MIC,TabDPT_GPU,1132,567,8,0.20068213435865542,0.6707771188848239,0.059270501136779785,0.8835979104042053,0.46555118076503277
SDSS17,TabDPT_GPU,52035,26018,3,0.04102757096590499,0.087419493149751,0.0014977562241256237,0.9749019742012024,7.465824844315648
anneal,TabDPT_GPU,598,300,5,0.013414479536957844,0.34266417809850674,0.0016723275184631348,0.9933333396911621,0.19235309306532145
hiva_agnostic,TabDPT_GPU,2563,1282,3,0.0682667247234593,0.17381307191567602,1.436471939086914e-05,0.9648985862731934,0.3078026119619608
maternal_health_risk,TabDPT_GPU,676,338,3,0.1848492854570655,0.37232254135208104,0.03248140588402748,0.8757396340370178,0.13319803308695555
splice,TabDPT_GPU,2126,1064,3,0.0999751923352962,0.19342405724367706,0.010259152390062809,0.932330846786499,0.2925305813550949
students_dropout_and_academic_success,TabDPT_GPU,2949,1475,3,0.3295038224439215,0.5955548285258222,0.01917325332760811,0.7647457718849182,0.42345061153173447
website_phishing,TabDPT_GPU,902,451,3,0.12286787492910374,0.2391577374155377,0.02129773050546646,0.9135255217552185,0.1576316049322486
