dataset,model,cal_size,test_size,n_classes,Dirichlet_logloss,Dirichlet_brier,Dirichlet_accuracy,Dirichlet_ece-15,Dirichlet_time
Diabetes130US,CatBoost,91589,10177,3,0.8282000817588505,0.49283898499718315,0.6231698989868164,0.009148970246315002,4.865487709000263
Diabetes130US,ExtraTrees,91589,10177,3,0.848076932882614,0.5057786061057764,0.6102977395057678,0.0068239010870456696,0.29507762499997625
Diabetes130US,LightGBM,91589,10177,3,0.8357928208358967,0.4973193448919234,0.621892511844635,0.013630926609039307,0.3242811250001978
Diabetes130US,LinearModel,91589,10177,3,0.8782727769602909,0.5263055175610145,0.5887786149978638,0.019368227571249008,0.41468683400034934
Diabetes130US,NeuralNetFastAI,91589,10177,3,0.8448757504487782,0.5034261524017334,0.6191412210464478,0.019903071224689484,0.32336870900053327
Diabetes130US,NeuralNetTorch,91589,10177,3,0.8563227755350671,0.5110168569698862,0.6086273193359375,0.010772818699479103,0.3043638339995596
Diabetes130US,RandomForest,91589,10177,3,0.8465885994424814,0.504686322825067,0.607448160648346,0.007162509020417929,0.32619770800010883
Diabetes130US,XGBoost,91589,10177,3,0.8292087957006494,0.49423722412409354,0.6220890283584595,0.012740330770611763,0.32587045899981604
GesturePhaseSegmentationProcessed,CatBoost,8885,988,5,0.739941818570727,0.3862558406852028,0.71659916639328,0.03673167526721954,4.200310917000024
GesturePhaseSegmentationProcessed,ExtraTrees,8885,988,5,0.7878737698920096,0.41099232081754955,0.7024291753768921,0.05027090385556221,0.27862924999953975
GesturePhaseSegmentationProcessed,LightGBM,8885,988,5,0.7349018711486694,0.38368918150741327,0.7125505805015564,0.03559073060750961,0.31522195800062036
GesturePhaseSegmentationProcessed,LinearModel,8885,988,5,1.2564951139946394,0.6463385501345069,0.4635627567768097,0.04767001420259476,0.25314820899984625
GesturePhaseSegmentationProcessed,NeuralNetFastAI,8885,988,5,0.9759689591160506,0.5089939686001349,0.6325910687446594,0.059949588030576706,0.24935283299964794
GesturePhaseSegmentationProcessed,NeuralNetTorch,8885,988,5,0.950183112572541,0.49347642664331826,0.637651801109314,0.049090467393398285,0.23316895799962367
GesturePhaseSegmentationProcessed,RandomForest,8885,988,5,0.8206010419871425,0.42308607467248366,0.6842105388641357,0.04992546886205673,0.2786487089997536
GesturePhaseSegmentationProcessed,XGBoost,8885,988,5,0.743414292410143,0.38785455280162795,0.7135627269744873,0.038838524371385574,0.2749308749998818
Indian_pines,CatBoost,8229,915,8,0.12356608908752288,0.06764676101141542,0.9584699273109436,0.025562454015016556,5.121275041999979
Indian_pines,ExtraTrees,8229,915,8,0.1813364822960758,0.10596717752267419,0.9333333373069763,0.029294928535819054,0.9058776250003575
Indian_pines,LightGBM,8229,915,8,0.10702934984412993,0.057779963990462806,0.9650273323059082,0.023399468511343002,1.0442157920006139
Indian_pines,LinearModel,8229,915,8,0.2058779482745044,0.1110457995261876,0.9300546646118164,0.019824156537652016,1.0592533330000151
Indian_pines,NeuralNetFastAI,8229,915,8,0.09792463244963148,0.05316790595510473,0.9672130942344666,0.022815290838479996,0.7313977089997934
Indian_pines,NeuralNetTorch,8229,915,8,0.08389718164626962,0.04470914630405333,0.9693989157676697,0.016331225633621216,0.9474689170001511
Indian_pines,RandomForest,8229,915,8,0.19370481958804558,0.11286182632213734,0.9278688430786133,0.027104275301098824,1.2436627080005564
Indian_pines,XGBoost,8229,915,8,0.11786311098262092,0.06466307203939643,0.9617486596107483,0.022896749898791313,0.858137084000191
LED-display-domain-7digit,CatBoost,450,50,10,0.8175710422895344,0.40417929305259315,0.7200000286102295,0.17656350135803223,4.664970040999833
LED-display-domain-7digit,ExtraTrees,450,50,10,0.8808968384534163,0.41741214429094464,0.699999988079071,0.17417821288108826,0.37505112500002724
LED-display-domain-7digit,LightGBM,450,50,10,0.7846592849154514,0.3875321027983996,0.699999988079071,0.16122747957706451,0.28093845799958217
LED-display-domain-7digit,LinearModel,450,50,10,0.7950613590788782,0.40189109137231527,0.699999988079071,0.11867576092481613,0.334502832999533
LED-display-domain-7digit,NeuralNetFastAI,450,50,10,0.7830524338742341,0.3935043887787481,0.699999988079071,0.1598852574825287,0.34542570899975544
LED-display-domain-7digit,NeuralNetTorch,450,50,10,0.7677988546338201,0.39625128565708373,0.699999988079071,0.10515522956848145,0.2723755830002119
LED-display-domain-7digit,RandomForest,450,50,10,0.8380398472011251,0.42207250773555527,0.6600000262260437,0.13119292259216309,0.38066075000006094
LED-display-domain-7digit,XGBoost,450,50,10,0.8031776038966484,0.40175243543003547,0.699999988079071,0.1842583268880844,0.3291636670001026
MiceProtein,CatBoost,972,108,8,0.005608036124305104,0.002389338669015654,1.0,0.004545774310827255,2.6252229580004496
MiceProtein,ExtraTrees,972,108,8,0.017781962462893465,0.012062049725782224,0.9907407164573669,0.009409722872078419,0.6800098330004403
MiceProtein,LightGBM,972,108,8,0.0006762873735603561,4.636189726091311e-05,1.0,0.0006644725799560547,0.7379920419998598
MiceProtein,LinearModel,972,108,8,0.0027815835707684453,0.0003163783972580698,1.0,0.0026976047083735466,0.7092721669996536
MiceProtein,NeuralNetFastAI,972,108,8,0.0002611268072833671,1.3396491912095158e-06,1.0,0.0002613663673400879,0.6942883340007029
MiceProtein,NeuralNetTorch,972,108,8,9.518826931695286e-05,2.9222012832305426e-08,1.0,9.524822235107422e-05,0.6954370419998668
MiceProtein,RandomForest,972,108,8,0.8711340668905728,0.047827666148203676,0.9629629850387573,0.031878355890512466,0.6498934999999619
MiceProtein,XGBoost,972,108,8,0.019147965478316768,0.010804612311237041,0.9907407164573669,0.0077178096398711205,0.559899249999944
Traffic_violations,CatBoost,63306,7034,3,0.40362541011658076,0.2680521076321723,0.8001137375831604,0.008871630765497684,2.789756417000717
Traffic_violations,ExtraTrees,63306,7034,3,0.41952252951573,0.27781683439248367,0.7901620864868164,0.007899858988821507,0.4059767089993329
Traffic_violations,LightGBM,63306,7034,3,0.4109483416431224,0.27197970456261233,0.795706570148468,0.008341915905475616,0.4735110000001441
Traffic_violations,LinearModel,63306,7034,3,0.4155333802933335,0.2761921845162378,0.791015088558197,0.009682347998023033,0.4735115419998692
Traffic_violations,NeuralNetFastAI,63306,7034,3,0.4133706239760297,0.27555093942927955,0.7928632497787476,0.007285920903086662,0.39859487500052637
Traffic_violations,NeuralNetTorch,63306,7034,3,0.437913774903102,0.28881211602984497,0.7826272249221802,0.008541149087250233,0.5518402920006338
Traffic_violations,RandomForest,63306,7034,3,0.41134001853967106,0.2735390736214795,0.7922945618629456,0.013599264435470104,0.4008465419992717
Traffic_violations,XGBoost,63306,7034,3,0.40929751676175036,0.27290890705147514,0.7932897210121155,0.007970108650624752,0.40974862500024756
UMIST_Faces_Cropped,CatBoost,517,58,20,0.007218598440540125,0.0021528865308702854,1.0,0.006497486028820276,6.736498291999851
UMIST_Faces_Cropped,ExtraTrees,517,58,20,0.05175739630028828,0.03138849694442814,0.9655172228813171,0.02137339487671852,1.6966446249998626
UMIST_Faces_Cropped,LightGBM,517,58,20,0.3042975007765421,0.06664207748117026,0.9655172228813171,0.03307652473449707,1.8953753750001852
UMIST_Faces_Cropped,LinearModel,517,58,20,0.11945509116285968,0.0565800559068863,0.9655172228813171,0.026890195906162262,2.102641749999748
UMIST_Faces_Cropped,NeuralNetFastAI,517,58,20,0.11372087163972955,0.030907645843721843,0.982758641242981,0.016620999202132225,1.8703921670003183
UMIST_Faces_Cropped,NeuralNetTorch,517,58,20,0.17334557229936592,0.03796540965070101,0.982758641242981,0.024662790820002556,1.6720059579993176
UMIST_Faces_Cropped,RandomForest,517,58,20,0.0830108678498482,0.04721343607335417,0.9655172228813171,0.028109658509492874,1.4677155829995172
UMIST_Faces_Cropped,XGBoost,517,58,20,0.2137619777022615,0.06964867040818762,0.9655172228813171,0.04436880350112915,1.485012082999674
analcatdata_authorship,CatBoost,756,85,4,0.09971821322428769,0.05078811879695693,0.9647058844566345,0.02770456299185753,4.793991583999741
analcatdata_authorship,ExtraTrees,756,85,4,0.0766201642219428,0.039312257839064696,0.9647058844566345,0.02902315743267536,0.4250402080006097
analcatdata_authorship,LightGBM,756,85,4,0.5581530367329489,0.031181488877468473,0.9764705896377563,0.018275663256645203,0.6219872080000641
analcatdata_authorship,LinearModel,756,85,4,0.14543273312312457,0.02352983402424886,0.9882352948188782,0.011134803295135498,0.5575404170003821
analcatdata_authorship,NeuralNetFastAI,756,85,4,0.14077252454599523,0.08348731419550995,0.9529411792755127,0.04567854851484299,0.5572543340003904
analcatdata_authorship,NeuralNetTorch,756,85,4,0.1442545886876339,0.08478096755262886,0.9529411792755127,0.046532802283763885,0.7772915410005226
analcatdata_authorship,RandomForest,756,85,4,0.09045155406786684,0.04534146244423831,0.9764705896377563,0.04318004474043846,0.40736404200015386
analcatdata_authorship,XGBoost,756,85,4,0.028347361180661244,0.01846121038167934,0.9882352948188782,0.01674383319914341,0.8307694159993844
analcatdata_dmft,CatBoost,717,80,6,1.7450903792684875,0.819230145519483,0.22499999403953552,0.009125562384724617,5.766206499999498
analcatdata_dmft,ExtraTrees,717,80,6,1.7409308065451623,0.8166861981631168,0.1875,0.04339005798101425,0.22022350000042934
analcatdata_dmft,LightGBM,717,80,6,1.7207059165108263,0.8117611561105484,0.22499999403953552,0.08993188291788101,0.18303495799955272
analcatdata_dmft,LinearModel,717,80,6,1.7419685679372088,0.8176693968218061,0.23749999701976776,0.05954825133085251,0.2213806250001653
analcatdata_dmft,NeuralNetFastAI,717,80,6,1.7438100256698312,0.8178811972884261,0.22499999403953552,0.025406956672668457,0.4736816249996991
analcatdata_dmft,NeuralNetTorch,717,80,6,1.7218553478911407,0.810814598790379,0.23749999701976776,0.0180981308221817,0.2048697499994887
analcatdata_dmft,RandomForest,717,80,6,1.7470015353953596,0.819983592788228,0.21250000596046448,0.01426797453314066,0.20633033299964154
analcatdata_dmft,XGBoost,717,80,6,1.7449607817912178,0.8175863207624043,0.22499999403953552,0.05130678415298462,0.15817370800050412
artificial-characters,CatBoost,9196,1022,10,0.1713818201922769,0.07344557917000442,0.9589040875434875,0.04578090086579323,3.3793348749995857
artificial-characters,ExtraTrees,9196,1022,10,0.21092934320119733,0.08430041400610697,0.9540117383003235,0.030226485803723335,1.2449795830007133
artificial-characters,LightGBM,9196,1022,10,0.1437930543778227,0.06030794863889126,0.9618395566940308,0.04478517174720764,1.616706124999837
artificial-characters,LinearModel,9196,1022,10,1.6573299679251323,0.7413036374902625,0.3414872884750366,0.05040154233574867,1.1463529169996036
artificial-characters,NeuralNetFastAI,9196,1022,10,0.5981584089993082,0.3582708430987706,0.7074363827705383,0.053049083799123764,1.0772261669999352
artificial-characters,NeuralNetTorch,9196,1022,10,0.5870547207460051,0.3478702738415157,0.7191780805587769,0.04110584408044815,0.8937027499996475
artificial-characters,RandomForest,9196,1022,10,0.22496557624894536,0.08417609307665706,0.9559686779975891,0.0418044738471508,1.516788916999758
artificial-characters,XGBoost,9196,1022,10,0.16109400914212074,0.0692041312000188,0.9618395566940308,0.051263369619846344,1.4032346670001061
autoUniv-au6-750,CatBoost,675,75,8,1.9526794653795718,0.8335066130418322,0.2133333384990692,0.11233538389205933,2.2165879169997424
autoUniv-au6-750,ExtraTrees,675,75,8,1.9426792078317392,0.8306514876305879,0.2800000011920929,0.14751972258090973,0.23016912500042963
autoUniv-au6-750,LightGBM,675,75,8,1.8497619807660317,0.7970971478574881,0.3466666638851166,0.08311735838651657,0.219206208000287
autoUniv-au6-750,LinearModel,675,75,8,2.000033603370746,0.8530982171932057,0.20000000298023224,0.08111826330423355,0.26817591700000776
autoUniv-au6-750,NeuralNetFastAI,675,75,8,1.9900483274805736,0.8518608392346083,0.23999999463558197,0.0907464474439621,0.21471241699964594
autoUniv-au6-750,NeuralNetTorch,675,75,8,1.992375089155997,0.8523329554588776,0.20000000298023224,0.02322324365377426,0.21703824999985954
autoUniv-au6-750,RandomForest,675,75,8,1.7971566822346354,0.7697621341964995,0.36000001430511475,0.1734316647052765,0.21896729200034315
autoUniv-au6-750,XGBoost,675,75,8,1.920075043760664,0.8167811975063892,0.30666667222976685,0.07043251395225525,0.2717267919997539
autoUniv-au7-1100,CatBoost,990,110,5,1.4246228079241798,0.735835310212849,0.41818180680274963,0.13240350782871246,4.509662166000453
autoUniv-au7-1100,ExtraTrees,990,110,5,1.4702204572000535,0.7529412003978865,0.41818180680274963,0.16997098922729492,0.21889875000033499
autoUniv-au7-1100,LightGBM,990,110,5,1.4339902236498705,0.7380293337053468,0.3909091055393219,0.09015808999538422,0.2608247090001896
autoUniv-au7-1100,LinearModel,990,110,5,1.5310166797732203,0.773179425953897,0.34545454382896423,0.09565267711877823,0.22410545899947465
autoUniv-au7-1100,NeuralNetFastAI,990,110,5,1.4455373923989285,0.7447184588907273,0.3636363744735718,0.07093589007854462,0.23699541699988913
autoUniv-au7-1100,NeuralNetTorch,990,110,5,1.4170455647806057,0.7292908497459996,0.3909091055393219,0.08031269907951355,0.2144090829997367
autoUniv-au7-1100,RandomForest,990,110,5,1.4128991674456157,0.7145164160733046,0.4272727370262146,0.1026289314031601,0.2054189589998714
autoUniv-au7-1100,XGBoost,990,110,5,1.4051976921058262,0.7239789133982945,0.38181817531585693,0.11986041814088821,0.2652969579994533
autoUniv-au7-700,CatBoost,630,70,3,0.944883057296075,0.5689637939202538,0.4285714328289032,0.13427512347698212,3.6445592079999187
autoUniv-au7-700,ExtraTrees,630,70,3,0.9360182005189537,0.5635786665006831,0.4571428596973419,0.09606759250164032,0.2078190000001996
autoUniv-au7-700,LightGBM,630,70,3,0.8830167259852484,0.528432679507339,0.5142857432365417,0.1620347797870636,0.20447137500013923
autoUniv-au7-700,LinearModel,630,70,3,1.1081316643077974,0.6732040926016987,0.4000000059604645,0.09597153961658478,0.20518937499946333
autoUniv-au7-700,NeuralNetFastAI,630,70,3,1.030177857928854,0.6202975696224716,0.48571428656578064,0.0926898941397667,0.20351974999994127
autoUniv-au7-700,NeuralNetTorch,630,70,3,1.0343445793909232,0.6266177819603616,0.4571428596973419,0.08158892393112183,0.15047491600034846
autoUniv-au7-700,RandomForest,630,70,3,0.8797152375885479,0.5360180699142796,0.5142857432365417,0.1428034007549286,0.19586095799968462
autoUniv-au7-700,XGBoost,630,70,3,0.9007051515684913,0.5355655344724115,0.5142857432365417,0.16392679512500763,0.20670104199962225
balance-scale,CatBoost,562,63,3,0.02840808801282275,0.009936103902873906,1.0,0.02476591244339943,2.2262132500000007
balance-scale,ExtraTrees,562,63,3,0.13924865338266448,0.07957483585387623,0.9365079402923584,0.05569829046726227,0.6121031249995212
balance-scale,LightGBM,562,63,3,0.05628824193383994,0.03126626302549034,0.9841269850730896,0.022467292845249176,0.3958998750003957
balance-scale,LinearModel,562,63,3,0.15029372590411336,0.07877692919193414,0.9523809552192688,0.04462822526693344,0.3428992910003217
balance-scale,NeuralNetFastAI,562,63,3,0.015364245115574967,0.00522352543191617,1.0,0.013445685617625713,0.2907526249991861
balance-scale,NeuralNetTorch,562,63,3,0.0060114144103898025,0.0014891359543247585,1.0,0.005569217726588249,0.29222520800067286
balance-scale,RandomForest,562,63,3,0.15506248196628888,0.08639218043850798,0.9365079402923584,0.05426045507192612,0.49358612499963783
balance-scale,XGBoost,562,63,3,0.028959258493789258,0.010031594525248662,1.0,0.025574790313839912,0.47153458400043746
baseball,CatBoost,1206,134,3,0.1348832852861035,0.07186775662163972,0.9552238583564758,0.033722225576639175,2.2314422090003063
baseball,ExtraTrees,1206,134,3,0.13705536966320958,0.07523042439978618,0.9477611780166626,0.02904273010790348,0.2183310000000347
baseball,LightGBM,1206,134,3,0.13267007161054645,0.0733947105730709,0.9552238583564758,0.039712850004434586,0.21242154199990182
baseball,LinearModel,1206,134,3,0.12648524109600542,0.0670374462724681,0.9552238583564758,0.03882964700460434,0.24619012500079407
baseball,NeuralNetFastAI,1206,134,3,0.12510121190502752,0.0725544008666526,0.9477611780166626,0.03614800050854683,0.2528024590001223
baseball,NeuralNetTorch,1206,134,3,0.1334949061376149,0.07324500375274356,0.9477611780166626,0.020989952608942986,0.23155020800004422
baseball,RandomForest,1206,134,3,0.14251858149516128,0.07594399493744078,0.9477611780166626,0.03907949477434158,0.24321608399986872
baseball,XGBoost,1206,134,3,0.13468964539707756,0.07136687624036187,0.9552238583564758,0.04284518584609032,0.20928245799950673
car,CatBoost,1555,173,4,0.0033128478283323396,0.0012132926934496342,1.0,0.0029525794088840485,2.620968707999964
car,ExtraTrees,1555,173,4,0.027767820738096336,0.011963587473833217,0.9942196607589722,0.009506125003099442,0.34178133299974434
car,LightGBM,1555,173,4,0.0001258036830546123,4.159374570524802e-07,1.0,0.00012552738189697266,0.6205649160001485
car,LinearModel,1555,173,4,0.1309701230729639,0.08174453939425491,0.9248554706573486,0.03549322485923767,0.3849657920000027
car,NeuralNetFastAI,1555,173,4,0.0006940848986459811,5.669980435644488e-05,1.0,0.000679385440889746,0.6272574580007131
car,NeuralNetTorch,1555,173,4,0.00018508592148720645,6.551077316563691e-07,1.0,0.00018453598022460938,0.6460019170008309
car,RandomForest,1555,173,4,0.054760517604806214,0.028878241436718376,0.9826589822769165,0.01703987643122673,0.30530849999922793
car,XGBoost,1555,173,4,0.0008884217687135588,7.143727531867374e-05,1.0,0.0008697775192558765,0.44622475000051054
cardiotocography,CatBoost,1913,213,10,0.00011481944004942211,6.298170855437982e-08,1.0,0.00011557340621948242,3.117618790999586
cardiotocography,ExtraTrees,1913,213,10,7.003138328358199e-05,1.6041853253772532e-08,1.0,7.158517837524414e-05,1.0148157500007073
cardiotocography,LightGBM,1913,213,10,8.464931219030148e-05,2.5734780784714266e-08,1.0,8.52346420288086e-05,0.9330209169993395
cardiotocography,LinearModel,1913,213,10,8.132797334466831e-05,3.2995283508061214e-08,1.0,8.219480514526367e-05,0.9245180420002725
cardiotocography,NeuralNetFastAI,1913,213,10,0.00010517748570275399,4.929780741074749e-07,1.0,0.00010657310485839844,0.8600695840004846
cardiotocography,NeuralNetTorch,1913,213,10,7.056240409498183e-05,1.6530244152493725e-08,1.0,7.212162017822266e-05,0.8551596659999632
cardiotocography,RandomForest,1913,213,10,6.740600544333462e-05,1.4105938709816509e-08,1.0,6.842613220214844e-05,0.9408470830003353
cardiotocography,XGBoost,1913,213,10,0.00022039715201765023,2.058796178196409e-07,1.0,0.00022149085998535156,0.9981277910001154
cmc,CatBoost,1325,148,3,0.8350530328103252,0.49531732579721727,0.5945945978164673,0.08725269138813019,2.0614618339996014
cmc,ExtraTrees,1325,148,3,0.8555705138219423,0.5065506523501169,0.5945945978164673,0.06267515569925308,0.19529979199978698
cmc,LightGBM,1325,148,3,0.876355848957105,0.5213908337655974,0.5743243098258972,0.07111053913831711,0.19312575000003562
cmc,LinearModel,1325,148,3,0.8658302874452101,0.520319718799281,0.6081081032752991,0.08520034700632095,0.1557654159996673
cmc,NeuralNetFastAI,1325,148,3,0.8426619723021073,0.5013365000730037,0.5810810923576355,0.06267035752534866,0.48675175000062154
cmc,NeuralNetTorch,1325,148,3,0.8524707162098053,0.50549597459807,0.6486486196517944,0.12490665912628174,0.14970062500015047
cmc,RandomForest,1325,148,3,0.8471138083201716,0.5047370055245763,0.5743243098258972,0.07627739757299423,0.1514121250002063
cmc,XGBoost,1325,148,3,0.8472969873911462,0.5013715770447759,0.5810810923576355,0.07243234664201736,0.2019422499997745
cnae-9,CatBoost,972,108,9,0.22523206810817276,0.08115474402709912,0.9537037014961243,0.04801957309246063,5.182355957999789
cnae-9,ExtraTrees,972,108,9,0.22239428753596055,0.08584839849640247,0.9444444179534912,0.04462842270731926,0.6323182500000257
cnae-9,LightGBM,972,108,9,0.1610402414375301,0.049319904046207334,0.9722222089767456,0.03193163499236107,0.6611594160003733
cnae-9,LinearModel,972,108,9,0.14861496291767004,0.05752619640739588,0.9444444179534912,0.04708102345466614,0.5940284999996948
cnae-9,NeuralNetFastAI,972,108,9,0.1299240996730888,0.052096739210736244,0.9629629850387573,0.035907503217458725,0.4532070420000309
cnae-9,NeuralNetTorch,972,108,9,0.12903221752850827,0.05568938734181607,0.9722222089767456,0.0394679456949234,0.5947146250000515
cnae-9,RandomForest,972,108,9,0.22566398598029616,0.08507479847502415,0.9351851940155029,0.053946055471897125,0.6809857909993298
cnae-9,XGBoost,972,108,9,0.19305160842894298,0.08158783357990701,0.9351851940155029,0.0441683754324913,0.4799357920001057
collins,CatBoost,900,100,30,2.0219647098480427,0.8003131451839098,0.3100000023841858,0.10758815705776215,10.222851624999748
collins,ExtraTrees,900,100,30,2.419642515680871,0.9016173080486931,0.2199999988079071,0.16143888235092163,6.625745583000025
collins,LightGBM,900,100,30,2.140684778599657,0.8423801398312927,0.2800000011920929,0.11611920595169067,7.318023874999199
collins,LinearModel,900,100,30,2.3048813025765145,0.8731391947429895,0.27000001072883606,0.16406892240047455,17.858586084000308
collins,NeuralNetFastAI,900,100,30,2.1136118786794484,0.816341868397402,0.25999999046325684,0.11093052476644516,4.565643249999994
collins,NeuralNetTorch,900,100,30,2.008505486107511,0.7942508017888139,0.30000001192092896,0.12423601746559143,3.3772610830001213
collins,RandomForest,900,100,30,2.491947731067202,0.9311917343993585,0.20000000298023224,0.1882699728012085,6.676118874999702
collins,XGBoost,900,100,30,2.2921716252962354,0.8707687201352284,0.27000001072883606,0.12092821300029755,3.8487869169994156
connect-4,CatBoost,60801,6756,3,0.31385752472687345,0.17568615101547314,0.8777382969856262,0.014140760526061058,2.5098671249998006
connect-4,ExtraTrees,60801,6756,3,0.4478607530177258,0.24953449404238154,0.8220840692520142,0.00800309143960476,0.43424066599982325
connect-4,LightGBM,60801,6756,3,0.31457838422621254,0.1758352470317218,0.874333918094635,0.014287957921624184,0.4171870829995896
connect-4,LinearModel,60801,6756,3,0.5916775795735517,0.3344200396947978,0.7587329745292664,0.011488288640975952,0.344656125000256
connect-4,NeuralNetFastAI,60801,6756,3,0.2990666975256986,0.16714340880005288,0.8839550018310547,0.019991695880889893,0.33471608299987565
connect-4,NeuralNetTorch,60801,6756,3,0.3143843086490508,0.1755199541823673,0.8787744045257568,0.025253474712371826,0.3417064579998623
connect-4,RandomForest,60801,6756,3,0.46738313821663585,0.25953939516088553,0.8161634206771851,0.008132603019475937,0.4042855839998083
connect-4,XGBoost,60801,6756,3,0.31553742991307426,0.17675864443139386,0.8728537559509277,0.013218480162322521,0.41131333300018014
dilbert,CatBoost,9000,1000,5,0.04503707269844452,0.02207065615734735,0.9869999885559082,0.007101165130734444,2.6168439159991976
dilbert,ExtraTrees,9000,1000,5,0.08429457398465004,0.04091334718617039,0.9750000238418579,0.017140887677669525,0.5261082079996413
dilbert,LightGBM,9000,1000,5,0.026418630900929007,0.010869387339235804,0.9919999837875366,0.006295010447502136,0.4378977919996032
dilbert,LinearModel,9000,1000,5,0.1640635903574676,0.08998363012268873,0.9430000185966492,0.02259857952594757,0.3622115410007609
dilbert,NeuralNetFastAI,9000,1000,5,0.03691083700828065,0.019041055703565186,0.9869999885559082,0.009531507268548012,0.4195951250003418
dilbert,NeuralNetTorch,9000,1000,5,0.030827823874980377,0.014240940801577746,0.9909999966621399,0.014081604778766632,0.42355304200009414
dilbert,RandomForest,9000,1000,5,0.12806200552731573,0.0660105455535914,0.953000009059906,0.016324937343597412,0.4272153749998324
dilbert,XGBoost,9000,1000,5,0.03921445961332577,0.018447814617977655,0.9890000224113464,0.005793064367026091,0.36188549999951647
dna,CatBoost,2867,319,3,0.12030816533331437,0.06259628704444961,0.9655172228813171,0.02549443207681179,2.2099611249996087
dna,ExtraTrees,2867,319,3,0.15683666491785908,0.08155702017950858,0.9467084407806396,0.035592611879110336,0.25583075000031386
dna,LightGBM,2867,319,3,0.11932652675663662,0.06257259999336158,0.9561128616333008,0.018382763490080833,0.20903220799937117
dna,LinearModel,2867,319,3,0.2294347445857745,0.1245448324086037,0.92476487159729,0.04451952874660492,0.3083337919997575
dna,NeuralNetFastAI,2867,319,3,0.15600663924041624,0.0819456887743162,0.9435736536979675,0.026808036491274834,0.2955664169994634
dna,NeuralNetTorch,2867,319,3,0.15733818164645125,0.08004481872314499,0.9467084407806396,0.02243354730308056,0.21059325000078388
dna,RandomForest,2867,319,3,0.1698998297839763,0.09085119139369095,0.9404388666152954,0.02250656858086586,0.25161991599998146
dna,XGBoost,2867,319,3,0.1209469889840991,0.06148736675413094,0.9592476487159729,0.01905541494488716,0.1980401669998173
eucalyptus,CatBoost,662,74,5,0.6619818948499651,0.4023618179793675,0.7027027010917664,0.0756087601184845,2.5224414169997544
eucalyptus,ExtraTrees,662,74,5,0.6190884226478319,0.3648992964623273,0.7027027010917664,0.0900861993432045,0.30002020899974013
eucalyptus,LightGBM,662,74,5,0.6089188515780041,0.3554831181302028,0.7432432174682617,0.10134658217430115,0.2548026670001491
eucalyptus,LinearModel,662,74,5,0.7317752596595682,0.4434400300390475,0.6351351141929626,0.07617218792438507,0.4129341670004578
eucalyptus,NeuralNetFastAI,662,74,5,0.640368068877541,0.4031716610690539,0.6891891956329346,0.0667632445693016,0.2952986250002141
eucalyptus,NeuralNetTorch,662,74,5,0.6681462707941523,0.4226065077912426,0.6486486196517944,0.08013015985488892,0.5741223329996501
eucalyptus,RandomForest,662,74,5,0.6731685381581042,0.3931337098879304,0.6756756901741028,0.08317101746797562,0.29509479199987254
eucalyptus,XGBoost,662,74,5,0.6765148159037032,0.3990578148157974,0.7162162065505981,0.06089034676551819,0.2924827920005555
eye_movements,CatBoost,9842,1094,3,0.5944146851436901,0.35170375685810606,0.7385740280151367,0.038267381489276886,2.566605874999368
eye_movements,ExtraTrees,9842,1094,3,0.5467666090987706,0.31885799761151257,0.7769652605056763,0.03568696230649948,0.302622084000177
eye_movements,LightGBM,9842,1094,3,0.48592334730331643,0.2784776642071079,0.809872031211853,0.037020668387413025,0.28922316699936346
eye_movements,LinearModel,9842,1094,3,0.9167698163123033,0.5635093544091417,0.5091407895088196,0.028198443353176117,0.19049770899982832
eye_movements,NeuralNetFastAI,9842,1094,3,0.7195788126445352,0.4327192416373673,0.6709323525428772,0.04538237303495407,0.2428070830001161
eye_movements,NeuralNetTorch,9842,1094,3,0.6944607942516698,0.41693386951637473,0.6910420656204224,0.06644675880670547,0.23675208299937367
eye_movements,RandomForest,9842,1094,3,0.6612280088878334,0.38216620693859416,0.7184643745422363,0.03904270753264427,0.311255374999746
eye_movements,XGBoost,9842,1094,3,0.5453467933841228,0.31802674974410444,0.7696526646614075,0.03525973856449127,0.25085424999997485
fabert,CatBoost,7413,824,7,0.703032595612533,0.3515421596432908,0.7305825352668762,0.0430966392159462,6.646447666999848
fabert,ExtraTrees,7413,824,7,0.7369122194986708,0.3697261282393182,0.7111650705337524,0.040315791964530945,0.42207445799976995
fabert,LightGBM,7413,824,7,0.6938077822527959,0.35281457748625256,0.7220873832702637,0.053655948489904404,0.4160025830005907
fabert,LinearModel,7413,824,7,0.9797021490547,0.47941273308471855,0.6286407709121704,0.06548525393009186,0.667662083000323
fabert,NeuralNetFastAI,7413,824,7,0.7725410346704932,0.38344001225276714,0.707524299621582,0.04207281768321991,0.5792962919995261
fabert,NeuralNetTorch,7413,824,7,0.8443408791715711,0.4168483563896322,0.6953883767127991,0.07976774871349335,0.6340378329996383
fabert,RandomForest,7413,824,7,0.7741436563420762,0.3810154703981129,0.7063106894493103,0.03655841201543808,0.47498737499972776
fabert,XGBoost,7413,824,7,0.7191548966063471,0.3541020861316221,0.731796145439148,0.04830988869071007,0.4498416249998627
first-order-theorem-proving,CatBoost,5506,612,6,1.0376966762954443,0.5048799397152972,0.6258170008659363,0.056439485400915146,6.555366915999912
first-order-theorem-proving,ExtraTrees,5506,612,6,1.0588476376299265,0.5123606245152792,0.601307213306427,0.03277336061000824,0.2538091249998615
first-order-theorem-proving,LightGBM,5506,612,6,1.0507775204391476,0.5099120254855924,0.6111111044883728,0.042445939034223557,0.2383087499993053
first-order-theorem-proving,LinearModel,5506,612,6,1.3725204924049468,0.645062287620685,0.48366013169288635,0.06266336143016815,0.2980423750004775
first-order-theorem-proving,NeuralNetFastAI,5506,612,6,1.1545809671522487,0.5558972444105005,0.5751634240150452,0.06178707629442215,0.24153670800023974
first-order-theorem-proving,NeuralNetTorch,5506,612,6,1.1180072707241313,0.5405005825200007,0.5702614188194275,0.04217027500271797,0.24828925000019808
first-order-theorem-proving,RandomForest,5506,612,6,1.053632745152307,0.5096518799751454,0.6143791079521179,0.03489343822002411,0.23804262500016193
first-order-theorem-proving,XGBoost,5506,612,6,1.0390545815325725,0.5040165155119046,0.6241829991340637,0.04434829205274582,0.23789633300020796
har,CatBoost,9269,1030,6,0.008065190657160978,0.004341441614486932,0.9961165189743042,0.004322431981563568,3.4084342919995834
har,ExtraTrees,9269,1030,6,0.031071627550644937,0.017635894922426558,0.9873786568641663,0.010765360668301582,0.7208051249999698
har,LightGBM,9269,1030,6,0.0046082054366600594,0.0020990833696627608,0.9990290999412537,0.0024500496219843626,0.9495892089998961
har,LinearModel,9269,1030,6,0.028023443479233145,0.01565217469275915,0.9893203973770142,0.007067330647259951,0.579114875000414
har,NeuralNetFastAI,9269,1030,6,0.014048733443231454,0.006854868556370045,0.9970873594284058,0.007731158751994371,0.655345166999723
har,NeuralNetTorch,9269,1030,6,0.013302881554411169,0.007141708486508206,0.9951456189155579,0.0046262252144515514,0.5815517920000275
har,RandomForest,9269,1030,6,0.051642458986478096,0.02885341365597663,0.9805825352668762,0.005858869291841984,0.6923323750006602
har,XGBoost,9269,1030,6,0.009671400392689898,0.005182839265984471,0.9970873594284058,0.004264985676854849,0.5805463750002673
isolet,CatBoost,7017,780,26,0.1286690317561235,0.06907669238078204,0.9512820243835449,0.013428634032607079,30.23378754100031
isolet,ExtraTrees,7017,780,26,0.2142533532954891,0.09219600708734231,0.9384615421295166,0.011326096020638943,28.174544458999662
isolet,LightGBM,7017,780,26,0.12432069274917223,0.05028253112125447,0.9666666388511658,0.010948358103632927,24.994063915999504
isolet,LinearModel,7017,780,26,0.14834645267020896,0.061888536032746654,0.9653846025466919,0.009852583520114422,25.05811166700005
isolet,NeuralNetFastAI,7017,780,26,0.08610885519226347,0.04344942240555316,0.9679487347602844,0.010711121372878551,22.639634791999924
isolet,NeuralNetTorch,7017,780,26,0.13556665066214296,0.058232492801051576,0.9705128073692322,0.019128352403640747,21.286911292001605
isolet,RandomForest,7017,780,26,0.26138575739694087,0.11610818202072606,0.9256410002708435,0.018910977989435196,18.87563762499849
isolet,XGBoost,7017,780,26,0.13329050852621643,0.06403157236461984,0.9538461565971375,0.0109760332852602,18.637153957999544
jungle_chess_2pcs_raw_endgame_complete,CatBoost,40337,4482,3,0.24751740116671644,0.16339806963552067,0.8623382449150085,0.038870442658662796,3.3282849580009497
jungle_chess_2pcs_raw_endgame_complete,ExtraTrees,40337,4482,3,0.28812939149229844,0.18650011829802715,0.8255243301391602,0.05871226266026497,0.25698745800036704
jungle_chess_2pcs_raw_endgame_complete,LightGBM,40337,4482,3,0.21365988579966114,0.14239675627024242,0.8663542866706848,0.04749515652656555,0.25210745799995493
jungle_chess_2pcs_raw_endgame_complete,LinearModel,40337,4482,3,0.7253299920615361,0.43022392608368565,0.6807228922843933,0.017246417701244354,0.2567022500006715
jungle_chess_2pcs_raw_endgame_complete,NeuralNetFastAI,40337,4482,3,0.15511196614300157,0.10396379328497318,0.9065149426460266,0.017626557499170303,0.31501345800097624
jungle_chess_2pcs_raw_endgame_complete,NeuralNetTorch,40337,4482,3,0.045398114219938966,0.0253617729006349,0.9843819737434387,0.016972940415143967,0.3160074170009466
jungle_chess_2pcs_raw_endgame_complete,RandomForest,40337,4482,3,0.2949373750624458,0.1900766671460959,0.8206157684326172,0.054805874824523926,0.20062358299946936
jungle_chess_2pcs_raw_endgame_complete,XGBoost,40337,4482,3,0.2060674590117262,0.13742660038581028,0.879964292049408,0.03246428444981575,0.3148452500008716
kr-vs-k,CatBoost,25250,2806,18,0.23658195754317105,0.118044736275199,0.9269422888755798,0.030210211873054504,36.263316208000106
kr-vs-k,ExtraTrees,25250,2806,18,0.3913510187942738,0.1702472685700716,0.8909479975700378,0.053970176726579666,31.106752874999074
kr-vs-k,LightGBM,25250,2806,18,0.22565983926248404,0.11398162595037725,0.9265859127044678,0.03776826709508896,34.975337291998585
kr-vs-k,LinearModel,25250,2806,18,1.772514240242446,0.7716409854279059,0.3677833080291748,0.034464843571186066,21.367997958999695
kr-vs-k,NeuralNetFastAI,25250,2806,18,0.283351205170395,0.15473661698569155,0.8923735022544861,0.037650130689144135,27.298681415999454
kr-vs-k,NeuralNetTorch,25250,2806,18,0.21144093037973577,0.11336785936351348,0.9258731007575989,0.045147042721509933,25.85534241700043
kr-vs-k,RandomForest,25250,2806,18,0.39963434737354814,0.17139496862759426,0.8923735022544861,0.05899742618203163,34.70632745900002
kr-vs-k,XGBoost,25250,2806,18,0.20851072504401483,0.1067459856785575,0.935139000415802,0.030963122844696045,30.52430262499911
led24,CatBoost,2880,320,10,0.8117597384683315,0.3987813391682864,0.7124999761581421,0.0628359466791153,6.8369879580004635
led24,ExtraTrees,2880,320,10,0.8218635807540977,0.4049885045508865,0.71875,0.09941372275352478,0.39432966700042016
led24,LightGBM,2880,320,10,0.820430559298492,0.4022300960041667,0.7124999761581421,0.07279086112976074,0.39977708399965195
led24,LinearModel,2880,320,10,0.8030828820980531,0.39619804462726016,0.7093750238418579,0.07611826062202454,0.32573158299965144
led24,NeuralNetFastAI,2880,320,10,0.8024502054826345,0.38984335393279146,0.7124999761581421,0.06472847610712051,0.3953212079995865
led24,NeuralNetTorch,2880,320,10,0.7970188899569043,0.3911796918330809,0.7093750238418579,0.06576737761497498,0.39807633300006273
led24,RandomForest,2880,320,10,0.803896696202034,0.3965343818087854,0.715624988079071,0.0779203325510025,0.39680391699948814
led24,XGBoost,2880,320,10,0.8133441831230902,0.39869587403066,0.703125,0.07056426256895065,0.3990615419988899
letter,CatBoost,18000,2000,26,0.06755247018831764,0.032997298306214735,0.9779999852180481,0.006198004353791475,110.09891425000023
letter,ExtraTrees,18000,2000,26,0.10803337617393859,0.04972078145564163,0.9700000286102295,0.01356909703463316,94.3198133750011
letter,LightGBM,18000,2000,26,0.06787797399035293,0.031491205924221694,0.9800000190734863,0.010292054153978825,110.5594873329992
letter,LinearModel,18000,2000,26,0.6661832580886651,0.2652002625999984,0.8144999742507935,0.05440308153629303,116.8602044170002
letter,NeuralNetFastAI,18000,2000,26,0.04848765522551096,0.02284703028146871,0.9850000143051147,0.009044774807989597,127.58992637499978
letter,NeuralNetTorch,18000,2000,26,0.04661631768838715,0.02287560827736184,0.9850000143051147,0.0071684871800243855,101.11450033299843
letter,RandomForest,18000,2000,26,0.13856059415810532,0.06054536870634509,0.9610000252723694,0.013688741251826286,95.66703187500025
letter,XGBoost,18000,2000,26,0.07624712981909755,0.03503032569510689,0.9769999980926514,0.0065500447526574135,101.92295791600009
mfeat-factors,CatBoost,1800,200,10,0.10042650139680041,0.042814072144739625,0.9800000190734863,0.020353034138679504,4.191782082998543
mfeat-factors,ExtraTrees,1800,200,10,0.10578338889124975,0.04819801656809419,0.9750000238418579,0.024723902344703674,0.5754119579996768
mfeat-factors,LightGBM,1800,200,10,0.08723139661182117,0.03985593499710488,0.9750000238418579,0.01719670742750168,0.5953509589999157
mfeat-factors,LinearModel,1800,200,10,0.06307270628351326,0.03241566560973675,0.9800000190734863,0.0177224799990654,0.5878387919983652
mfeat-factors,NeuralNetFastAI,1800,200,10,0.05611883076971826,0.02792340200580085,0.9800000190734863,0.017119036987423897,0.5140126250007597
mfeat-factors,NeuralNetTorch,1800,200,10,0.07646576151838358,0.029826883408385553,0.9800000190734863,0.017369801178574562,0.5681106669999281
mfeat-factors,RandomForest,1800,200,10,0.11277660924621173,0.05819773768486028,0.9649999737739563,0.035753823816776276,0.5172432500003197
mfeat-factors,XGBoost,1800,200,10,0.08758360281381462,0.039976724322227035,0.9800000190734863,0.022307755425572395,0.43778533400109154
micro-mass,CatBoost,513,58,20,0.14866476721955368,0.0756515054918248,0.9655172228813171,0.0671146959066391,9.32171045799987
micro-mass,ExtraTrees,513,58,20,0.7113261720586846,0.20769221954663764,0.8793103694915771,0.08559903502464294,1.706355333000829
micro-mass,LightGBM,513,58,20,0.2436103743110961,0.12107919681905088,0.931034505367279,0.07022301852703094,1.6856157500005793
micro-mass,LinearModel,513,58,20,0.14561119806249653,0.09229119063966829,0.931034505367279,0.0698140561580658,1.8101418750011362
micro-mass,NeuralNetFastAI,513,58,20,0.3192038835624885,0.16922876759260755,0.8448275923728943,0.08180175721645355,2.0627430000004097
micro-mass,NeuralNetTorch,513,58,20,0.26731147193514093,0.0878991300101178,0.9482758641242981,0.051234036684036255,1.6914687089993095
micro-mass,RandomForest,513,58,20,1.0799815124191792,0.30628271709131255,0.8103448152542114,0.1578039973974228,1.685014417000275
micro-mass,XGBoost,513,58,20,0.18749358089834603,0.10750407795165903,0.8965517282485962,0.07319654524326324,1.2067650409990165
microaggregation2,CatBoost,18000,2000,5,0.9069203402406524,0.4817403821551222,0.6380000114440918,0.02032889612019062,7.174711124998794
microaggregation2,ExtraTrees,18000,2000,5,0.9318407056139073,0.4917500926924477,0.6265000104904175,0.026377521455287933,0.3463802920014132
microaggregation2,LightGBM,18000,2000,5,0.8957702690032213,0.47754755963905293,0.6384999752044678,0.025080395862460136,0.7586660830002074
microaggregation2,LinearModel,18000,2000,5,1.0419093355851534,0.5521866287785645,0.5824999809265137,0.016547061502933502,0.25687233399912657
microaggregation2,NeuralNetFastAI,18000,2000,5,0.8594644472951088,0.45803873440805604,0.6520000100135803,0.01485140435397625,0.26940045799892687
microaggregation2,NeuralNetTorch,18000,2000,5,0.8732501856010636,0.46615245678059825,0.6460000276565552,0.027181558310985565,0.3502896249992773
microaggregation2,RandomForest,18000,2000,5,0.9359311764717938,0.49441376079440735,0.6315000057220459,0.020293569192290306,0.35506837499997346
microaggregation2,XGBoost,18000,2000,5,0.9017122468520521,0.4802073686380891,0.6309999823570251,0.017705710604786873,0.34902449999935925
okcupid-stem,CatBoost,45710,5079,3,0.5624732865283902,0.3358116924186823,0.7623547911643982,0.010848073288798332,5.591303666000385
okcupid-stem,ExtraTrees,45710,5079,3,0.5902036414472028,0.3549741198439179,0.7464067935943604,0.012964632362127304,0.22654350000084378
okcupid-stem,LightGBM,45710,5079,3,0.5653224619910273,0.33910172743548495,0.7572357058525085,0.012605711817741394,0.22671933299898228
okcupid-stem,LinearModel,45710,5079,3,0.575653117751028,0.3448134065121126,0.7548729777336121,0.012903153896331787,0.23734841599980427
okcupid-stem,NeuralNetFastAI,45710,5079,3,0.569565107755905,0.3417232257514529,0.758417010307312,0.015916194766759872,0.2345780420000665
okcupid-stem,NeuralNetTorch,45710,5079,3,0.5636292710412036,0.3372789455432744,0.7631423473358154,0.014116203412413597,0.22423254200111842
okcupid-stem,RandomForest,45710,5079,3,0.589092939179373,0.3543016838982868,0.7458161115646362,0.011964934878051281,0.22939329099972383
okcupid-stem,XGBoost,45710,5079,3,0.5654976839664461,0.33887545580009787,0.7594014406204224,0.01050907839089632,0.2260442080005305
optdigits,CatBoost,5058,562,10,0.04280676065711515,0.021928725292273465,0.9857650995254517,0.008507100865244865,4.272404999999708
optdigits,ExtraTrees,5058,562,10,0.05878846128126086,0.018959556894431125,0.9893238544464111,0.011679211631417274,1.1954562499995518
optdigits,LightGBM,5058,562,10,0.038780412740054115,0.018801704198297867,0.9857650995254517,0.008067150600254536,0.9675043750012264
optdigits,LinearModel,5058,562,10,0.08966353395851549,0.05092013709793635,0.9661921858787537,0.012915300205349922,0.9801355829986278
optdigits,NeuralNetFastAI,5058,562,10,0.039574144128792316,0.020525901447109234,0.9893238544464111,0.010669270530343056,0.8510116249999555
optdigits,NeuralNetTorch,5058,562,10,0.03493318931622909,0.016768123449809255,0.9911032319068909,0.01181698963046074,0.971187542001644
optdigits,RandomForest,5058,562,10,0.07694374961609017,0.038036322669551946,0.9733096361160278,0.008793504908680916,0.9706287080007314
optdigits,XGBoost,5058,562,10,0.05678036875819458,0.03235044204081361,0.9804270267486572,0.017475290223956108,0.8433684579995315
page-blocks,CatBoost,4925,548,5,0.08428555056333807,0.04086013813213123,0.974452555179596,0.00915154442191124,3.600042125000982
page-blocks,ExtraTrees,4925,548,5,0.11282977649262087,0.04297858002462645,0.9762773513793945,0.013661236502230167,0.2913810840000224
page-blocks,LightGBM,4925,548,5,0.08325244892093474,0.03929246791745818,0.974452555179596,0.012199429795145988,0.3362542499999108
page-blocks,LinearModel,4925,548,5,0.10215342297460243,0.04809420621723192,0.9671533107757568,0.0165567547082901,0.3927248749987484
page-blocks,NeuralNetFastAI,4925,548,5,0.09761197006017718,0.048224855812425076,0.9689781069755554,0.011030718684196472,0.28717270900051517
page-blocks,NeuralNetTorch,4925,548,5,0.08231948563583605,0.036541637162243144,0.9781022071838379,0.013243524357676506,0.39685745799943106
page-blocks,RandomForest,4925,548,5,0.09858862533458383,0.04241073041259849,0.9726277589797974,0.013231748715043068,0.343389333000232
page-blocks,XGBoost,4925,548,5,0.08109683567975433,0.03917165003506462,0.974452555179596,0.00878883060067892,0.35431812499882653
pendigits,CatBoost,9892,1100,10,0.010363297795565662,0.004496632059801568,0.9972727298736572,0.003937773406505585,4.900402458000826
pendigits,ExtraTrees,9892,1100,10,0.024497484622661537,0.010495553055778217,0.9936363697052002,0.007309269160032272,1.677983250001489
pendigits,LightGBM,9892,1100,10,0.019041167266944898,0.007843180080369036,0.9945454597473145,0.004087945446372032,1.4815696670011675
pendigits,LinearModel,9892,1100,10,0.1233337022341644,0.05767062803994024,0.9654545187950134,0.015619870275259018,1.8758965830002126
pendigits,NeuralNetFastAI,9892,1100,10,0.012177786147076174,0.0054138638776161105,0.9972727298736572,0.004131712485104799,1.5040808329995343
pendigits,NeuralNetTorch,9892,1100,10,0.008083294138992484,0.0035032766535852793,0.9981818199157715,0.004246607888489962,1.8526602090005326
pendigits,RandomForest,9892,1100,10,0.03697291429175515,0.018752297005219947,0.9881818294525146,0.0052799261175096035,1.492692874999193
pendigits,XGBoost,9892,1100,10,0.022010799327932193,0.009819766870443895,0.9945454597473145,0.007952946238219738,1.4874443330008944
robert,CatBoost,9000,1000,10,1.3045718492477976,0.5919113024453043,0.5540000200271606,0.043574098497629166,3.9530152910010656
robert,ExtraTrees,9000,1000,10,1.5277198525739992,0.6688361820521787,0.4729999899864197,0.06994934380054474,0.9055911670002388
robert,LightGBM,9000,1000,10,1.2470988775953558,0.5699548059271927,0.5640000104904175,0.04057370126247406,1.587396250000893
robert,LinearModel,9000,1000,10,1.7428685722168016,0.7588605180147422,0.37299999594688416,0.0758170410990715,1.4317220840002847
robert,NeuralNetFastAI,9000,1000,10,1.4825578194821158,0.6592894291839521,0.4779999852180481,0.04609139263629913,0.8914184999994177
robert,NeuralNetTorch,9000,1000,10,1.461223369812117,0.6476210398663483,0.48899999260902405,0.0477716289460659,0.7290489999995771
robert,RandomForest,9000,1000,10,1.5447604941955526,0.6741001339464816,0.47099998593330383,0.053911346942186356,0.8948249160002888
robert,XGBoost,9000,1000,10,1.3356317121864791,0.6051177119442457,0.5210000276565552,0.04654427617788315,0.892790125000829
satimage,CatBoost,5787,643,6,0.1985991632235665,0.11562110285929103,0.9160186648368835,0.022867821156978607,7.492563750000045
satimage,ExtraTrees,5787,643,6,0.19933372626231716,0.11324520756591991,0.920684278011322,0.03039385750889778,0.3500787079992733
satimage,LightGBM,5787,643,6,0.20285805819967678,0.11703932783246945,0.920684278011322,0.018596705049276352,0.4808218340003805
satimage,LinearModel,5787,643,6,0.3235770876255669,0.18411442247250637,0.861586332321167,0.02426476776599884,0.4048077919997013
satimage,NeuralNetFastAI,5787,643,6,0.18475051648350008,0.10885238696114356,0.9222394824028015,0.017010297626256943,0.41495345899966196
satimage,NeuralNetTorch,5787,643,6,0.192518742833991,0.11209211641926876,0.9222394824028015,0.03063960373401642,0.35974329200143984
satimage,RandomForest,5787,643,6,0.21162439259844992,0.12067896532994121,0.917573869228363,0.024838749319314957,0.3476742090006155
satimage,XGBoost,5787,643,6,0.20857910779023126,0.11504113497167219,0.9222394824028015,0.016552843153476715,0.3717537500015169
segment,CatBoost,2079,231,7,0.08498472372037953,0.033962662752517685,0.9826839566230774,0.017801707610487938,7.698832999998558
segment,ExtraTrees,2079,231,7,0.10758263674356866,0.030325660563185232,0.9826839566230774,0.023203980177640915,0.5584087079987512
segment,LightGBM,2079,231,7,0.09686751127693259,0.03603952415300443,0.9783549904823303,0.018304888159036636,0.7469864590002544
segment,LinearModel,2079,231,7,0.10665670578516859,0.04344526782836351,0.9783549904823303,0.02506013587117195,0.8401824590000615
segment,NeuralNetFastAI,2079,231,7,0.08811616370737377,0.050598346787137,0.9740259647369385,0.030237184837460518,0.984991291001279
segment,NeuralNetTorch,2079,231,7,0.07249431562651044,0.03420376447875954,0.9870129823684692,0.030469756573438644,0.6367710419999639
segment,RandomForest,2079,231,7,0.10830923085926808,0.031111890106274888,0.9783549904823303,0.017930136993527412,0.7912593330001982
segment,XGBoost,2079,231,7,0.10175070412552535,0.04093579098949081,0.9783549904823303,0.0144950021058321,0.5320481250000739
semeion,CatBoost,1433,160,10,0.2018687271114219,0.10856020669430086,0.925000011920929,0.04908805340528488,3.137060167000527
semeion,ExtraTrees,1433,160,10,0.4029664741740767,0.15750518982518957,0.8999999761581421,0.03484855219721794,0.4331573749987001
semeion,LightGBM,1433,160,10,0.25015937268755684,0.1191522646682351,0.925000011920929,0.04022669792175293,0.49674108299950603
semeion,LinearModel,1433,160,10,0.2839120808738741,0.1380932824019264,0.90625,0.06746180355548859,0.4421189170006983
semeion,NeuralNetFastAI,1433,160,10,0.2050815146357902,0.10791787099759595,0.925000011920929,0.02282724529504776,0.514974458999859
semeion,NeuralNetTorch,1433,160,10,0.22596268421795135,0.11285723232171074,0.9125000238418579,0.051533233374357224,0.4377258749991597
semeion,RandomForest,1433,160,10,0.3860078226831785,0.1523224015512144,0.8999999761581421,0.03783803805708885,0.4357458329996007
semeion,XGBoost,1433,160,10,0.3062716080916664,0.13093435831228056,0.9125000238418579,0.0397208109498024,0.43752854199919966
soybean,CatBoost,614,69,19,0.13410049087325715,0.08638748309476556,0.9420289993286133,0.07112500816583633,8.835756083000888
soybean,ExtraTrees,614,69,19,0.1248569142507126,0.08838831461734786,0.9420289993286133,0.05237917602062225,1.9880370419996325
soybean,LightGBM,614,69,19,0.08967756482854901,0.05657705394766164,0.95652174949646,0.055908724665641785,1.5763472910002747
soybean,LinearModel,614,69,19,0.2087628277566654,0.12205881984829907,0.9130434989929199,0.05590951815247536,1.444416333000845
soybean,NeuralNetFastAI,614,69,19,0.15942223938036656,0.08871754053865635,0.9420289993286133,0.03597927838563919,1.8561591669986228
soybean,NeuralNetTorch,614,69,19,0.18310574529214152,0.11728264698824704,0.9130434989929199,0.06463566422462463,1.9491452080001181
soybean,RandomForest,614,69,19,0.2219564878137444,0.11417632791356093,0.9130434989929199,0.058118786662817,2.0640053750012157
soybean,XGBoost,614,69,19,0.1513125377687044,0.09068232857383303,0.9420289993286133,0.05505046620965004,1.5520329589999164
splice,CatBoost,2871,319,3,0.10978644243747412,0.05892688894439342,0.962382435798645,0.013501161709427834,3.936140332998548
splice,ExtraTrees,2871,319,3,0.15264619175384378,0.08569842277665261,0.9373040795326233,0.02971087396144867,0.2712575839996134
splice,LightGBM,2871,319,3,0.11876606985218088,0.06315694991186263,0.9592476487159729,0.020740292966365814,0.22127679099867237
splice,LinearModel,2871,319,3,0.18489396106205108,0.09344170791775905,0.9435736536979675,0.03192142769694328,0.3782954170001176
splice,NeuralNetFastAI,2871,319,3,0.10715129426464079,0.05587810801857286,0.9592476487159729,0.01563098654150963,0.22307137499956298
splice,NeuralNetTorch,2871,319,3,0.12475092302978541,0.06616647212421538,0.9592476487159729,0.022579528391361237,0.221191832999466
splice,RandomForest,2871,319,3,0.14815996189196318,0.0849796594274573,0.9373040795326233,0.02069671079516411,0.27161066599910555
splice,XGBoost,2871,319,3,0.10079651098216055,0.05411620318894066,0.9655172228813171,0.011982128024101257,0.21862904199952027
steel-plates-fault,CatBoost,1746,195,7,0.4674418859231448,0.23839299293715507,0.8256410360336304,0.06837642192840576,2.868756416999531
steel-plates-fault,ExtraTrees,1746,195,7,0.5031184367078008,0.2644290014941181,0.8153846263885498,0.09585324674844742,0.2915078750011162
steel-plates-fault,LightGBM,1746,195,7,0.48206383879381964,0.2438713315990475,0.8153846263885498,0.04347175359725952,0.3989010410004994
steel-plates-fault,LinearModel,1746,195,7,0.6763391503622899,0.356070459175871,0.764102578163147,0.09044633060693741,0.29686970799957635
steel-plates-fault,NeuralNetFastAI,1746,195,7,0.5674659959557673,0.3031282385293664,0.800000011920929,0.06651324778795242,0.40012462500089896
steel-plates-fault,NeuralNetTorch,1746,195,7,0.6106828935341048,0.3311997885405604,0.7384615540504456,0.06859757006168365,0.3281150839993643
steel-plates-fault,RandomForest,1746,195,7,0.5179022766944933,0.2526327632079394,0.8205128312110901,0.05975709483027458,0.3645246669984772
steel-plates-fault,XGBoost,1746,195,7,0.4807449145237003,0.23962623603185962,0.8102564215660095,0.06257016956806183,0.34984416699990106
synthetic_control,CatBoost,540,60,6,0.0026963140799342146,0.0001258887127853308,1.0,0.002663850784301758,3.5581135829997947
synthetic_control,ExtraTrees,540,60,6,0.01978476310558118,0.012398012287516988,0.9833333492279053,0.014367073774337769,0.7155780419998337
synthetic_control,LightGBM,540,60,6,0.000418236021089964,9.096693597323861e-06,1.0,0.00041621923446655273,0.8767653750001045
synthetic_control,LinearModel,540,60,6,0.004477144718654394,0.0006194761244599607,1.0,0.0043129269033670425,0.7779044589988189
synthetic_control,NeuralNetFastAI,540,60,6,0.00027736620187975047,1.6730208535645596e-06,1.0,0.00027745962142944336,0.7754144999998971
synthetic_control,NeuralNetTorch,540,60,6,0.021027151897785316,0.014211085275275199,0.9833333492279053,0.013333226554095745,0.7026721250003902
synthetic_control,RandomForest,540,60,6,0.01592317511300866,0.0031114150614870587,1.0,0.015038691461086273,0.7163464169989311
synthetic_control,XGBoost,540,60,6,0.013808598618859195,0.003869477654388472,1.0,0.01262706145644188,0.8172485830000369
texture,CatBoost,4950,550,11,0.02107685543169353,0.011315816639393794,0.9945454597473145,0.004169808700680733,7.979689666999548
texture,ExtraTrees,4950,550,11,0.05084727990710782,0.02748083680800479,0.9818181991577148,0.010239263996481895,1.6345061669999268
texture,LightGBM,4950,550,11,0.015346535170149871,0.007427150586153314,0.996363639831543,0.0040269591845571995,1.9081952499982435
texture,LinearModel,4950,550,11,0.0203835761229187,0.006528108843696584,0.996363639831543,0.003291704226285219,2.177066416999878
texture,NeuralNetFastAI,4950,550,11,0.06003679705642849,0.009114206024017763,0.9945454597473145,0.004867061041295528,1.7711996660000295
texture,NeuralNetTorch,4950,550,11,0.019236102069986983,0.0041649104392002265,0.9981818199157715,0.002362106228247285,1.9239533329982805
texture,RandomForest,4950,550,11,0.05194640336037554,0.02510776776973108,0.9872727394104004,0.011293531395494938,1.5079759580003156
texture,XGBoost,4950,550,11,0.026198086911096527,0.013215451263330872,0.9927272796630859,0.00917477160692215,1.3923140829992917
vehicle,CatBoost,761,85,4,0.43597789996050035,0.27318822895359846,0.7764706015586853,0.07278593629598618,5.941501749999588
vehicle,ExtraTrees,761,85,4,0.45734871093918694,0.27040821025930595,0.7882353067398071,0.07133791595697403,0.40768670800025575
vehicle,LightGBM,761,85,4,0.4193950628807439,0.26306490041379665,0.8117647171020508,0.07892096042633057,0.42222216700065474
vehicle,LinearModel,761,85,4,0.32325355659455257,0.20422506740295687,0.8352941274642944,0.0719824880361557,0.34983550000106334
vehicle,NeuralNetFastAI,761,85,4,0.29234733857870815,0.1794174511081272,0.8823529481887817,0.050537168979644775,0.366445499999827
vehicle,NeuralNetTorch,761,85,4,0.2926190286054579,0.17754161725665588,0.8705882430076599,0.06034079194068909,0.30808162500034086
vehicle,RandomForest,761,85,4,0.44731317434676937,0.26646983556907206,0.7882353067398071,0.14494553208351135,0.34845674999996845
vehicle,XGBoost,761,85,4,0.45481824667063314,0.274851575464257,0.800000011920929,0.09777414798736572,0.30738745800044853
volcanoes-a2,CatBoost,1460,163,5,0.22911676845765958,0.1074240180438282,0.9202454090118408,0.060303524136543274,6.414548624999952
volcanoes-a2,ExtraTrees,1460,163,5,0.24109497452950523,0.11242067980710295,0.9202454090118408,0.03852654621005058,0.33232049999969604
volcanoes-a2,LightGBM,1460,163,5,0.22506014966146876,0.10520649247257395,0.9263803958892822,0.04260791838169098,0.24021104199891852
volcanoes-a2,LinearModel,1460,163,5,0.2377890048445157,0.11099588223085498,0.9202454090118408,0.056939251720905304,0.24506195900175953
volcanoes-a2,NeuralNetFastAI,1460,163,5,0.2369160190902794,0.1097808945143268,0.9202454090118408,0.050483815371990204,0.21779379200052063
volcanoes-a2,NeuralNetTorch,1460,163,5,0.23403248587309822,0.10963278117878723,0.9202454090118408,0.030638424679636955,0.2183194999997795
volcanoes-a2,RandomForest,1460,163,5,0.2456519559446067,0.11397907254075777,0.9141104221343994,0.042637553066015244,0.3308093329997064
volcanoes-a2,XGBoost,1460,163,5,0.22351432332722027,0.103935453371611,0.9386503100395203,0.06229406222701073,0.26273870799923316
volcanoes-a3,CatBoost,1368,153,5,0.29802971157685604,0.13787975096742056,0.9019607901573181,0.04492102563381195,2.693970124999396
volcanoes-a3,ExtraTrees,1368,153,5,0.2972366844447184,0.13873984239907394,0.8954248428344727,0.03465156629681587,0.30971683299867436
volcanoes-a3,LightGBM,1368,153,5,0.30056804276466415,0.14097578080737527,0.9019607901573181,0.04634604603052139,0.21502095799951348
volcanoes-a3,LinearModel,1368,153,5,0.3097176298215046,0.14258810487204274,0.8823529481887817,0.05561542883515358,0.2200250000005326
volcanoes-a3,NeuralNetFastAI,1368,153,5,0.3137460327410812,0.14236047662448573,0.8954248428344727,0.045637451112270355,0.20544520800103783
volcanoes-a3,NeuralNetTorch,1368,153,5,0.30445470281268705,0.14118750175215386,0.8888888955116272,0.04058511555194855,0.2108698749998439
volcanoes-a3,RandomForest,1368,153,5,0.30411420891522145,0.14080195872916915,0.8888888955116272,0.06325675547122955,0.34339366600033827
volcanoes-a3,XGBoost,1368,153,5,0.3097262960314969,0.147285152729201,0.8888888955116272,0.05988224595785141,0.28619262500069453
volcanoes-a4,CatBoost,1363,152,5,0.30681558834092665,0.1320593083601193,0.9210526347160339,0.05211359262466431,2.7746968749997905
volcanoes-a4,ExtraTrees,1363,152,5,0.2940573634030244,0.1297384979639132,0.9144737124443054,0.05928969383239746,0.2656182499995339
volcanoes-a4,LightGBM,1363,152,5,0.2889981207817013,0.12819220937377682,0.9144737124443054,0.04728184640407562,0.2933518340014416
volcanoes-a4,LinearModel,1363,152,5,0.3006229633749689,0.13074656919248007,0.9144737124443054,0.03427283093333244,0.22269529100049112
volcanoes-a4,NeuralNetFastAI,1363,152,5,0.2993115189518627,0.12992041238521929,0.9144737124443054,0.055448729544878006,0.2191138750004029
volcanoes-a4,NeuralNetTorch,1363,152,5,0.2919049082032433,0.12977979646557602,0.9144737124443054,0.05137860029935837,0.2647017079998477
volcanoes-a4,RandomForest,1363,152,5,0.3073344737314424,0.13401986924777284,0.9144737124443054,0.044615261256694794,0.2713827499992476
volcanoes-a4,XGBoost,1363,152,5,0.31363082222779387,0.13470367710414743,0.9078947305679321,0.02703968435525894,0.21731329200156324
volcanoes-b1,CatBoost,9158,1018,5,0.13679719436323734,0.0535925076809016,0.968565821647644,0.005957957357168198,2.8928891659998044
volcanoes-b1,ExtraTrees,9158,1018,5,0.13898466968858017,0.05382196380142958,0.968565821647644,0.007052499335259199,0.2852833750002901
volcanoes-b1,LightGBM,9158,1018,5,0.14209169155020518,0.05471724841416834,0.9675834774971008,0.010280819609761238,0.23635441599981277
volcanoes-b1,LinearModel,9158,1018,5,0.14077220756083939,0.054612757228911075,0.9675834774971008,0.008742671459913254,0.23976324999966891
volcanoes-b1,NeuralNetFastAI,9158,1018,5,0.14010898821012754,0.05437816577462549,0.9675834774971008,0.006931881885975599,0.23823087499840767
volcanoes-b1,NeuralNetTorch,9158,1018,5,0.14104079652475257,0.05470113145205561,0.9666011929512024,0.009241899475455284,0.23615450000033889
volcanoes-b1,RandomForest,9158,1018,5,0.14041740023324953,0.054649853698530065,0.9695481061935425,0.008453377522528172,0.29424837500118883
volcanoes-b1,XGBoost,9158,1018,5,0.13883681655438337,0.05382325861439966,0.968565821647644,0.009033096954226494,0.3007302919995709
volcanoes-b2,CatBoost,9601,1067,5,0.1340500305922787,0.050516829203468935,0.9681349396705627,0.010216772556304932,2.908379333000994
volcanoes-b2,ExtraTrees,9601,1067,5,0.13438613644598932,0.05080494473987635,0.9700093865394592,0.009929049760103226,0.3155728750007256
volcanoes-b2,LightGBM,9601,1067,5,0.1416896290983445,0.05290678659247324,0.9671977758407593,0.009209838695824146,0.2542319169988332
volcanoes-b2,LinearModel,9601,1067,5,0.1357050736155669,0.05118865333961826,0.9700093865394592,0.009319962002336979,0.2508300829995278
volcanoes-b2,NeuralNetFastAI,9601,1067,5,0.13512724589393182,0.05098462365494236,0.9700093865394592,0.011345364153385162,0.25795437499982654
volcanoes-b2,NeuralNetTorch,9601,1067,5,0.13391727066826423,0.05086888363822071,0.9700093865394592,0.009661344811320305,0.25448108300042804
volcanoes-b2,RandomForest,9601,1067,5,0.1351589462711348,0.05114328372837196,0.9671977758407593,0.008655166253447533,0.31102820799969777
volcanoes-b2,XGBoost,9601,1067,5,0.1361461377955503,0.05094167792868333,0.9681349396705627,0.010939252562820911,0.3173859159996937
volcanoes-b5,CatBoost,8990,999,5,0.13676336972213088,0.055987994340911854,0.966966986656189,0.011431717313826084,2.874375332999989
volcanoes-b5,ExtraTrees,8990,999,5,0.14022772434756914,0.05705154981932518,0.9649649858474731,0.008540263399481773,0.2970805000004475
volcanoes-b5,LightGBM,8990,999,5,0.13831908700809414,0.056653035280088145,0.9649649858474731,0.006795232184231281,0.24461204100043688
volcanoes-b5,LinearModel,8990,999,5,0.14089539160650882,0.0574468906340115,0.9639639854431152,0.011052053421735764,0.2486843749993568
volcanoes-b5,NeuralNetFastAI,8990,999,5,0.13921812058955785,0.057258087332866206,0.9639639854431152,0.010274678468704224,0.24245287499979895
volcanoes-b5,NeuralNetTorch,8990,999,5,0.1402822971325374,0.056892595520553986,0.9639639854431152,0.009938053786754608,0.2438871249996737
volcanoes-b5,RandomForest,8990,999,5,0.14278001321931688,0.05770140254143269,0.966966986656189,0.011682765558362007,0.3052841249991616
volcanoes-b5,XGBoost,8990,999,5,0.13848536116393712,0.05536393632375885,0.966966986656189,0.009692830964922905,0.302005374998771
volcanoes-b6,CatBoost,9117,1013,5,0.1658994127583367,0.0629263611384532,0.9634748101234436,0.014020107686519623,3.0956878750002943
volcanoes-b6,ExtraTrees,9117,1013,5,0.16739855260194972,0.06327199427973446,0.9644619822502136,0.013471312820911407,0.32253399999899557
volcanoes-b6,LightGBM,9117,1013,5,0.1660985194760286,0.06297472045478261,0.9644619822502136,0.013900347985327244,0.25906087499970454
volcanoes-b6,LinearModel,9117,1013,5,0.16941066412027037,0.06319901971654111,0.9654491543769836,0.012752199545502663,0.24470137500065903
volcanoes-b6,NeuralNetFastAI,9117,1013,5,0.16617338289195244,0.06302578553520075,0.9654491543769836,0.012532400898635387,0.2466063749998284
volcanoes-b6,NeuralNetTorch,9117,1013,5,0.16949366170387434,0.06350269112189712,0.9654491543769836,0.01743902824819088,0.2527205000005779
volcanoes-b6,RandomForest,9117,1013,5,0.1681609579449565,0.06470163500262191,0.9634748101234436,0.015032473020255566,0.33688908299882314
volcanoes-b6,XGBoost,9117,1013,5,0.164435410897387,0.06162196119347873,0.9634748101234436,0.0133021529763937,0.3147482079984911
volcanoes-d1,CatBoost,7877,876,5,0.25122235326052644,0.0996855434043364,0.9440639019012451,0.012637404724955559,3.2553293330001907
volcanoes-d1,ExtraTrees,7877,876,5,0.25664661091040863,0.09975758626887622,0.9440639019012451,0.014827528968453407,0.24006229199949303
volcanoes-d1,LightGBM,7877,876,5,0.25307303226685834,0.10002913115090911,0.9440639019012451,0.01354422327131033,0.25211283400130924
volcanoes-d1,LinearModel,7877,876,5,0.2539702688822697,0.0996564313895367,0.9440639019012451,0.015112729743123055,0.2514949169999454
volcanoes-d1,NeuralNetFastAI,7877,876,5,0.2566440017048925,0.10007477323686538,0.9440639019012451,0.015269732102751732,0.2564025000010588
volcanoes-d1,NeuralNetTorch,7877,876,5,0.25589027016565885,0.09994530591211047,0.9440639019012451,0.012848176062107086,0.25464670899964403
volcanoes-d1,RandomForest,7877,876,5,0.2576947134365828,0.10028667894302172,0.9440639019012451,0.011807347647845745,0.2504166250000708
volcanoes-d1,XGBoost,7877,876,5,0.2507908551817502,0.09975402943632558,0.9440639019012451,0.016626624390482903,0.23947708299965598
volcanoes-d4,CatBoost,7788,866,5,0.2345729280440191,0.09677605042193815,0.943418025970459,0.009692593477666378,3.0597739160002675
volcanoes-d4,ExtraTrees,7788,866,5,0.23838624119079688,0.09747932166490651,0.943418025970459,0.01489795558154583,0.22893245800150908
volcanoes-d4,LightGBM,7788,866,5,0.2372080933553173,0.09718565817135502,0.943418025970459,0.010171337984502316,0.2281867500005319
volcanoes-d4,LinearModel,7788,866,5,0.23645690100886244,0.0968430514933586,0.943418025970459,0.014281083829700947,0.22936404199936078
volcanoes-d4,NeuralNetFastAI,7788,866,5,0.23543057093576475,0.0966607401747781,0.943418025970459,0.011628706008195877,0.22839483300049324
volcanoes-d4,NeuralNetTorch,7788,866,5,0.23573762504315177,0.0969345207916192,0.943418025970459,0.013180473819375038,0.2280429999991611
volcanoes-d4,RandomForest,7788,866,5,0.2422978222364135,0.09807193421196553,0.943418025970459,0.013741491362452507,0.2546897499996703
volcanoes-d4,XGBoost,7788,866,5,0.23990517568788658,0.09782724100362933,0.943418025970459,0.006937041878700256,0.23242600000048697
volcanoes-e1,CatBoost,1064,119,5,0.3670687480093838,0.15779522555997397,0.9075630307197571,0.04353909566998482,2.7151642499993613
volcanoes-e1,ExtraTrees,1064,119,5,0.370115761252508,0.15899442111097511,0.9075630307197571,0.037717755883932114,0.3090882079995936
volcanoes-e1,LightGBM,1064,119,5,0.3682684635773116,0.15815333737860918,0.9075630307197571,0.04791218787431717,0.24681045800025458
volcanoes-e1,LinearModel,1064,119,5,0.37436994519651795,0.16391622082139926,0.9075630307197571,0.05262826755642891,0.20155529200019373
volcanoes-e1,NeuralNetFastAI,1064,119,5,0.3577637068505604,0.15552216638718233,0.9075630307197571,0.04447987303137779,0.2059758340001281
volcanoes-e1,NeuralNetTorch,1064,119,5,0.3706065134016259,0.15861380831459246,0.9075630307197571,0.04245855286717415,0.25768416699975205
volcanoes-e1,RandomForest,1064,119,5,0.3789199614223723,0.16175676740329667,0.9075630307197571,0.04302544519305229,0.3535341659990081
volcanoes-e1,XGBoost,1064,119,5,0.367720786176263,0.15767105272908674,0.9075630307197571,0.038341984152793884,0.2584209169999667
volkert,CatBoost,52479,5831,10,0.7950519698192466,0.3908998163142397,0.7093123197555542,0.01653386279940605,9.894715209000424
volkert,ExtraTrees,52479,5831,10,0.8804014552375519,0.42440760321154875,0.6835877299308777,0.015543008223176003,4.160746875000768
volkert,LightGBM,52479,5831,10,0.7298497049357658,0.35934000722455794,0.7341793775558472,0.0148821622133255,5.927259250000134
volkert,LinearModel,52479,5831,10,1.160788702273708,0.5439997044254784,0.5875493288040161,0.016383711248636246,3.4177257909996115
volkert,NeuralNetFastAI,52479,5831,10,0.7291539938011234,0.3603477412643648,0.7398387789726257,0.04472449794411659,5.026260458000252
volkert,NeuralNetTorch,52479,5831,10,0.7789203032750798,0.38480713510608305,0.7192591428756714,0.02973032183945179,4.467815707999762
volkert,RandomForest,52479,5831,10,0.882485877015045,0.4233591941491125,0.6913051009178162,0.012586699798703194,5.50672029099951
volkert,XGBoost,52479,5831,10,0.7755942640868252,0.37917409922397044,0.7230320572853088,0.015666507184505463,6.039120625000578
wall-robot-navigation,CatBoost,4910,546,4,0.009305899109774486,0.006117663247847694,0.9945054650306702,0.004012415185570717,2.9886452080008894
wall-robot-navigation,ExtraTrees,4910,546,4,0.04342785103492772,0.025159374911019272,0.9835164546966553,0.008013702929019928,0.4473469169988675
wall-robot-navigation,LightGBM,4910,546,4,0.01120402536635597,0.0071329361126143236,0.9945054650306702,0.0056213634088635445,0.3345878749987605
wall-robot-navigation,LinearModel,4910,546,4,0.6331703402887758,0.3632463412490842,0.7197802066802979,0.05004503205418587,0.2820054169987998
wall-robot-navigation,NeuralNetFastAI,4910,546,4,0.08795793940042745,0.047410967980518415,0.9670329689979553,0.019971143454313278,0.3290540409998357
wall-robot-navigation,NeuralNetTorch,4910,546,4,0.09632220512617627,0.05156517412233826,0.9652014374732971,0.01672329194843769,0.2801110839991452
wall-robot-navigation,RandomForest,4910,546,4,0.02451667651921533,0.011576184997355347,0.9926739931106567,0.006363134365528822,0.38795604199913214
wall-robot-navigation,XGBoost,4910,546,4,0.012912307561378851,0.008346062918868958,0.9926739931106567,0.006893236190080643,0.3695449999995617
waveform-5000,CatBoost,4500,500,3,0.3107904584086781,0.19786547846119096,0.8479999899864197,0.03255800902843475,6.088277625000046
waveform-5000,ExtraTrees,4500,500,3,0.319376561640879,0.20865418143629255,0.828000009059906,0.051551494747400284,0.33270429100048204
waveform-5000,LightGBM,4500,500,3,0.3151723314174346,0.2019139638993396,0.8460000157356262,0.034134045243263245,0.16796541700023226
waveform-5000,LinearModel,4500,500,3,0.3034330789102906,0.1898875012960449,0.8640000224113464,0.02102705091238022,0.21064174999992247
waveform-5000,NeuralNetFastAI,4500,500,3,0.2797331838630122,0.1814298241448074,0.8640000224113464,0.02637721411883831,0.17058370799895783
waveform-5000,NeuralNetTorch,4500,500,3,0.2783716055012656,0.18088958615039002,0.8659999966621399,0.03061489202082157,0.21950925000055577
waveform-5000,RandomForest,4500,500,3,0.3454298223011151,0.22454628747558422,0.8320000171661377,0.019080035388469696,0.27835658399999375
waveform-5000,XGBoost,4500,500,3,0.32070567189993826,0.20329650599714777,0.8579999804496765,0.024607447907328606,0.17116524999983085
wine-quality-red,CatBoost,1439,160,6,0.811428125851933,0.43331112923040094,0.699999988079071,0.06151783466339111,6.397348582999257
wine-quality-red,ExtraTrees,1439,160,6,0.7683354155892794,0.40662873615378003,0.7124999761581421,0.06813835352659225,0.5103509170003235
wine-quality-red,LightGBM,1439,160,6,0.8284274149291886,0.43622170683186506,0.6812499761581421,0.07559943199157715,0.3801170420010749
wine-quality-red,LinearModel,1439,160,6,0.9989730160568794,0.5604828154782672,0.53125,0.06397490203380585,0.2781232910001563
wine-quality-red,NeuralNetFastAI,1439,160,6,0.9391039693488008,0.5281262492541343,0.574999988079071,0.11702167987823486,0.22814662500059057
wine-quality-red,NeuralNetTorch,1439,160,6,0.8982691188220013,0.49265879642401594,0.625,0.05677768588066101,0.2868909999997413
wine-quality-red,RandomForest,1439,160,6,0.8077662082443131,0.4231709980328988,0.6937500238418579,0.04459897428750992,0.34624062500006403
wine-quality-red,XGBoost,1439,160,6,0.8224015399057956,0.43594509200219295,0.6875,0.07779961079359055,0.287295374999303
wine-quality-white,CatBoost,4408,490,7,0.7600296248386306,0.3993752921686652,0.7204081416130066,0.07364411652088165,6.327125875001002
wine-quality-white,ExtraTrees,4408,490,7,0.7185952389591513,0.3750015059563968,0.7163265347480774,0.05018782615661621,0.526081082998644
wine-quality-white,LightGBM,4408,490,7,0.7234701711733775,0.3816805598124188,0.7102040648460388,0.07070088386535645,0.4419313329999568
wine-quality-white,LinearModel,4408,490,7,1.0831340664057805,0.5704775735790746,0.5489795804023743,0.06090347468852997,0.3240949159990123
wine-quality-white,NeuralNetFastAI,4408,490,7,0.9417868977045875,0.5158410459287964,0.6061224341392517,0.05895628780126572,0.3236489579994668
wine-quality-white,NeuralNetTorch,4408,490,7,0.9250296177820206,0.5075512719625553,0.6142857074737549,0.056024037301540375,0.3034415830006765
wine-quality-white,RandomForest,4408,490,7,0.7405831128907351,0.3858580295630883,0.7020407915115356,0.05872240662574768,0.4901501670010475
wine-quality-white,XGBoost,4408,490,7,0.7434207145648797,0.3928282754802372,0.7020407915115356,0.07539473474025726,0.3074182500004099
