dataset,model,cal_size,test_size,n_classes,Isotonic_brier,Isotonic_logloss,Isotonic_ece-15,Isotonic_accuracy,Isotonic_time
Diabetes130US,CatBoost,91589,10177,3,0.4928484841699016,0.8356694149249143,0.0035051710437983274,0.6214011907577515,0.10457164607942104
Diabetes130US,ExtraTrees,91589,10177,3,0.5055986308926219,0.8477630049051669,0.007168392650783062,0.6105924844741821,0.0997578939422965
Diabetes130US,LightGBM,91589,10177,3,0.4971058625622234,0.8354148944510611,0.010165631771087646,0.6208116412162781,0.09829793684184551
Diabetes130US,LinearModel,91589,10177,3,0.5261695464449473,0.8785865563956493,0.011671960353851318,0.5933969020843506,0.10020685847848654
Diabetes130US,NeuralNetFastAI,91589,10177,3,0.5032325855863509,0.8444108427109068,0.013948636129498482,0.615898609161377,0.09828026220202446
Diabetes130US,NeuralNetTorch,91589,10177,3,0.5110341457942256,0.8560488312459587,0.008476648479700089,0.607448160648346,0.09928348567336798
Diabetes130US,RandomForest,91589,10177,3,0.5047643807081635,0.8468696205725396,0.006740224082022905,0.6080377101898193,0.09782104752957821
Diabetes130US,XGBoost,91589,10177,3,0.4939464888962448,0.8285141936509095,0.011614792980253696,0.6229733824729919,0.097249292768538
GesturePhaseSegmentationProcessed,CatBoost,8885,988,5,0.38634627997794424,0.8219122712837671,0.02957688644528389,0.7176113128662109,0.01873109582811594
GesturePhaseSegmentationProcessed,ExtraTrees,8885,988,5,0.4139988497010117,0.8734946050420788,0.0464494526386261,0.6993927359580994,0.01887726876884699
GesturePhaseSegmentationProcessed,LightGBM,8885,988,5,0.39104074498781394,0.9152849502024953,0.028925208374857903,0.7125505805015564,0.01918680127710104
GesturePhaseSegmentationProcessed,LinearModel,8885,988,5,0.6457837106910427,1.2470477164058924,0.034548524767160416,0.45748987793922424,0.018970618955790997
GesturePhaseSegmentationProcessed,NeuralNetFastAI,8885,988,5,0.5035809864464742,0.9632224453941479,0.03147762641310692,0.6336032152175903,0.01860574632883072
GesturePhaseSegmentationProcessed,NeuralNetTorch,8885,988,5,0.4892914914478521,0.9444614471367436,0.05120887607336044,0.6417003870010376,0.01901849266141653
GesturePhaseSegmentationProcessed,RandomForest,8885,988,5,0.4252763105433555,0.8882715386859079,0.0450461246073246,0.6781376600265503,0.018810695968568325
GesturePhaseSegmentationProcessed,XGBoost,8885,988,5,0.3915804145223331,0.8317954730798222,0.039899785071611404,0.71659916639328,0.019161651842296124
Indian_pines,CatBoost,8229,915,8,0.07236653600305176,0.13156793092723215,0.022685807198286057,0.9562841653823853,0.02231077291071415
Indian_pines,ExtraTrees,8229,915,8,0.10557022205549017,0.27285037324518097,0.028496967628598213,0.9344262480735779,0.020479068160057068
Indian_pines,LightGBM,8229,915,8,0.05739407441341015,0.1077538716513699,0.018550630658864975,0.9661202430725098,0.02182089164853096
Indian_pines,LinearModel,8229,915,8,0.11755169985504663,0.21641092222704458,0.017964014783501625,0.9245901703834534,0.020257904194295406
Indian_pines,NeuralNetFastAI,8229,915,8,0.05406100928955102,0.09878137657263684,0.011595170013606548,0.9661202430725098,0.02334735542535782
Indian_pines,NeuralNetTorch,8229,915,8,0.04624395348239324,0.08668090617250122,0.015639128163456917,0.9661202430725098,0.021161138080060482
Indian_pines,RandomForest,8229,915,8,0.10945319530407396,0.27790981032811435,0.0251734871417284,0.9344262480735779,0.019800650887191296
Indian_pines,XGBoost,8229,915,8,0.06844740567136864,0.21386090107956438,0.021078456193208694,0.9584699273109436,0.02358202449977398
LED-display-domain-7digit,CatBoost,450,50,10,0.39629831558383094,0.7921658268390905,0.17044837772846222,0.7799999713897705,0.011466564610600471
LED-display-domain-7digit,ExtraTrees,450,50,10,0.3650239150187599,0.7587746587670213,0.1489996612071991,0.7599999904632568,0.011423616670072079
LED-display-domain-7digit,LightGBM,450,50,10,0.32790752906404924,0.6663891049330296,0.09454573690891266,0.800000011920929,0.011313170194625854
LED-display-domain-7digit,LinearModel,450,50,10,0.35050900008932423,0.6914686892574187,0.19371600449085236,0.7400000095367432,0.011311749927699566
LED-display-domain-7digit,NeuralNetFastAI,450,50,10,0.3574740169343616,0.7136040105126165,0.14178232848644257,0.7599999904632568,0.011474926955997944
LED-display-domain-7digit,NeuralNetTorch,450,50,10,0.33781240438940124,0.7105994877705146,0.15462151169776917,0.7799999713897705,0.011336909607052803
LED-display-domain-7digit,RandomForest,450,50,10,0.3729568472596379,0.7557430914794777,0.10904482007026672,0.7599999904632568,0.011320294812321663
LED-display-domain-7digit,XGBoost,450,50,10,0.35558871605921966,0.7313721262467816,0.155287966132164,0.7799999713897705,0.011888792738318443
MiceProtein,CatBoost,972,108,8,0.015604781071624881,0.8086717393663194,0.007448243908584118,0.9907407164573669,0.010922955349087715
MiceProtein,ExtraTrees,972,108,8,0.016671566932777934,0.027522779788613436,0.008785247802734375,0.9907407164573669,0.01079961471259594
MiceProtein,LightGBM,972,108,8,0.0003323296139899796,0.0014254741868237094,0.0013212893391028047,1.0,0.010955354198813438
MiceProtein,LinearModel,972,108,8,1.5932073909813138e-05,0.001187407350141415,0.0011835694313049316,1.0,0.011112825945019722
MiceProtein,NeuralNetFastAI,972,108,8,7.44149591053622e-05,0.0009085830504003756,0.0008895993232727051,1.0,0.010991919785737991
MiceProtein,NeuralNetTorch,972,108,8,3.2987401150953653e-10,1.2358795861021835e-06,1.430511474609375e-06,1.0,0.010361925698816776
MiceProtein,RandomForest,972,108,8,0.08446279863274775,0.9291933473582246,0.05015692859888077,0.9444444179534912,0.010765676386654377
MiceProtein,XGBoost,972,108,8,0.030095147932852624,0.04381015257096135,0.014942841604351997,0.9722222089767456,0.011143894866108894
Traffic_violations,CatBoost,63306,7034,3,0.2684162682603194,0.40368415522440565,0.010625422932207584,0.7989764213562012,0.06748109217733145
Traffic_violations,ExtraTrees,63306,7034,3,0.27772195915419556,0.418305337350042,0.008723774924874306,0.7918680906295776,0.07179992459714413
Traffic_violations,LightGBM,63306,7034,3,0.2721927529474541,0.41104505596305957,0.009138175286352634,0.7949957251548767,0.0676715038716793
Traffic_violations,LinearModel,63306,7034,3,0.2769339558454594,0.41601169752225164,0.010121827013790607,0.7894512414932251,0.06718363147228956
Traffic_violations,NeuralNetFastAI,63306,7034,3,0.2756877413748901,0.41282813968799636,0.010458431206643581,0.7925788760185242,0.06654075253754854
Traffic_violations,NeuralNetTorch,63306,7034,3,0.2889313536905006,0.4380504769748156,0.013423057273030281,0.7822007536888123,0.06809683237224817
Traffic_violations,RandomForest,63306,7034,3,0.2737358626299782,0.41104272147895404,0.013205326162278652,0.7948535680770874,0.06436005234718323
Traffic_violations,XGBoost,63306,7034,3,0.27319109874291153,0.40921072418632964,0.008920511230826378,0.7925788760185242,0.06850907392799854
UMIST_Faces_Cropped,CatBoost,517,58,20,0.026061392829696228,1.5085807348540967,0.012895805761218071,0.982758641242981,0.018442085944116116
UMIST_Faces_Cropped,ExtraTrees,517,58,20,0.027984250700316547,0.0713177451482294,0.016149252653121948,0.9655172228813171,0.018199536949396133
UMIST_Faces_Cropped,LightGBM,517,58,20,0.06483671912603255,3.018522782035136,0.03405984863638878,0.9655172228813171,0.018402284011244774
UMIST_Faces_Cropped,LinearModel,517,58,20,0.05111809200586114,1.5400382470402614,0.028301196172833443,0.9655172228813171,0.01786484569311142
UMIST_Faces_Cropped,NeuralNetFastAI,517,58,20,0.03323020320009222,1.5211241379140406,0.01141252089291811,0.982758641242981,0.01844275649636984
UMIST_Faces_Cropped,NeuralNetTorch,517,58,20,0.05439986847653344,0.6084583609241795,0.05417262017726898,0.982758641242981,0.017732123844325542
UMIST_Faces_Cropped,RandomForest,517,58,20,0.03677602016264835,1.512161683412089,0.022921156138181686,0.982758641242981,0.01821269281208515
UMIST_Faces_Cropped,XGBoost,517,58,20,0.08757970377663517,3.084146220146757,0.03411107882857323,0.9482758641242981,0.018713886849582195
analcatdata_authorship,CatBoost,756,85,4,0.055529411562751325,2.065757487260209,0.030588144436478615,0.9647058844566345,0.007888776250183582
analcatdata_authorship,ExtraTrees,756,85,4,0.04129741206471786,1.056218740092655,0.023125311359763145,0.9764705896377563,0.007962425239384174
analcatdata_authorship,LightGBM,756,85,4,0.02686382145711655,1.0330455236485208,0.016193393617868423,0.9882352948188782,0.007959901355206966
analcatdata_authorship,LinearModel,756,85,4,0.023728374882798702,1.0286236524017252,0.012846441008150578,0.9882352948188782,0.007885310798883438
analcatdata_authorship,NeuralNetFastAI,756,85,4,0.02025889610894382,0.03779716535511396,0.022022178396582603,0.9882352948188782,0.0076638031750917435
analcatdata_authorship,NeuralNetTorch,756,85,4,0.025336670916310127,0.04720835203274538,0.022603103891015053,0.9882352948188782,0.007840744219720364
analcatdata_authorship,RandomForest,756,85,4,0.04970056859481779,0.09915998348469661,0.043445274233818054,0.9764705896377563,0.007983572781085968
analcatdata_authorship,XGBoost,756,85,4,0.02009507448827347,0.025695747475703013,0.015075492672622204,0.9764705896377563,0.00801647175103426
analcatdata_dmft,CatBoost,717,80,6,0.8113616832315188,1.7205906151790482,0.03907381743192673,0.26249998807907104,0.009459180757403374
analcatdata_dmft,ExtraTrees,717,80,6,0.8192921385318268,1.7453645945188812,0.042651206254959106,0.22499999403953552,0.009496369399130344
analcatdata_dmft,LightGBM,717,80,6,0.8107901940089508,1.727319882608575,0.06692446768283844,0.22499999403953552,0.009356614202260971
analcatdata_dmft,LinearModel,717,80,6,0.816015070940389,1.7334112604015843,0.0649215579032898,0.1875,0.009400845505297184
analcatdata_dmft,NeuralNetFastAI,717,80,6,0.8218041039232287,1.7450545123845793,0.059823762625455856,0.1875,0.009442588314414024
analcatdata_dmft,NeuralNetTorch,717,80,6,0.8064328191780445,2.756826807223805,0.04336930811405182,0.21250000596046448,0.009642199613153934
analcatdata_dmft,RandomForest,717,80,6,0.8163064589636078,1.7351614959543227,0.03159422427415848,0.22499999403953552,0.00947651732712984
analcatdata_dmft,XGBoost,717,80,6,0.8061550915107574,1.7147306345022213,0.04810785874724388,0.26249998807907104,0.009356520138680935
artificial-characters,CatBoost,9196,1022,10,0.07553625565595509,0.16907896242872072,0.043457940220832825,0.9589040875434875,0.027491643093526363
artificial-characters,ExtraTrees,9196,1022,10,0.07884815647045135,0.18127466005204002,0.010089780203998089,0.9540117383003235,0.024180930107831955
artificial-characters,LightGBM,9196,1022,10,0.06343534963657366,0.3044981673119495,0.047427404671907425,0.9608610272407532,0.026217328384518623
artificial-characters,LinearModel,9196,1022,10,0.7314670555813576,1.7020479764705572,0.05995988845825195,0.373776912689209,0.02901650033891201
artificial-characters,NeuralNetFastAI,9196,1022,10,0.3613809490482879,0.7627174615461155,0.027040401473641396,0.7084148526191711,0.027151412330567837
artificial-characters,NeuralNetTorch,9196,1022,10,0.34789631183138314,0.7441290523885356,0.038633670657873154,0.7172211408615112,0.025967249646782875
artificial-characters,RandomForest,9196,1022,10,0.0768999327060287,0.1892442906688741,0.010473886504769325,0.9549902081489563,0.024372532032430172
artificial-characters,XGBoost,9196,1022,10,0.07218406524362206,0.16619987844155312,0.04534650966525078,0.9618395566940308,0.026781128719449043
autoUniv-au6-750,CatBoost,675,75,8,0.8455822382011549,1.977904773045606,0.10443783551454544,0.2266666740179062,0.010630748234689236
autoUniv-au6-750,ExtraTrees,675,75,8,0.8398713260799785,3.0919102693987837,0.11119750142097473,0.25333333015441895,0.010558539070189
autoUniv-au6-750,LightGBM,675,75,8,0.8055854238755334,1.8755210632834394,0.10080721229314804,0.3733333349227905,0.01040838286280632
autoUniv-au6-750,LinearModel,675,75,8,0.8497850756162711,1.990435460184004,0.05579360947012901,0.23999999463558197,0.010704001411795616
autoUniv-au6-750,NeuralNetFastAI,675,75,8,0.8518908191365426,1.9931265328829681,0.018500471487641335,0.2266666740179062,0.010619056411087513
autoUniv-au6-750,NeuralNetTorch,675,75,8,0.8533745760224781,1.9915945122476273,0.05466683954000473,0.23999999463558197,0.010552959516644478
autoUniv-au6-750,RandomForest,675,75,8,0.777526272017004,1.813368387408644,0.08436113595962524,0.3199999928474426,0.010757857002317905
autoUniv-au6-750,XGBoost,675,75,8,0.8182769383310656,1.9383841627040665,0.1718597710132599,0.3733333349227905,0.010773586109280586
autoUniv-au7-1100,CatBoost,990,110,5,0.7235890693646659,1.395269987542837,0.10563063621520996,0.41818180680274963,0.009057270362973213
autoUniv-au7-1100,ExtraTrees,990,110,5,0.7481257674163238,1.4394825106776905,0.13059037923812866,0.4272727370262146,0.00912562571465969
autoUniv-au7-1100,LightGBM,990,110,5,0.715913183788715,1.3847559143279977,0.10146227478981018,0.44545453786849976,0.008978080004453659
autoUniv-au7-1100,LinearModel,990,110,5,0.7792787635863363,3.813584494205501,0.08668611943721771,0.30909091234207153,0.008816043846309185
autoUniv-au7-1100,NeuralNetFastAI,990,110,5,0.7417576980197623,2.1968294788919573,0.10598911345005035,0.3909091055393219,0.008983009494841099
autoUniv-au7-1100,NeuralNetTorch,990,110,5,0.7310837952526673,2.1816304943244966,0.051030222326517105,0.3545454442501068,0.008978570811450481
autoUniv-au7-1100,RandomForest,990,110,5,0.7161889256850172,1.395913123486516,0.11497870832681656,0.38181817531585693,0.009609038010239601
autoUniv-au7-1100,XGBoost,990,110,5,0.7070587432548429,1.3676063374353997,0.07976861298084259,0.4000000059604645,0.009461850859224796
autoUniv-au7-700,CatBoost,630,70,3,0.5659361974215212,4.553810306125533,0.13408218324184418,0.5,0.00741285365074873
autoUniv-au7-700,ExtraTrees,630,70,3,0.5477686472321135,0.9189694830226594,0.16036167740821838,0.4285714328289032,0.007075049914419651
autoUniv-au7-700,LightGBM,630,70,3,0.5290102778844153,0.8724871220837126,0.1155223473906517,0.4714285731315613,0.007147660478949547
autoUniv-au7-700,LinearModel,630,70,3,0.6748072470538912,1.1116775722025192,0.11197547614574432,0.4000000059604645,0.00705843698233366
autoUniv-au7-700,NeuralNetFastAI,630,70,3,0.6189922237271797,1.0382532182337783,0.10860863327980042,0.5285714268684387,0.007066895253956318
autoUniv-au7-700,NeuralNetTorch,630,70,3,0.6331829651690327,1.0521537145275728,0.09446103870868683,0.44285714626312256,0.007043295539915562
autoUniv-au7-700,RandomForest,630,70,3,0.5367616251106835,0.8745414598252588,0.1269724816083908,0.4714285731315613,0.007647684775292873
autoUniv-au7-700,XGBoost,630,70,3,0.5430608938464583,0.8953980283397006,0.12460054457187653,0.48571428656578064,0.007169983349740505
balance-scale,CatBoost,562,63,3,0.040545588718445255,0.08360358110146184,0.053321413695812225,0.9682539701461792,0.0070453230291605
balance-scale,ExtraTrees,562,63,3,0.12201508135331446,0.24496944938741408,0.10948602110147476,0.8888888955116272,0.007225649431347847
balance-scale,LightGBM,562,63,3,0.06130372449558517,0.10434708675094821,0.0444868728518486,0.9682539701461792,0.007019819691777229
balance-scale,LinearModel,562,63,3,0.07673077055274943,0.14294171512386467,0.049718741327524185,0.9523809552192688,0.006973600015044212
balance-scale,NeuralNetFastAI,562,63,3,0.014581609687753879,0.025879223793742516,0.020251914858818054,1.0,0.006875017657876015
balance-scale,NeuralNetTorch,562,63,3,0.0015801113457190638,0.00400703715910866,0.003541325917467475,1.0,0.0068771010264754295
balance-scale,RandomForest,562,63,3,0.12644529639867716,0.25456962550383144,0.10288973152637482,0.8888888955116272,0.007072837091982365
balance-scale,XGBoost,562,63,3,0.03524161059307772,0.07671789963542851,0.036647722125053406,0.9682539701461792,0.007383306510746479
baseball,CatBoost,1206,134,3,0.07965426645944618,0.1428461648546893,0.0417967364192009,0.9328358173370361,0.008028654381632805
baseball,ExtraTrees,1206,134,3,0.07920119455352083,0.14556512182325054,0.022218432277441025,0.9477611780166626,0.007597876712679863
baseball,LightGBM,1206,134,3,0.07252077228694484,0.13699874058992353,0.032565638422966,0.9477611780166626,0.008690602146089077
baseball,LinearModel,1206,134,3,0.07392604090361173,0.13920584393127916,0.035722970962524414,0.9477611780166626,0.007797029800713062
baseball,NeuralNetFastAI,1206,134,3,0.07685957171168212,0.13627603380718495,0.036123380064964294,0.9477611780166626,0.007735585793852806
baseball,NeuralNetTorch,1206,134,3,0.08695168774873246,0.16076212737174836,0.049673739820718765,0.9402984976768494,0.008393657393753529
baseball,RandomForest,1206,134,3,0.0740947793969504,0.13666632361159403,0.042472101747989655,0.9626865386962891,0.0079771364107728
baseball,XGBoost,1206,134,3,0.07754516214927189,0.1404638117408722,0.04036104679107666,0.9477611780166626,0.007870759814977646
car,CatBoost,1555,173,4,0.00039292771700413987,0.0015453936341079898,0.001436317223124206,1.0,0.008873339742422104
car,ExtraTrees,1555,173,4,0.014641273575531816,0.034294462685361154,0.011984890326857567,0.9884393215179443,0.00858940277248621
car,LightGBM,1555,173,4,0.0,0.0,5.960464477539063e-08,1.0,0.008603973314166069
car,LinearModel,1555,173,4,0.07813156488002838,0.120006076206389,0.047061771154403687,0.9248554706573486,0.009067545644938946
car,NeuralNetFastAI,1555,173,4,0.00010892227416498531,0.0005902059967080281,0.0005611346568912268,1.0,0.009089956991374493
car,NeuralNetTorch,1555,173,4,0.0001576381210748036,0.0009126205075520471,0.0008699136087670922,1.0,0.009207065217196941
car,RandomForest,1555,173,4,0.03322625028736922,0.06392090602348137,0.01705137826502323,0.9826589822769165,0.008635412901639938
car,XGBoost,1555,173,4,0.0,0.0,5.960464477539063e-08,1.0,0.008821741677820683
cardiotocography,CatBoost,1913,213,10,0.0,0.0,5.960464477539063e-08,1.0,0.014100246131420135
cardiotocography,ExtraTrees,1913,213,10,0.0,0.0,5.960464477539063e-08,1.0,0.013314547948539257
cardiotocography,LightGBM,1913,213,10,3.785023113247394e-12,1.3100902199289757e-06,2.384185791015625e-07,1.0,0.015282182022929192
cardiotocography,LinearModel,1913,213,10,0.0,0.0,5.960464477539063e-08,1.0,0.01384546235203743
cardiotocography,NeuralNetFastAI,1913,213,10,0.00013339686806201117,0.0006045737577649611,0.000568406714592129,1.0,0.012632054276764393
cardiotocography,NeuralNetTorch,1913,213,10,0.0,0.0,5.960464477539063e-08,1.0,0.012734251096844673
cardiotocography,RandomForest,1913,213,10,5.688689125605237e-29,6.671762777089906e-16,5.960464477539063e-08,1.0,0.013185985386371613
cardiotocography,XGBoost,1913,213,10,0.0,0.0,5.960464477539063e-08,1.0,0.013985973782837391
cmc,CatBoost,1325,148,3,0.5003462094223803,0.8384725956026511,0.07546312361955643,0.6013513803482056,0.0077731432393193245
cmc,ExtraTrees,1325,148,3,0.5038451711150966,0.850596992751985,0.05964682251214981,0.5945945978164673,0.007812204770743847
cmc,LightGBM,1325,148,3,0.5229147522249962,0.874095733207207,0.06394490599632263,0.5472972989082336,0.007769669406116009
cmc,LinearModel,1325,148,3,0.5253823352268867,0.8749331466111375,0.09098200500011444,0.6081081032752991,0.008046998642385006
cmc,NeuralNetFastAI,1325,148,3,0.5010951796240902,0.8407459432221452,0.0787322148680687,0.6081081032752991,0.008552590385079384
cmc,NeuralNetTorch,1325,148,3,0.4982375021525278,0.8382533932143725,0.09427684545516968,0.6283783912658691,0.008448377251625061
cmc,RandomForest,1325,148,3,0.5033914406508722,0.8422652716981106,0.07122635841369629,0.6148648858070374,0.007927294820547104
cmc,XGBoost,1325,148,3,0.5022932378280072,0.850322375908188,0.10284740477800369,0.5608108043670654,0.007926481775939465
cnae-9,CatBoost,972,108,9,0.06863471078524146,0.938442007299444,0.032660506665706635,0.9629629850387573,0.011775597929954529
cnae-9,ExtraTrees,972,108,9,0.0634052253728078,0.13667767192215147,0.028972184285521507,0.9629629850387573,0.012155487202107906
cnae-9,LightGBM,972,108,9,0.052849335073091135,0.12105068858237068,0.04351389408111572,0.9629629850387573,0.012099266052246094
cnae-9,LinearModel,972,108,9,0.05558824275671959,0.9004957821734372,0.03635521978139877,0.9629629850387573,0.011622912250459194
cnae-9,NeuralNetFastAI,972,108,9,0.04834978484009521,0.0992604398800191,0.036893509328365326,0.9629629850387573,0.01160136517137289
cnae-9,NeuralNetTorch,972,108,9,0.05894547070917343,0.12684089879744762,0.03842460736632347,0.9629629850387573,0.011507569812238216
cnae-9,RandomForest,972,108,9,0.07279104726190659,0.9242063929204627,0.04868587851524353,0.9537037014961243,0.012074223719537258
cnae-9,XGBoost,972,108,9,0.08472900111936088,0.18147046107012096,0.03554835170507431,0.9351851940155029,0.011890034191310406
collins,CatBoost,900,100,30,0.8105475634574489,2.0811277920852644,0.07751554250717163,0.30000001192092896,0.026467611081898212
collins,ExtraTrees,900,100,30,0.8264165455433357,2.1329660536920168,0.07922159135341644,0.25999999046325684,0.02655581198632717
collins,LightGBM,900,100,30,0.8138926432804254,2.1223351393347456,0.09519410878419876,0.3100000023841858,0.027064282447099686
collins,LinearModel,900,100,30,0.8126438128948931,3.8058697021508965,0.090111643075943,0.33000001311302185,0.026129703037440777
collins,NeuralNetFastAI,900,100,30,0.8125096212117526,2.945710691927486,0.10923338681459427,0.2800000011920929,0.026088801212608814
collins,NeuralNetTorch,900,100,30,0.7855226616399251,3.6763761771812744,0.1104726791381836,0.28999999165534973,0.027560186572372913
collins,RandomForest,900,100,30,0.8447573816070437,2.24922909636234,0.06965553760528564,0.25999999046325684,0.026097066700458527
collins,XGBoost,900,100,30,0.8480529361875462,2.253274369518203,0.09701812267303467,0.25,0.027010483667254448
connect-4,CatBoost,60801,6756,3,0.1782676526603972,0.3203474560641955,0.014701316133141518,0.8731498122215271,0.06648537795990705
connect-4,ExtraTrees,60801,6756,3,0.25105151500348166,0.45351996418043355,0.01300339587032795,0.8228241801261902,0.06489727087318897
connect-4,LightGBM,60801,6756,3,0.17805165070019682,0.32074538619812326,0.016723385080695152,0.8728537559509277,0.06478963140398264
connect-4,LinearModel,60801,6756,3,0.33474647111424705,0.5942747254894701,0.013283578678965569,0.7568087577819824,0.06659672781825066
connect-4,NeuralNetFastAI,60801,6756,3,0.16711934481689178,0.3004383526760027,0.018503323197364807,0.8830668926239014,0.06574742496013641
connect-4,NeuralNetTorch,60801,6756,3,0.17499451662564083,0.31318628435825263,0.022511571645736694,0.8774423003196716,0.06459491141140461
connect-4,RandomForest,60801,6756,3,0.26158252002893956,0.47433908517091194,0.013732208870351315,0.8164594173431396,0.06726599298417568
connect-4,XGBoost,60801,6756,3,0.17886809246201632,0.32140318595999895,0.014723639003932476,0.8719656467437744,0.06491778884083033
dilbert,CatBoost,9000,1000,5,0.02373869941654953,0.12560657221883012,0.009133980609476566,0.984000027179718,0.020295116119086742
dilbert,ExtraTrees,9000,1000,5,0.039517429584765604,0.07598454597513905,0.013319086283445358,0.972000002861023,0.018287836574018
dilbert,LightGBM,9000,1000,5,0.010864175258382154,0.10270729055795366,0.006109657697379589,0.9940000176429749,0.017472267150878906
dilbert,LinearModel,9000,1000,5,0.09040154652803555,0.16536217876894607,0.017158515751361847,0.9390000104904175,0.018331055529415607
dilbert,NeuralNetFastAI,9000,1000,5,0.01946044120533827,0.11995895414686812,0.011039504781365395,0.9900000095367432,0.017815755680203438
dilbert,NeuralNetTorch,9000,1000,5,0.012972778788998579,0.02808850924086672,0.011704149655997753,0.9900000095367432,0.018225005827844143
dilbert,RandomForest,9000,1000,5,0.06580779034996755,0.20513779107644198,0.013121205382049084,0.9570000171661377,0.019062538631260395
dilbert,XGBoost,9000,1000,5,0.01899942656438984,0.1182081549129386,0.007721655536442995,0.9869999885559082,0.018112563528120518
dna,CatBoost,2867,319,3,0.06228426232329067,0.11224316280498342,0.023191075772047043,0.9561128616333008,0.009346886537969112
dna,ExtraTrees,2867,319,3,0.08031026202300916,0.1589442663400661,0.033323612064123154,0.9529780745506287,0.009602323174476624
dna,LightGBM,2867,319,3,0.0669636178132733,0.12371197992967387,0.01710893027484417,0.9561128616333008,0.009260491468012333
dna,LinearModel,2867,319,3,0.11854225766238558,0.22099794608341117,0.03794131800532341,0.931034505367279,0.009419722482562065
dna,NeuralNetFastAI,2867,319,3,0.07919747829852047,0.15064201744792136,0.03291253745555878,0.9467084407806396,0.009313461370766163
dna,NeuralNetTorch,2867,319,3,0.0839614900286305,0.15360620239051315,0.020720861852169037,0.9404388666152954,0.009686061181128025
dna,RandomForest,2867,319,3,0.0927010817018173,0.16492497589284277,0.016648631542921066,0.9404388666152954,0.009359153918921947
dna,XGBoost,2867,319,3,0.06123119032413973,0.11706997129311439,0.013887718319892883,0.962382435798645,0.0096401646733284
eucalyptus,CatBoost,662,74,5,0.40810974520167226,0.6714326363651907,0.09470291435718536,0.6486486196517944,0.008557906374335289
eucalyptus,ExtraTrees,662,74,5,0.36699563215829617,0.6124886374569342,0.08694438636302948,0.7027027010917664,0.008900010958313942
eucalyptus,LightGBM,662,74,5,0.37062570083570184,0.6198474006552218,0.12057726085186005,0.6891891956329346,0.008600857108831406
eucalyptus,LinearModel,662,74,5,0.447689685983825,0.7508106613510521,0.06830822676420212,0.6486486196517944,0.008811945095658302
eucalyptus,NeuralNetFastAI,662,74,5,0.40572623179746503,0.6499901139078478,0.117915578186512,0.7027027010917664,0.008542146533727646
eucalyptus,NeuralNetTorch,662,74,5,0.4234213558860444,0.6573591112683183,0.09299226850271225,0.6486486196517944,0.008675510995090008
eucalyptus,RandomForest,662,74,5,0.4042427288356206,0.675790737331028,0.1622151881456375,0.6756756901741028,0.00862997118383646
eucalyptus,XGBoost,662,74,5,0.4194975549444741,1.82812343046038,0.07238265872001648,0.662162184715271,0.00840033870190382
eye_movements,CatBoost,9842,1094,3,0.3537324653121726,0.5979229649838383,0.03096989169716835,0.7340036630630493,0.016505982726812363
eye_movements,ExtraTrees,9842,1094,3,0.3182682997786867,0.5437465735050117,0.03737720474600792,0.7760511636734009,0.017015904188156128
eye_movements,LightGBM,9842,1094,3,0.2789691944613977,0.5571877202103439,0.03179417923092842,0.8089579343795776,0.016374005936086178
eye_movements,LinearModel,9842,1094,3,0.5656778872323404,0.9198190428524445,0.03002311661839485,0.5027422308921814,0.01662775967270136
eye_movements,NeuralNetFastAI,9842,1094,3,0.43302997552050204,0.719478649422123,0.03899340331554413,0.6727604866027832,0.016453244723379612
eye_movements,NeuralNetTorch,9842,1094,3,0.41656459430956944,0.7692122784976215,0.054253965616226196,0.6828153729438782,0.01648092456161976
eye_movements,RandomForest,9842,1094,3,0.3793034727286193,0.6396475639334367,0.026144787669181824,0.7166361808776855,0.01629682444036007
eye_movements,XGBoost,9842,1094,3,0.31845010463597223,0.6190669844019567,0.033650320023298264,0.7669104337692261,0.016519169323146343
fabert,CatBoost,7413,824,7,0.34913993965484585,0.7993098933272925,0.03822282329201698,0.737864077091217,0.019590886309742928
fabert,ExtraTrees,7413,824,7,0.36898766818402345,0.8211790382140005,0.04908495768904686,0.7050970792770386,0.019852319732308388
fabert,LightGBM,7413,824,7,0.35381001775882887,0.6996381581562899,0.04442340135574341,0.7220873832702637,0.01967599429190159
fabert,LinearModel,7413,824,7,0.478864901907239,0.9953498605314817,0.0772070586681366,0.6334951519966125,0.01997578889131546
fabert,NeuralNetFastAI,7413,824,7,0.38341131333237943,0.7749491301446072,0.027048993855714798,0.7160193920135498,0.019707052037119865
fabert,NeuralNetTorch,7413,824,7,0.41304518694186704,0.8375979772216576,0.07091581076383591,0.7014563083648682,0.02042546682059765
fabert,RandomForest,7413,824,7,0.3784559055382488,0.8470233922025262,0.03116345964372158,0.7099514603614807,0.019699052907526493
fabert,XGBoost,7413,824,7,0.35880122418662014,0.8327767781074381,0.03722577542066574,0.7220873832702637,0.020229610614478588
first-order-theorem-proving,CatBoost,5506,612,6,0.505930669461826,1.1724139100378324,0.05741707608103752,0.6241829991340637,0.01599295437335968
first-order-theorem-proving,ExtraTrees,5506,612,6,0.5100773087840433,1.0495039553323888,0.05924464389681816,0.6111111044883728,0.015790598466992378
first-order-theorem-proving,LightGBM,5506,612,6,0.510100768865291,1.0484388060664653,0.051766231656074524,0.6160130500793457,0.016176199540495872
first-order-theorem-proving,LinearModel,5506,612,6,0.6468018297383977,1.5062989550366752,0.06393588334321976,0.48366013169288635,0.015848413109779358
first-order-theorem-proving,NeuralNetFastAI,5506,612,6,0.5583262024292365,1.1598858349383143,0.051554981619119644,0.5751634240150452,0.015785365365445614
first-order-theorem-proving,NeuralNetTorch,5506,612,6,0.5463810986723079,1.2626643778152056,0.03807773068547249,0.5718954205513,0.016118044033646584
first-order-theorem-proving,RandomForest,5506,612,6,0.5094883557928808,1.0451357552133105,0.048840418457984924,0.6078431606292725,0.016147724352777004
first-order-theorem-proving,XGBoost,5506,612,6,0.5032403312156604,1.1718061190716715,0.04069763049483299,0.6258170008659363,0.016120951622724533
har,CatBoost,9269,1030,6,0.004583747578239586,0.008074613963700232,0.00260439096018672,0.9970873594284058,0.019491123966872692
har,ExtraTrees,9269,1030,6,0.019252005798961816,0.03194475930413633,0.008707129396498203,0.9873786568641663,0.018398664891719818
har,LightGBM,9269,1030,6,0.0025604945873839917,0.004762698698288457,0.002278293715789914,0.9980582594871521,0.018973601050674915
har,LinearModel,9269,1030,6,0.014777551123843848,0.02630905409791134,0.005180791020393372,0.9912621378898621,0.01920955441892147
har,NeuralNetFastAI,9269,1030,6,0.0063736247758248,0.013327587578862947,0.007907700724899769,0.9970873594284058,0.018782595172524452
har,NeuralNetTorch,9269,1030,6,0.008319555446964833,0.01401246765317391,0.0063466643914580345,0.99320387840271,0.018798913806676865
har,RandomForest,9269,1030,6,0.029620188402818774,0.05160236013721329,0.006535196676850319,0.9825242757797241,0.018424306996166706
har,XGBoost,9269,1030,6,0.006712837647868687,0.17548379566039354,0.005372087471187115,0.9961165189743042,0.020735270343720913
isolet,CatBoost,7017,780,26,0.07393377699720541,0.45705266767690395,0.013582549057900906,0.9474359154701233,0.04543221369385719
isolet,ExtraTrees,7017,780,26,0.08789098830890675,0.5016377893719999,0.01975170336663723,0.9384615421295166,0.04262001346796751
isolet,LightGBM,7017,780,26,0.054199876455144666,0.3228068288747041,0.012293770909309387,0.9666666388511658,0.04562120791524649
isolet,LinearModel,7017,780,26,0.06190160052294732,0.4448959863672742,0.016043372452259064,0.9564102292060852,0.043297259137034416
isolet,NeuralNetFastAI,7017,780,26,0.043475828441007544,0.1927029062386091,0.01310733426362276,0.9705128073692322,0.04347930941730738
isolet,NeuralNetTorch,7017,780,26,0.0563242805037559,0.32517008589896945,0.013903365470468998,0.9666666388511658,0.044918281957507133
isolet,RandomForest,7017,780,26,0.10744834725230475,0.5500360057742053,0.027574779465794563,0.9205127954483032,0.04070159513503313
isolet,XGBoost,7017,780,26,0.06441067503078628,0.3504591367671665,0.014828902669250965,0.9551281929016113,0.04618510603904724
jungle_chess_2pcs_raw_endgame_complete,CatBoost,40337,4482,3,0.15280913760213413,0.22994301212489354,0.0143857691437006,0.8652387261390686,0.04539277870208025
jungle_chess_2pcs_raw_endgame_complete,ExtraTrees,40337,4482,3,0.1704033169648533,0.2678346434868726,0.006899004336446524,0.8625613451004028,0.04404156282544136
jungle_chess_2pcs_raw_endgame_complete,LightGBM,40337,4482,3,0.13134404323323864,0.19579135240593962,0.011496994644403458,0.8837572336196899,0.04394549783319235
jungle_chess_2pcs_raw_endgame_complete,LinearModel,40337,4482,3,0.42465565826348106,0.7125189783241769,0.013976041227579117,0.6800535321235657,0.04751760885119438
jungle_chess_2pcs_raw_endgame_complete,NeuralNetFastAI,40337,4482,3,0.1012379088753732,0.15018430274483185,0.00930328294634819,0.9103078842163086,0.044862743467092514
jungle_chess_2pcs_raw_endgame_complete,NeuralNetTorch,40337,4482,3,0.023923034437119343,0.041284199446860306,0.011746486648917198,0.9848281741142273,0.04620366357266903
jungle_chess_2pcs_raw_endgame_complete,RandomForest,40337,4482,3,0.17644642214860623,0.27724941228973593,0.005454201251268387,0.8505131602287292,0.043011062778532505
jungle_chess_2pcs_raw_endgame_complete,XGBoost,40337,4482,3,0.13046459910565802,0.19309286391215197,0.009383229538798332,0.8868808746337891,0.04468450415879488
kr-vs-k,CatBoost,25250,2806,18,0.1306738494669558,0.32014389761088247,0.0233589056879282,0.9187455177307129,0.08515959233045578
kr-vs-k,ExtraTrees,25250,2806,18,0.1758414712470435,0.3740520433772189,0.03161557391285896,0.8820384740829468,0.07255543116480112
kr-vs-k,LightGBM,25250,2806,18,0.11644729823887487,0.23781208074694235,0.03295883536338806,0.9287241697311401,0.07610068004578352
kr-vs-k,LinearModel,25250,2806,18,0.7860068495573036,1.9666122661760947,0.027704520151019096,0.34354954957962036,0.08631732314825058
kr-vs-k,NeuralNetFastAI,25250,2806,18,0.1583536156627827,0.2895894242395833,0.03916752338409424,0.8913043737411499,0.07914519961923361
kr-vs-k,NeuralNetTorch,25250,2806,18,0.11490385730249417,0.2136175883929054,0.043374598026275635,0.9240912199020386,0.07741146627813578
kr-vs-k,RandomForest,25250,2806,18,0.16266432904582032,0.36324578125270635,0.02946166694164276,0.8895224332809448,0.07070467807352543
kr-vs-k,XGBoost,25250,2806,18,0.11616067340133769,0.2318641781636988,0.02788502350449562,0.9283677935600281,0.08507194556295872
led24,CatBoost,2880,320,10,0.3986713423856252,0.8248535727352486,0.06455826759338379,0.71875,0.01673379447311163
led24,ExtraTrees,2880,320,10,0.4020451242278538,0.8266929967117607,0.047728314995765686,0.706250011920929,0.016590919345617294
led24,LightGBM,2880,320,10,0.40199546697396127,0.8475728919277499,0.05080416798591614,0.721875011920929,0.016331609338521957
led24,LinearModel,2880,320,10,0.39197506533481663,0.805558731795478,0.0698767751455307,0.7093750238418579,0.016420735977590084
led24,NeuralNetFastAI,2880,320,10,0.3852507005795822,1.0575546511859848,0.05006234347820282,0.731249988079071,0.01654569711536169
led24,NeuralNetTorch,2880,320,10,0.3869825312816898,0.7945526355250502,0.07358238846063614,0.734375,0.016216672956943512
led24,RandomForest,2880,320,10,0.40066383669209904,0.8279695696617069,0.0605427548289299,0.7093750238418579,0.01633476372808218
led24,XGBoost,2880,320,10,0.4059227976286974,0.8564577971335152,0.03840969130396843,0.71875,0.01680767722427845
letter,CatBoost,18000,2000,26,0.033637774853739116,0.15127048467703602,0.006820080801844597,0.9775000214576721,0.08402069006115198
letter,ExtraTrees,18000,2000,26,0.0440192518108513,0.0879651807603987,0.01017782837152481,0.9735000133514404,0.07645092718303204
letter,LightGBM,18000,2000,26,0.035258436469173614,0.07582487043660334,0.0068693277426064014,0.9785000085830688,0.08543739188462496
letter,LinearModel,18000,2000,26,0.29747422831231474,0.755111411521843,0.036503348499536514,0.7990000247955322,0.08689167350530624
letter,NeuralNetFastAI,18000,2000,26,0.0207109848237918,0.16530507092459892,0.006471055094152689,0.9854999780654907,0.07493143249303102
letter,NeuralNetTorch,18000,2000,26,0.02191821002346918,0.08580372052736851,0.006847023963928223,0.984499990940094,0.07722286600619555
letter,RandomForest,18000,2000,26,0.055488963706986014,0.11949703522774266,0.01847994700074196,0.9664999842643738,0.07422064151614904
letter,XGBoost,18000,2000,26,0.03806163511909558,0.12097005153905391,0.009296302683651447,0.9764999747276306,0.08662568591535091
mfeat-factors,CatBoost,1800,200,10,0.040663648709579954,0.5085366749077211,0.023562433198094368,0.9800000190734863,0.014322882518172264
mfeat-factors,ExtraTrees,1800,200,10,0.05344174627084715,0.5383234458810958,0.019991392269730568,0.9700000286102295,0.013782339170575142
mfeat-factors,LightGBM,1800,200,10,0.04005341040018892,0.507047076857708,0.019929852336645126,0.9800000190734863,0.014178958721458912
mfeat-factors,LinearModel,1800,200,10,0.038619616337051375,0.4935548921577228,0.01883823610842228,0.9750000238418579,0.014870081096887589
mfeat-factors,NeuralNetFastAI,1800,200,10,0.03301141761164019,0.05931801258204237,0.01533104944974184,0.9750000238418579,0.015063829720020294
mfeat-factors,NeuralNetTorch,1800,200,10,0.030096437236841342,0.49015802813057135,0.013162141665816307,0.9850000143051147,0.014873506501317024
mfeat-factors,RandomForest,1800,200,10,0.05288516520014199,0.1054820231649563,0.026989400386810303,0.9750000238418579,0.014976910315454006
mfeat-factors,XGBoost,1800,200,10,0.047074874783315665,0.9316141316263178,0.030329566448926926,0.9750000238418579,0.014948476105928421
micro-mass,CatBoost,513,58,20,0.06606503541991872,0.11325351194508558,0.044532231986522675,0.9655172228813171,0.018586602993309498
micro-mass,ExtraTrees,513,58,20,0.10278979568551543,0.1849508038389065,0.09088335186243057,0.9482758641242981,0.017808735370635986
micro-mass,LightGBM,513,58,20,0.09779833831116701,0.15965187129064906,0.06605172157287598,0.931034505367279,0.017310122027993202
micro-mass,LinearModel,513,58,20,0.08443514848853707,1.5950113082938886,0.04150683060288429,0.9482758641242981,0.01734780054539442
micro-mass,NeuralNetFastAI,513,58,20,0.20606898208691882,0.41463759199508526,0.09381931275129318,0.8448275923728943,0.01722901500761509
micro-mass,NeuralNetTorch,513,58,20,0.06958157864824087,1.574928305047542,0.03670747950673103,0.9655172228813171,0.01729744765907526
micro-mass,RandomForest,513,58,20,0.10980103475308715,0.1836006545270389,0.08000119030475616,0.931034505367279,0.017708709463477135
micro-mass,XGBoost,513,58,20,0.10818482124183697,0.18901295302004903,0.07573142647743225,0.931034505367279,0.017524007707834244
microaggregation2,CatBoost,18000,2000,5,0.4810238060909086,0.9047231115647406,0.024444151669740677,0.6399999856948853,0.030109522864222527
microaggregation2,ExtraTrees,18000,2000,5,0.4919013946019901,0.9308179322699769,0.0213954858481884,0.6255000233650208,0.030270924791693687
microaggregation2,LightGBM,18000,2000,5,0.4774867796875998,0.9370682530516796,0.01829150691628456,0.6399999856948853,0.03049548715353012
microaggregation2,LinearModel,18000,2000,5,0.5513582645151458,1.0393922461924676,0.020339863374829292,0.5805000066757202,0.02994556352496147
microaggregation2,NeuralNetFastAI,18000,2000,5,0.457661906921226,0.8593994137582228,0.016669224947690964,0.656000018119812,0.03031147737056017
microaggregation2,NeuralNetTorch,18000,2000,5,0.46617699592690715,0.9148004360604973,0.02547413296997547,0.6460000276565552,0.030062579549849033
microaggregation2,RandomForest,18000,2000,5,0.4939469212051648,0.9349317951090197,0.014253487810492516,0.6305000185966492,0.029766198247671127
microaggregation2,XGBoost,18000,2000,5,0.4800618547907915,0.9027946743542888,0.021366357803344727,0.6365000009536743,0.030719161964952946
okcupid-stem,CatBoost,45710,5079,3,0.3355591549697006,0.5621381426387567,0.011678309179842472,0.761567234992981,0.051506045274436474
okcupid-stem,ExtraTrees,45710,5079,3,0.3552930961647843,0.5905345478213401,0.015400518663227558,0.745028555393219,0.05231259670108557
okcupid-stem,LightGBM,45710,5079,3,0.3389925092191774,0.5658835181596614,0.01370628084987402,0.7603859305381775,0.051443700678646564
okcupid-stem,LinearModel,45710,5079,3,0.34430632844221326,0.5752397167139301,0.01780536212027073,0.7554636597633362,0.05188212916254997
okcupid-stem,NeuralNetFastAI,45710,5079,3,0.34207113897852964,0.5701751184989068,0.013601362705230713,0.7578263282775879,0.05187349487096071
okcupid-stem,NeuralNetTorch,45710,5079,3,0.3372936330488118,0.5641636238724821,0.009991240687668324,0.7621579170227051,0.05141973961144686
okcupid-stem,RandomForest,45710,5079,3,0.35422084987053054,0.5889564669460281,0.011537658050656319,0.7460129857063293,0.051915185526013374
okcupid-stem,XGBoost,45710,5079,3,0.33923087336511926,0.5666629240403463,0.01147132646292448,0.7599921226501465,0.05138350371271372
optdigits,CatBoost,5058,562,10,0.023324986744318706,0.34118193259090324,0.00881021749228239,0.9857650995254517,0.0193941593170166
optdigits,ExtraTrees,5058,562,10,0.023386903790958532,0.34200566613696565,0.012040558271110058,0.9857650995254517,0.018488927744328976
optdigits,LightGBM,5058,562,10,0.01756355151880384,0.33028333194827697,0.006620652507990599,0.9893238544464111,0.019053474999964237
optdigits,LinearModel,5058,562,10,0.05402587983652022,0.09185834555663279,0.01757044903934002,0.9590747356414795,0.01857991050928831
optdigits,NeuralNetFastAI,5058,562,10,0.020810184195959563,0.03835826410368345,0.01131477952003479,0.9893238544464111,0.019535199739038944
optdigits,NeuralNetTorch,5058,562,10,0.015080268542101946,0.03405724124184257,0.008274774998426437,0.9911032319068909,0.018900679424405098
optdigits,RandomForest,5058,562,10,0.040386076013153235,0.22581164383696306,0.016087474301457405,0.9697508811950684,0.01826583966612816
optdigits,XGBoost,5058,562,10,0.03168523309464869,0.3557835214311512,0.013620754703879356,0.9786477088928223,0.019136530347168446
page-blocks,CatBoost,4925,548,5,0.04521200138619048,0.3824815319965402,0.012996716424822807,0.9689781069755554,0.013554452918469906
page-blocks,ExtraTrees,4925,548,5,0.04271250491116992,0.23864130688232071,0.007867397740483284,0.9726277589797974,0.012829046696424484
page-blocks,LightGBM,4925,548,5,0.04327014800516357,0.23520244892307185,0.01548596378415823,0.970802903175354,0.013832943513989449
page-blocks,LinearModel,4925,548,5,0.04525420719140855,0.09785815611433349,0.010779058560729027,0.970802903175354,0.013681669719517231
page-blocks,NeuralNetFastAI,4925,548,5,0.04953491987186006,0.2480073373120359,0.01007657777518034,0.9689781069755554,0.013497239910066128
page-blocks,NeuralNetTorch,4925,548,5,0.03770698555198792,0.2267630554456041,0.011842076666653156,0.974452555179596,0.013433865271508694
page-blocks,RandomForest,4925,548,5,0.04037165840530503,0.09077213054854982,0.011055603623390198,0.9781022071838379,0.01231272891163826
page-blocks,XGBoost,4925,548,5,0.042166408742891355,0.23469061410962472,0.00859132781624794,0.9726277589797974,0.014012260362505913
pendigits,CatBoost,9892,1100,10,0.006060569521937526,0.010224413314613502,0.0055448212660849094,0.9954545497894287,0.026577689684927464
pendigits,ExtraTrees,9892,1100,10,0.009012238007431379,0.020744672956712187,0.003982805646955967,0.9954545497894287,0.023531418293714523
pendigits,LightGBM,9892,1100,10,0.009416221305212816,0.0929156333223916,0.003904459998011589,0.9936363697052002,0.02593402750790119
pendigits,LinearModel,9892,1100,10,0.06941684167448275,0.14833126609208996,0.01923135481774807,0.9563636183738708,0.025894934311509132
pendigits,NeuralNetFastAI,9892,1100,10,0.005277847928025611,0.08684213299621622,0.0023516640067100525,0.9972727298736572,0.026311262510716915
pendigits,NeuralNetTorch,9892,1100,10,0.004245516646292007,0.008253229216996718,0.0025558366905897856,0.9972727298736572,0.02535724826157093
pendigits,RandomForest,9892,1100,10,0.015759783956834413,0.027734285141915466,0.00588037446141243,0.9890909194946289,0.023839103057980537
pendigits,XGBoost,9892,1100,10,0.012017269071701022,0.02503287929869448,0.0037815466057509184,0.9918181896209717,0.026441672816872597
robert,CatBoost,9000,1000,10,0.5959525498669392,1.3165725043932344,0.05099274218082428,0.5490000247955322,0.02659293171018362
robert,ExtraTrees,9000,1000,10,0.668472265886565,1.5318741517881878,0.06676033139228821,0.47699999809265137,0.02897064946591854
robert,LightGBM,9000,1000,10,0.572050557495596,1.2575213330551231,0.028884418308734894,0.5550000071525574,0.02639083657413721
robert,LinearModel,9000,1000,10,0.7809050599102547,1.8531049982625318,0.07904580235481262,0.35600000619888306,0.025525862351059914
robert,NeuralNetFastAI,9000,1000,10,0.6569236997578818,1.474870306881241,0.032864004373550415,0.47600001096725464,0.027800852432847023
robert,NeuralNetTorch,9000,1000,10,0.6516126706439557,1.4715201234341027,0.04749683290719986,0.4869999885559082,0.02723228558897972
robert,RandomForest,9000,1000,10,0.6736229056120787,1.5491754305270753,0.056010086089372635,0.4790000021457672,0.027698944322764874
robert,XGBoost,9000,1000,10,0.608237584357209,1.3495790340942795,0.061058856546878815,0.5249999761581421,0.02702986914664507
satimage,CatBoost,5787,643,6,0.12005547506977886,0.2143218800465316,0.024393001571297646,0.9097978472709656,0.01581281702965498
satimage,ExtraTrees,5787,643,6,0.12184694397635064,0.22068230437059325,0.020383914932608604,0.9160186648368835,0.01488346979022026
satimage,LightGBM,5787,643,6,0.12005795514758122,0.3357303161496771,0.019923556596040726,0.9129082560539246,0.015427032485604286
satimage,LinearModel,5787,643,6,0.1884621595312712,0.3310387918960432,0.0338951013982296,0.8506998419761658,0.015415466390550137
satimage,NeuralNetFastAI,5787,643,6,0.11338536950038366,0.18967212422320154,0.021758202463388443,0.9129082560539246,0.015631500631570816
satimage,NeuralNetTorch,5787,643,6,0.11349519844199558,0.19033464672983133,0.0314316526055336,0.917573869228363,0.015653401613235474
satimage,RandomForest,5787,643,6,0.12199878490802989,0.21722663053880373,0.015172415412962437,0.9191290736198425,0.015205556526780128
satimage,XGBoost,5787,643,6,0.1156549982418918,0.3439073577485608,0.015017515979707241,0.9269051551818848,0.01555564720183611
segment,CatBoost,2079,231,7,0.026315462858427154,0.41308508734336513,0.02313387580215931,0.9870129823684692,0.011461175978183746
segment,ExtraTrees,2079,231,7,0.02966710128288454,0.42287982271035457,0.018658172339200974,0.9870129823684692,0.01090959645807743
segment,LightGBM,2079,231,7,0.040950623711935676,0.43795851362005517,0.023394938558340073,0.9783549904823303,0.011908023618161678
segment,LinearModel,2079,231,7,0.04197169892821411,0.08888073019716529,0.022942816838622093,0.9783549904823303,0.011534874327480793
segment,NeuralNetFastAI,2079,231,7,0.03704217387570513,0.06736408949921152,0.020580042153596878,0.9740259647369385,0.011706242337822914
segment,NeuralNetTorch,2079,231,7,0.031545805452648276,0.06982744006508139,0.02493441291153431,0.9826839566230774,0.011326110921800137
segment,RandomForest,2079,231,7,0.03390347761166905,0.43359596626224384,0.007349751424044371,0.9783549904823303,0.010881314054131508
segment,XGBoost,2079,231,7,0.041474166327970435,0.08854405992447824,0.026323463767766953,0.9740259647369385,0.011468255892395973
semeion,CatBoost,1433,160,10,0.10541473599233593,1.2449175122865805,0.05728880688548088,0.9312499761581421,0.01282871700823307
semeion,ExtraTrees,1433,160,10,0.1645932449394844,1.941483322670622,0.04546443372964859,0.8812500238418579,0.013282114639878273
semeion,LightGBM,1433,160,10,0.13414313233675285,0.31843173268698655,0.046710364520549774,0.9125000238418579,0.013273803517222404
semeion,LinearModel,1433,160,10,0.14056306593789927,0.27306237496648683,0.057452939450740814,0.893750011920929,0.01284105610102415
semeion,NeuralNetFastAI,1433,160,10,0.10416925663647887,1.2699988266396416,0.042827945202589035,0.9312499761581421,0.012724143452942371
semeion,NeuralNetTorch,1433,160,10,0.10234364205171173,0.7187769816376597,0.03602057695388794,0.925000011920929,0.012816322967410088
semeion,RandomForest,1433,160,10,0.16677545724026394,1.4184528604160784,0.05928872153162956,0.887499988079071,0.012743511237204075
semeion,XGBoost,1433,160,10,0.13550291296586836,0.29412426237994566,0.06219678372144699,0.90625,0.013047893531620502
soybean,CatBoost,614,69,19,0.10155024346550988,0.14400690243864067,0.06458691507577896,0.9420289993286133,0.01785362232476473
soybean,ExtraTrees,614,69,19,0.08122001056938197,0.11631073802722323,0.02871190756559372,0.9420289993286133,0.01661584433168173
soybean,LightGBM,614,69,19,0.06242799830471561,0.10359693608824067,0.02881276048719883,0.95652174949646,0.016998247243463993
soybean,LinearModel,614,69,19,0.12182576554947491,1.4192103195790589,0.036076389253139496,0.9275362491607666,0.016758504323661327
soybean,NeuralNetFastAI,614,69,19,0.10414810253904662,1.3857187170113865,0.055685337632894516,0.9420289993286133,0.01696859858930111
soybean,NeuralNetTorch,614,69,19,0.12183496246078929,1.4096567976937702,0.07441773265600204,0.9275362491607666,0.017184695228934288
soybean,RandomForest,614,69,19,0.10662525651345675,1.3845455656102499,0.04864449426531792,0.9420289993286133,0.016939783468842506
soybean,XGBoost,614,69,19,0.09876275374328623,1.3822528928436362,0.0595993772149086,0.95652174949646,0.017108567990362644
splice,CatBoost,2871,319,3,0.05733126475917309,0.10906398405817987,0.012251283973455429,0.962382435798645,0.009081185795366764
splice,ExtraTrees,2871,319,3,0.08932193501808468,0.16684025829822208,0.031215829774737358,0.9341692924499512,0.00878981314599514
splice,LightGBM,2871,319,3,0.06277801015985195,0.12210754637626209,0.020894363522529602,0.962382435798645,0.00902858842164278
splice,LinearModel,2871,319,3,0.09584907804326297,0.18990398783420193,0.03293931856751442,0.9373040795326233,0.009257081896066666
splice,NeuralNetFastAI,2871,319,3,0.05436569747386653,0.1025014315894265,0.014177434146404266,0.9592476487159729,0.009296315722167492
splice,NeuralNetTorch,2871,319,3,0.06612638199077399,0.12923434066138695,0.008239779621362686,0.9592476487159729,0.00931717548519373
splice,RandomForest,2871,319,3,0.08420068023196166,0.1521723381288539,0.029729384928941727,0.9373040795326233,0.0091168861836195
splice,XGBoost,2871,319,3,0.054373537546467364,0.10092211648096819,0.02617398276925087,0.9655172228813171,0.009212269447743893
steel-plates-fault,CatBoost,1746,195,7,0.2405146913661028,0.4776578444578025,0.03449432551860809,0.8153846263885498,0.011228082701563835
steel-plates-fault,ExtraTrees,1746,195,7,0.25880130481665026,0.8925066394026643,0.03865041956305504,0.8102564215660095,0.01120592001825571
steel-plates-fault,LightGBM,1746,195,7,0.24880284888377296,0.907275016078561,0.027383415028452873,0.8153846263885498,0.011417517438530922
steel-plates-fault,LinearModel,1746,195,7,0.34526234558852403,1.0765964151151606,0.07236232608556747,0.7538461685180664,0.011739272624254227
steel-plates-fault,NeuralNetFastAI,1746,195,7,0.3088719852932247,0.9943980294334773,0.07009418308734894,0.7743589878082275,0.011566237546503544
steel-plates-fault,NeuralNetTorch,1746,195,7,0.33663812521966097,0.6212653407636004,0.059688933193683624,0.728205144405365,0.011587368324398994
steel-plates-fault,RandomForest,1746,195,7,0.2531753469104439,0.8953153778495399,0.0492573045194149,0.8153846263885498,0.010889832861721516
steel-plates-fault,XGBoost,1746,195,7,0.2423818829138894,1.3250296346310917,0.046003445982933044,0.8153846263885498,0.01116928644478321
synthetic_control,CatBoost,540,60,6,2.1841334161490424e-09,4.2668222312204355e-06,4.351139068603516e-06,1.0,0.008717237040400505
synthetic_control,ExtraTrees,540,60,6,0.0020690095693290628,0.006458547287507905,0.005867392290383577,1.0,0.00880882702767849
synthetic_control,LightGBM,540,60,6,0.0,0.0,5.960464477539063e-08,1.0,0.008791276253759861
synthetic_control,LinearModel,540,60,6,0.0005856319623427065,0.003923748989348683,0.003767683170735836,1.0,0.008887265808880329
synthetic_control,NeuralNetFastAI,540,60,6,4.6844183819936954e-05,0.0006368067345422151,0.0006248354911804199,1.0,0.00902898795902729
synthetic_control,NeuralNetTorch,540,60,6,0.006941393279454114,0.01278490810821942,0.010493242181837559,1.0,0.008793649263679981
synthetic_control,RandomForest,540,60,6,0.002238845372162624,0.007674847335507284,0.007038295269012451,1.0,0.008858151733875275
synthetic_control,XGBoost,540,60,6,0.0014975454592213763,0.005346972494292908,0.004928427282720804,1.0,0.00877624936401844
texture,CatBoost,4950,550,11,0.011861948448920917,0.02026432761926395,0.006982656195759773,0.9927272796630859,0.019494696520268917
texture,ExtraTrees,4950,550,11,0.019234088600979103,0.03257011709217928,0.012994378805160522,0.9854545593261719,0.018853499554097652
texture,LightGBM,4950,550,11,0.004884773188933724,0.010200689636111409,0.00495845265686512,0.9981818199157715,0.019105922430753708
texture,LinearModel,4950,550,11,0.007943570099740702,0.3194112787634238,0.004823502618819475,0.996363639831543,0.018730764277279377
texture,NeuralNetFastAI,4950,550,11,0.007823920242772823,0.1646676258017874,0.004482700489461422,0.9945454597473145,0.01839506346732378
texture,NeuralNetTorch,4950,550,11,0.004276252303261291,0.15997070030038274,0.002672603353857994,0.9981818199157715,0.02009924128651619
texture,RandomForest,4950,550,11,0.02864659975383173,0.04894607499533929,0.009479791857302189,0.9781818389892578,0.018728028051555157
texture,XGBoost,4950,550,11,0.015787363505502097,0.03025059673695179,0.009242868050932884,0.9890909194946289,0.02035971451550722
vehicle,CatBoost,761,85,4,0.27709082994989415,1.4279831274178671,0.05445961654186249,0.7764706015586853,0.007958521135151386
vehicle,ExtraTrees,761,85,4,0.2646549978951813,3.404937599201771,0.04361984506249428,0.800000011920929,0.007841112092137337
vehicle,LightGBM,761,85,4,0.27387913422530846,0.43367101843206857,0.07812080532312393,0.800000011920929,0.007757321931421757
vehicle,LinearModel,761,85,4,0.2119226942457623,0.3314414810327462,0.06840036809444427,0.8235294222831726,0.007786189205944538
vehicle,NeuralNetFastAI,761,85,4,0.19628131362611975,1.3044655292743235,0.07848267257213593,0.8352941274642944,0.00792692694813013
vehicle,NeuralNetTorch,761,85,4,0.19440039091302438,1.3199265889552012,0.04016745835542679,0.8588235378265381,0.007857212796807289
vehicle,RandomForest,761,85,4,0.277460915059071,1.4383058270488718,0.06146323308348656,0.7529411911964417,0.007764527574181557
vehicle,XGBoost,761,85,4,0.28179111602972146,1.4415211336277538,0.053014177829027176,0.7764706015586853,0.008179321885108948
volcanoes-a2,CatBoost,1460,163,5,0.11762796781898793,0.24789234957121276,0.04606600105762482,0.9018405079841614,0.009568808600306511
volcanoes-a2,ExtraTrees,1460,163,5,0.11553167658639911,0.2501699090912894,0.0621236115694046,0.9202454090118408,0.009609391912817955
volcanoes-a2,LightGBM,1460,163,5,0.10569525489498195,0.22430901990571958,0.0425708144903183,0.9325153231620789,0.009445463307201862
volcanoes-a2,LinearModel,1460,163,5,0.11711031967815436,0.2557356769910156,0.041361674666404724,0.9141104221343994,0.009486406110227108
volcanoes-a2,NeuralNetFastAI,1460,163,5,0.10842423251825471,0.22824686502308564,0.046874068677425385,0.9141104221343994,0.009497116319835186
volcanoes-a2,NeuralNetTorch,1460,163,5,0.10936237107363761,0.2316064311848507,0.04342443868517876,0.9263803958892822,0.009402971714735031
volcanoes-a2,RandomForest,1460,163,5,0.11773305846217139,0.25490160753904983,0.04825016111135483,0.907975435256958,0.00944143533706665
volcanoes-a2,XGBoost,1460,163,5,0.11198645738762147,0.24749143268237245,0.0375688299536705,0.9202454090118408,0.009419218637049198
volcanoes-a3,CatBoost,1368,153,5,0.13891410047565636,0.29487053228975796,0.03998541459441185,0.8954248428344727,0.009604133665561676
volcanoes-a3,ExtraTrees,1368,153,5,0.14573523346625253,0.31515874460263615,0.04211368411779404,0.8954248428344727,0.009457860141992569
volcanoes-a3,LightGBM,1368,153,5,0.1449872810063054,0.29785968553399317,0.05857351794838905,0.9019607901573181,0.009451352059841156
volcanoes-a3,LinearModel,1368,153,5,0.14476259670075328,0.32295613304761445,0.04284572973847389,0.9019607901573181,0.009260769002139568
volcanoes-a3,NeuralNetFastAI,1368,153,5,0.1438846385988516,0.3190590609476408,0.05127627030014992,0.8954248428344727,0.0092929070815444
volcanoes-a3,NeuralNetTorch,1368,153,5,0.14212453434755895,0.30873092519076617,0.037813700735569,0.8954248428344727,0.009317964315414429
volcanoes-a3,RandomForest,1368,153,5,0.1445275227771833,0.30071444291240973,0.06014491617679596,0.8954248428344727,0.009324179030954838
volcanoes-a3,XGBoost,1368,153,5,0.14331687100576054,0.3044623797735449,0.05538332462310791,0.9084967374801636,0.009392738342285156
volcanoes-a4,CatBoost,1363,152,5,0.13150187648322975,0.8440077824617884,0.03728742524981499,0.9144737124443054,0.009374222718179226
volcanoes-a4,ExtraTrees,1363,152,5,0.13009872091549082,0.29372938947200716,0.03420304134488106,0.9144737124443054,0.0096290810033679
volcanoes-a4,LightGBM,1363,152,5,0.13118178557398583,0.29985526314995126,0.03912300243973732,0.9078947305679321,0.009422412142157555
volcanoes-a4,LinearModel,1363,152,5,0.12960427319958795,0.3120681961536957,0.028546972200274467,0.9144737124443054,0.009442990645766258
volcanoes-a4,NeuralNetFastAI,1363,152,5,0.12833378597284456,0.8403821388855248,0.03888319805264473,0.9144737124443054,0.009246272966265678
volcanoes-a4,NeuralNetTorch,1363,152,5,0.1307856764499555,0.2968891379892556,0.04818170517683029,0.9144737124443054,0.009249418042600155
volcanoes-a4,RandomForest,1363,152,5,0.13564029559493698,0.31485208005679555,0.052703630179166794,0.8947368264198303,0.009245562367141247
volcanoes-a4,XGBoost,1363,152,5,0.13674507629802352,0.3284529250726014,0.04537556320428848,0.9144737124443054,0.009308896027505398
volcanoes-b1,CatBoost,9158,1018,5,0.0544256517412133,0.13858437167687562,0.008601502515375614,0.968565821647644,0.01908568385988474
volcanoes-b1,ExtraTrees,9158,1018,5,0.05353207411608249,0.13885875000574743,0.005359513219445944,0.9695481061935425,0.019080830737948418
volcanoes-b1,LightGBM,9158,1018,5,0.05543386971831406,0.2245746412478525,0.009289756417274475,0.9666011929512024,0.019107937812805176
volcanoes-b1,LinearModel,9158,1018,5,0.05473551015875886,0.22075051861657266,0.009132216684520245,0.968565821647644,0.018916749395430088
volcanoes-b1,NeuralNetFastAI,9158,1018,5,0.05452295269191352,0.14140449205794517,0.01343786995857954,0.968565821647644,0.01884408015757799
volcanoes-b1,NeuralNetTorch,9158,1018,5,0.05416427629464129,0.14397404884047627,0.00967635028064251,0.9705304503440857,0.018986757844686508
volcanoes-b1,RandomForest,9158,1018,5,0.05422751405928304,0.14093823304722017,0.004773647524416447,0.968565821647644,0.01894750352948904
volcanoes-b1,XGBoost,9158,1018,5,0.05450813441439031,0.1428436791156729,0.01520233228802681,0.968565821647644,0.01914098486304283
volcanoes-b2,CatBoost,9601,1067,5,0.05136923575219618,0.13734954185379727,0.006836950313299894,0.9681349396705627,0.019489681348204613
volcanoes-b2,ExtraTrees,9601,1067,5,0.05034765077939007,0.1343305324555356,0.009773453697562218,0.969072163105011,0.019508673809468746
volcanoes-b2,LightGBM,9601,1067,5,0.05300403993371309,0.2981502663938957,0.009307676926255226,0.969072163105011,0.020230361260473728
volcanoes-b2,LinearModel,9601,1067,5,0.05148590594703111,0.2911369076417716,0.0076423329301178455,0.9700093865394592,0.019841667264699936
volcanoes-b2,NeuralNetFastAI,9601,1067,5,0.05091960770927669,0.28862407660090755,0.007613940630108118,0.969072163105011,0.019372514449059963
volcanoes-b2,NeuralNetTorch,9601,1067,5,0.051220943704645215,0.21530920203978232,0.008616120554506779,0.969072163105011,0.01966206543147564
volcanoes-b2,RandomForest,9601,1067,5,0.05045844357846524,0.1362669212408358,0.008825162425637245,0.9700093865394592,0.01950065605342388
volcanoes-b2,XGBoost,9601,1067,5,0.04963474608235679,0.13259756410465692,0.011146550066769123,0.9700093865394592,0.01946275122463703
volcanoes-b5,CatBoost,8990,999,5,0.0558275631138134,0.13784930951677876,0.008613732643425465,0.966966986656189,0.018937570974230766
volcanoes-b5,ExtraTrees,8990,999,5,0.05705178082008643,0.1395894758286937,0.014169924892485142,0.966966986656189,0.018730193376541138
volcanoes-b5,LightGBM,8990,999,5,0.05681997316122083,0.13921377350651976,0.00892516691237688,0.9639639854431152,0.01881067268550396
volcanoes-b5,LinearModel,8990,999,5,0.056721400225210696,0.21918569905897065,0.012094718404114246,0.965965986251831,0.01876149419695139
volcanoes-b5,NeuralNetFastAI,8990,999,5,0.057453468282427034,0.142162478695628,0.010440551675856113,0.965965986251831,0.019026773050427437
volcanoes-b5,NeuralNetTorch,8990,999,5,0.05711764438649261,0.3027679385811575,0.008749358355998993,0.965965986251831,0.018776091746985912
volcanoes-b5,RandomForest,8990,999,5,0.056691968510077115,0.14037137428731017,0.01059223897755146,0.966966986656189,0.018710969015955925
volcanoes-b5,XGBoost,8990,999,5,0.05586315523844296,0.14301168908210282,0.013212817721068859,0.9679679870605469,0.018844766542315483
volcanoes-b6,CatBoost,9117,1013,5,0.06358235323357057,0.17031863981643489,0.016485530883073807,0.9644619822502136,0.01922332588583231
volcanoes-b6,ExtraTrees,9117,1013,5,0.06332257281937397,0.17157882603457408,0.012059626169502735,0.9644619822502136,0.01893045473843813
volcanoes-b6,LightGBM,9117,1013,5,0.06324828441270189,0.17187244480063774,0.01621653512120247,0.9624876379966736,0.018987860530614853
volcanoes-b6,LinearModel,9117,1013,5,0.06454312733806052,0.2528074052244536,0.01763318106532097,0.9644619822502136,0.018977358005940914
volcanoes-b6,NeuralNetFastAI,9117,1013,5,0.0646778955522244,0.17409157808950396,0.018909718841314316,0.9624876379966736,0.0190022187307477
volcanoes-b6,NeuralNetTorch,9117,1013,5,0.06453874993547833,0.17196173456459754,0.017696116119623184,0.9624876379966736,0.01895736623555422
volcanoes-b6,RandomForest,9117,1013,5,0.06394845478431715,0.17132492013391284,0.013953090645372868,0.9615004658699036,0.018362948670983315
volcanoes-b6,XGBoost,9117,1013,5,0.06251324515451033,0.17043059014841605,0.011013379320502281,0.9634748101234436,0.018551528453826904
volcanoes-d1,CatBoost,7877,876,5,0.09899269511367288,0.25019422878904435,0.009184437803924084,0.9452054500579834,0.016856541857123375
volcanoes-d1,ExtraTrees,7877,876,5,0.10037105924652515,0.25674049133515914,0.016261309385299683,0.9440639019012451,0.01698474306613207
volcanoes-d1,LightGBM,7877,876,5,0.10038774389120043,0.2579319968193387,0.010425631888210773,0.9440639019012451,0.01698874868452549
volcanoes-d1,LinearModel,7877,876,5,0.09985383204068181,0.25288706286807394,0.016105275601148605,0.9429223537445068,0.016887018457055092
volcanoes-d1,NeuralNetFastAI,7877,876,5,0.09982224154258759,0.3439753819430336,0.01049263309687376,0.9429223537445068,0.0169109757989645
volcanoes-d1,NeuralNetTorch,7877,876,5,0.10035336446911529,0.3466899230224576,0.011532510630786419,0.9429223537445068,0.01698601059615612
volcanoes-d1,RandomForest,7877,876,5,0.10089838181242869,0.4431267455160605,0.013389579951763153,0.9440639019012451,0.017159005627036095
volcanoes-d1,XGBoost,7877,876,5,0.09951954049215431,0.2547408492157368,0.017281033098697662,0.9440639019012451,0.01734029781073332
volcanoes-d4,CatBoost,7788,866,5,0.09547521378620691,0.235371494863197,0.016704948619008064,0.9457274675369263,0.0173316802829504
volcanoes-d4,ExtraTrees,7788,866,5,0.09724234045444705,0.23915785801061926,0.016688469797372818,0.943418025970459,0.017377104610204697
volcanoes-d4,LightGBM,7788,866,5,0.09743235854456166,0.33175916771342384,0.013806166127324104,0.943418025970459,0.017236853018403053
volcanoes-d4,LinearModel,7788,866,5,0.09721876136260026,0.23791329482722343,0.01940922997891903,0.943418025970459,0.01721181534230709
volcanoes-d4,NeuralNetFastAI,7788,866,5,0.09753889305977803,0.23803374658010762,0.010005451738834381,0.943418025970459,0.017400335520505905
volcanoes-d4,NeuralNetTorch,7788,866,5,0.09673972678329953,0.33103320679454334,0.017143983393907547,0.943418025970459,0.017279895022511482
volcanoes-d4,RandomForest,7788,866,5,0.09782411542772937,0.23923720366493317,0.015281450934708118,0.943418025970459,0.017314404249191284
volcanoes-d4,XGBoost,7788,866,5,0.09762882529086454,0.24173446017664327,0.009806927293539047,0.943418025970459,0.01746935211122036
volcanoes-e1,CatBoost,1064,119,5,0.15706361452882367,0.37221059107275206,0.04384952783584595,0.9075630307197571,0.009006843902170658
volcanoes-e1,ExtraTrees,1064,119,5,0.1655632746744328,0.39956065369135285,0.05639182776212692,0.9075630307197571,0.011551009491086006
volcanoes-e1,LightGBM,1064,119,5,0.16512375723775985,0.3959728681685038,0.05785235017538071,0.9075630307197571,0.009400038979947567
volcanoes-e1,LinearModel,1064,119,5,0.1664019626815163,0.40759066650464615,0.05976042151451111,0.9075630307197571,0.009151533246040344
volcanoes-e1,NeuralNetFastAI,1064,119,5,0.16029568912473857,1.0742165993409238,0.040136829018592834,0.9075630307197571,0.00908712763339281
volcanoes-e1,NeuralNetTorch,1064,119,5,0.16208860521836987,0.39361156443050693,0.052970610558986664,0.9075630307197571,0.009101993404328823
volcanoes-e1,RandomForest,1064,119,5,0.17112710024974384,1.1044293109107024,0.05290869623422623,0.9075630307197571,0.009107943624258041
volcanoes-e1,XGBoost,1064,119,5,0.16367234862421137,1.0843055566944655,0.05131543055176735,0.9075630307197571,0.009142243303358555
volkert,CatBoost,52479,5831,10,0.39207246159377174,0.7973368028098089,0.014227385632693768,0.7072543501853943,0.11013293080031872
volkert,ExtraTrees,52479,5831,10,0.42761107865955567,0.8814551065219561,0.01601060852408409,0.6825587153434753,0.09983426332473755
volkert,LightGBM,52479,5831,10,0.3651676244948193,0.7412901425123709,0.011338846758008003,0.7298919558525085,0.10807493142783642
volkert,LinearModel,52479,5831,10,0.5433913432266182,1.160082976286104,0.019691292196512222,0.5872063040733337,0.11067191697657108
volkert,NeuralNetFastAI,52479,5831,10,0.35646521201005366,0.7230893618449223,0.030712027102708817,0.743611752986908,0.10647635161876678
volkert,NeuralNetTorch,52479,5831,10,0.38464895930945364,0.7764768014823346,0.02234669402241707,0.7192591428756714,0.10688089393079281
volkert,RandomForest,52479,5831,10,0.42769741824096486,0.8853949046314907,0.014114686287939548,0.6887326240539551,0.10780141223222017
volkert,XGBoost,52479,5831,10,0.38573458644530195,0.7879809981675521,0.015218900516629219,0.7180586457252502,0.10701394360512495
wall-robot-navigation,CatBoost,4910,546,4,0.006024392947370244,0.1638741407191178,0.0030422562267631292,0.9963369965553284,0.01262314710766077
wall-robot-navigation,ExtraTrees,4910,546,4,0.024721554198885127,0.04631100002340373,0.009844468906521797,0.9853479862213135,0.012322417460381985
wall-robot-navigation,LightGBM,4910,546,4,0.005996633457877352,0.008755222137754457,0.003741645719856024,0.9945054650306702,0.012122753076255322
wall-robot-navigation,LinearModel,4910,546,4,0.3595798775386271,0.6225026732552493,0.03072410263121128,0.7197802066802979,0.012538773939013481
wall-robot-navigation,NeuralNetFastAI,4910,546,4,0.04816629284849207,0.24057734471500108,0.01754230447113514,0.970695972442627,0.012394474819302559
wall-robot-navigation,NeuralNetTorch,4910,546,4,0.051645447313881376,0.2524234295664822,0.019219577312469482,0.9670329689979553,0.012156532146036625
wall-robot-navigation,RandomForest,4910,546,4,0.011850202847125851,0.1743619405945352,0.007037813775241375,0.9926739931106567,0.011321994476020336
wall-robot-navigation,XGBoost,4910,546,4,0.011387748072788535,0.1719167874635928,0.00666520930826664,0.9926739931106567,0.012410934083163738
waveform-5000,CatBoost,4500,500,3,0.1963996602001278,0.30861463684300366,0.03711826726794243,0.843999981880188,0.01097546610981226
waveform-5000,ExtraTrees,4500,500,3,0.20698860026415442,0.3142356032947665,0.04123987257480621,0.8299999833106995,0.010812975466251373
waveform-5000,LightGBM,4500,500,3,0.20215344158222473,0.3179626112715527,0.04071056470274925,0.8479999899864197,0.010896896943449974
waveform-5000,LinearModel,4500,500,3,0.18819407816951134,0.4650534705423361,0.027837267145514488,0.8640000224113464,0.010727518238127232
waveform-5000,NeuralNetFastAI,4500,500,3,0.18288473609203462,0.28145237701746656,0.02890687808394432,0.8640000224113464,0.010683977045118809
waveform-5000,NeuralNetTorch,4500,500,3,0.1781616110894838,0.27685431588951626,0.03239602968096733,0.8579999804496765,0.010680679231882095
waveform-5000,RandomForest,4500,500,3,0.2248171798980354,0.34133748116796264,0.035924334079027176,0.8399999737739563,0.010978384874761105
waveform-5000,XGBoost,4500,500,3,0.20213582486441856,0.314251677567817,0.030120301991701126,0.8539999723434448,0.010873633436858654
wine-quality-red,CatBoost,1439,160,6,0.439019891600536,0.8319736542358076,0.07338999211788177,0.6937500238418579,0.01033998467028141
wine-quality-red,ExtraTrees,1439,160,6,0.41033621392457087,0.7816790742871087,0.07914777100086212,0.7124999761581421,0.010036342777311802
wine-quality-red,LightGBM,1439,160,6,0.43844265759774037,1.366381389666834,0.060364507138729095,0.699999988079071,0.01015032734721899
wine-quality-red,LinearModel,1439,160,6,0.5635367326594727,1.5180984650553744,0.09104447811841965,0.5375000238418579,0.010320949368178844
wine-quality-red,NeuralNetFastAI,1439,160,6,0.5284295665395586,0.9436738977827245,0.06114939600229263,0.581250011920929,0.010188385844230652
wine-quality-red,NeuralNetTorch,1439,160,6,0.49630915198790637,1.4239136328850903,0.0902801901102066,0.668749988079071,0.010132373310625553
wine-quality-red,RandomForest,1439,160,6,0.4187818659613633,0.7988528162105197,0.0484168641269207,0.706250011920929,0.010283520445227623
wine-quality-red,XGBoost,1439,160,6,0.4425641852639286,0.8753043805573739,0.06525713205337524,0.6937500238418579,0.010359885171055794
wine-quality-white,CatBoost,4408,490,7,0.39899319256893795,0.7642760304795485,0.052932847291231155,0.718367338180542,0.01567137986421585
wine-quality-white,ExtraTrees,4408,490,7,0.3718953847311468,0.7143485908805456,0.06542118638753891,0.7122448682785034,0.015220988541841507
wine-quality-white,LightGBM,4408,490,7,0.37921037985843725,1.0542504571748994,0.05688711628317833,0.7204081416130066,0.015385615639388561
wine-quality-white,LinearModel,4408,490,7,0.5636903228341281,1.4000547150029488,0.06737194955348969,0.5673469305038452,0.01540701650083065
wine-quality-white,NeuralNetFastAI,4408,490,7,0.5101230749750231,1.1032370319397649,0.04197900742292404,0.6040816307067871,0.01583728939294815
wine-quality-white,NeuralNetTorch,4408,490,7,0.5080314790024474,0.9260182731902996,0.04438948631286621,0.6081632375717163,0.01576040033251047
wine-quality-white,RandomForest,4408,490,7,0.38019323842529673,0.7301351095469624,0.0546296201646328,0.7081632614135742,0.015117909759283066
wine-quality-white,XGBoost,4408,490,7,0.39218671135066957,0.9148785048176281,0.06176556274294853,0.7081632614135742,0.015460902824997902
