dataset,model,cal_size,test_size,n_classes,Venn-Abers_brier,Venn-Abers_logloss,Venn-Abers_ece-15,Venn-Abers_accuracy,Venn-Abers_time
Diabetes130US,CatBoost,91589,10177,3,0.4928512300732014,0.8277742908596347,0.004541325848549604,0.6214011907577515,3.0436157435178757
Diabetes130US,ExtraTrees,91589,10177,3,0.5056011174359114,0.8478375119308874,0.0064556533470749855,0.6105924844741821,2.001061838120222
Diabetes130US,LightGBM,91589,10177,3,0.497149751877605,0.8354757730977957,0.00912417657673359,0.6207133531570435,2.2463730052113533
Diabetes130US,LinearModel,91589,10177,3,0.5261842820696752,0.8785956852676151,0.012884426862001419,0.593298614025116,1.5354018881917
Diabetes130US,NeuralNetFastAI,91589,10177,3,0.5032559632317201,0.8445498230302548,0.013872427865862846,0.6158003211021423,1.830972120165825
Diabetes130US,NeuralNetTorch,91589,10177,3,0.5110427188329094,0.8561049063957071,0.00856482982635498,0.607448160648346,1.5752382948994637
Diabetes130US,RandomForest,91589,10177,3,0.5047406464363297,0.8468338987080765,0.005477398168295622,0.6080377101898193,1.8516554050147533
Diabetes130US,XGBoost,91589,10177,3,0.4939705911945479,0.8286450622453384,0.012249884195625782,0.6229733824729919,3.012938793748617
GesturePhaseSegmentationProcessed,CatBoost,8885,988,5,0.3864555948549981,0.7401879545714779,0.019708242267370224,0.7176113128662109,0.5109161958098412
GesturePhaseSegmentationProcessed,ExtraTrees,8885,988,5,0.41470675893866815,0.7926214825555566,0.05581575632095337,0.6993927359580994,0.14789839833974838
GesturePhaseSegmentationProcessed,LightGBM,8885,988,5,0.39127607923089686,0.7527344673999763,0.0399453267455101,0.7115384340286255,0.6163840740919113
GesturePhaseSegmentationProcessed,LinearModel,8885,988,5,0.6454213701639232,1.2471979115549954,0.032475341111421585,0.45951417088508606,0.3126285932958126
GesturePhaseSegmentationProcessed,NeuralNetFastAI,8885,988,5,0.5040004672039423,0.9653116983443222,0.03484698385000229,0.6325910687446594,0.36043401807546616
GesturePhaseSegmentationProcessed,NeuralNetTorch,8885,988,5,0.4898912011593447,0.9462764053677895,0.053095556795597076,0.6427125334739685,0.43209243193268776
GesturePhaseSegmentationProcessed,RandomForest,8885,988,5,0.42552459523885805,0.8069226907140917,0.04199875146150589,0.6791498064994812,0.1376979537308216
GesturePhaseSegmentationProcessed,XGBoost,8885,988,5,0.39233810955563886,0.7535091177648381,0.04894468933343887,0.71659916639328,0.5761475674808025
Indian_pines,CatBoost,8229,915,8,0.07402366358883956,0.13946839491520358,0.0317167192697525,0.9551912546157837,2.2987232096493244
Indian_pines,ExtraTrees,8229,915,8,0.10679553161547202,0.18967859816767138,0.03251529857516289,0.9355190992355347,0.16785062104463577
Indian_pines,LightGBM,8229,915,8,0.059352411087635865,0.11717627118137285,0.02998513914644718,0.9661202430725098,0.40303627774119377
Indian_pines,LinearModel,8229,915,8,0.11837544800989652,0.2226984156787323,0.03464047610759735,0.9256830811500549,0.25113409385085106
Indian_pines,NeuralNetFastAI,8229,915,8,0.05518370417511946,0.10546508531015601,0.016795651987195015,0.9650273323059082,2.4586198329925537
Indian_pines,NeuralNetTorch,8229,915,8,0.047908152565042245,0.09773095254896795,0.027417276054620743,0.9672130942344666,0.9283057153224945
Indian_pines,RandomForest,8229,915,8,0.11110652122340552,0.19589706550300048,0.03542536497116089,0.9344262480735779,0.15719155222177505
Indian_pines,XGBoost,8229,915,8,0.06939979393969448,0.13010105870069155,0.0304422490298748,0.9584699273109436,2.817127753049135
LED-display-domain-7digit,CatBoost,450,50,10,0.4123099515930802,0.8799623755865054,0.1686096489429474,0.7599999904632568,0.06361692398786545
LED-display-domain-7digit,ExtraTrees,450,50,10,0.3816819065869454,0.8236070200514283,0.16896647214889526,0.8199999928474426,0.096937645226717
LED-display-domain-7digit,LightGBM,450,50,10,0.35533290327454453,0.7653331786634968,0.18001461029052734,0.800000011920929,0.06823962554335594
LED-display-domain-7digit,LinearModel,450,50,10,0.369303606442153,0.7779795012263034,0.14939649403095245,0.7400000095367432,0.06541920453310013
LED-display-domain-7digit,NeuralNetFastAI,450,50,10,0.37891977067923494,0.8148854420166489,0.16773124039173126,0.7599999904632568,0.06862517818808556
LED-display-domain-7digit,NeuralNetTorch,450,50,10,0.3679437383954722,0.7797408236547483,0.18013161420822144,0.7799999713897705,0.06839998811483383
LED-display-domain-7digit,RandomForest,450,50,10,0.3923672454438163,0.8380895132434014,0.14794883131980896,0.7599999904632568,0.1001548022031784
LED-display-domain-7digit,XGBoost,450,50,10,0.3753117866898153,0.8091966797889105,0.1878514289855957,0.800000011920929,0.0662810392677784
MiceProtein,CatBoost,972,108,8,0.021477361631854187,0.07581113651927807,0.05860046297311783,0.9907407164573669,0.2887212038040161
MiceProtein,ExtraTrees,972,108,8,0.011570640662592623,0.05411285832450586,0.04526936262845993,0.9907407164573669,0.1470331735908985
MiceProtein,LightGBM,972,108,8,0.025750124666847465,0.08951322490363005,0.07402675598859787,1.0,0.1992700919508934
MiceProtein,LinearModel,972,108,8,0.01899762467432236,0.08105425960093678,0.07353554666042328,1.0,0.14743250235915184
MiceProtein,NeuralNetFastAI,972,108,8,0.037859784129580694,0.12151779158549109,0.10011634975671768,0.9907407164573669,0.09437878802418709
MiceProtein,NeuralNetTorch,972,108,8,0.03659241317092589,0.11362787532013273,0.09769245982170105,1.0,0.015156108886003494
MiceProtein,RandomForest,972,108,8,0.06887266687843957,0.1732249373653349,0.057729776948690414,0.9444444179534912,0.091465063393116
MiceProtein,XGBoost,972,108,8,0.03400404595597553,0.09462947328181406,0.061975426971912384,0.9814814925193787,0.2900368273258209
Traffic_violations,CatBoost,63306,7034,3,0.2684195174693321,0.4040157860542677,0.010714727453887463,0.7991185784339905,15.650927059352398
Traffic_violations,ExtraTrees,63306,7034,3,0.2777269484013346,0.4184596912070081,0.007697947323322296,0.7918680906295776,2.2049549147486687
Traffic_violations,LightGBM,63306,7034,3,0.2722080165718463,0.4112322259544464,0.008624408394098282,0.795137882232666,13.610558956861496
Traffic_violations,LinearModel,63306,7034,3,0.27694938439479083,0.4161633735496692,0.010199501179158688,0.7894512414932251,14.17349474132061
Traffic_violations,NeuralNetFastAI,63306,7034,3,0.27570912468021175,0.4132655198024651,0.010528753511607647,0.7925788760185242,12.084111340343952
Traffic_violations,NeuralNetTorch,63306,7034,3,0.28891066814763094,0.4383622897412541,0.011054770089685917,0.7822007536888123,11.875450015068054
Traffic_violations,RandomForest,63306,7034,3,0.2737454639941429,0.41135868731018854,0.012826668098568916,0.7948535680770874,2.1203654520213604
Traffic_violations,XGBoost,63306,7034,3,0.2731976899706751,0.4094484831253344,0.008565295487642288,0.7925788760185242,13.666918098926544
UMIST_Faces_Cropped,CatBoost,517,58,20,0.08367700314900406,0.2759794280335241,0.16352368891239166,0.9655172228813171,0.38213933259248734
UMIST_Faces_Cropped,ExtraTrees,517,58,20,0.08513684066839407,0.2615302023423941,0.18645663559436798,0.982758641242981,0.14719048514962196
UMIST_Faces_Cropped,LightGBM,517,58,20,0.08547598443536035,0.31433572137111515,0.17220115661621094,0.9655172228813171,0.384339552372694
UMIST_Faces_Cropped,LinearModel,517,58,20,0.09883993372653455,0.31302597007067334,0.17748034000396729,0.9655172228813171,0.10499101877212524
UMIST_Faces_Cropped,NeuralNetFastAI,517,58,20,0.16667702916131724,0.45270451240393145,0.21177107095718384,0.931034505367279,0.03289041295647621
UMIST_Faces_Cropped,NeuralNetTorch,517,58,20,0.12914864470103035,0.3165684103393951,0.10647563636302948,0.8965517282485962,0.0066783130168914795
UMIST_Faces_Cropped,RandomForest,517,58,20,0.07906484975708677,0.25341373035130005,0.1803753674030304,0.982758641242981,0.16692983359098434
UMIST_Faces_Cropped,XGBoost,517,58,20,0.0972446220414951,0.333773952687903,0.1364869922399521,0.9482758641242981,0.379822451621294
analcatdata_authorship,CatBoost,756,85,4,0.04062170624316938,0.09060730237489412,0.04903893172740936,0.9647058844566345,0.09981398284435272
analcatdata_authorship,ExtraTrees,756,85,4,0.03553499670870738,0.08382356264772216,0.05413297563791275,0.9764705896377563,0.058241624385118484
analcatdata_authorship,LightGBM,756,85,4,0.030498304461774865,0.07468455012559246,0.029084857553243637,0.9882352948188782,0.04504520446062088
analcatdata_authorship,LinearModel,756,85,4,0.03200516618543175,0.07398802953245284,0.03728323057293892,0.9882352948188782,0.028089769184589386
analcatdata_authorship,NeuralNetFastAI,756,85,4,0.06679067261896302,0.1038443134087359,0.013027536682784557,0.929411768913269,0.001620657742023468
analcatdata_authorship,NeuralNetTorch,756,85,4,0.07048162398071554,0.12506972527652221,0.05506865307688713,0.9058823585510254,0.0023589283227920532
analcatdata_authorship,RandomForest,756,85,4,0.0495280118218437,0.11386912925300399,0.05634826421737671,0.9647058844566345,0.036015577614307404
analcatdata_authorship,XGBoost,756,85,4,0.027968602260931185,0.06716000112410431,0.052433133125305176,0.9882352948188782,0.10651445388793945
analcatdata_dmft,CatBoost,717,80,6,0.809489982637327,1.7157076431215519,0.06638463586568832,0.26249998807907104,0.02841818705201149
analcatdata_dmft,ExtraTrees,717,80,6,0.8170175175146852,1.7406118313074799,0.046604741364717484,0.23749999701976776,0.029988788068294525
analcatdata_dmft,LightGBM,717,80,6,0.812325275666131,1.7314902441233637,0.03623811528086662,0.23749999701976776,0.02753802016377449
analcatdata_dmft,LinearModel,717,80,6,0.8171341767016077,1.7412001883002959,0.060993753373622894,0.1875,0.027275122702121735
analcatdata_dmft,NeuralNetFastAI,717,80,6,0.820067057281307,1.7489239745317993,0.054799050092697144,0.21250000596046448,0.02952355146408081
analcatdata_dmft,NeuralNetTorch,717,80,6,0.8075914236413553,1.7105296171811954,0.04642610251903534,0.20000000298023224,0.02896999940276146
analcatdata_dmft,RandomForest,717,80,6,0.8181217074092215,1.740476688584699,0.04330404847860336,0.21250000596046448,0.03027471899986267
analcatdata_dmft,XGBoost,717,80,6,0.8038908281068086,1.7041489726989134,0.06195942312479019,0.22499999403953552,0.027349285781383514
artificial-characters,CatBoost,9196,1022,10,0.0801687818844666,0.18341199671940006,0.061627354472875595,0.9589040875434875,3.4793930128216743
artificial-characters,ExtraTrees,9196,1022,10,0.07877900546896077,0.18722636778753862,0.01461106352508068,0.9559686779975891,0.30482277646660805
artificial-characters,LightGBM,9196,1022,10,0.06871489422806566,0.1608921526786889,0.06113426387310028,0.9608610272407532,2.6767555586993694
artificial-characters,LinearModel,9196,1022,10,0.7316713860781642,1.6235405112270833,0.04871371388435364,0.373776912689209,1.3016413860023022
artificial-characters,NeuralNetFastAI,9196,1022,10,0.36198686571448696,0.6067813299803424,0.0366806834936142,0.7074363827705383,3.013585701584816
artificial-characters,NeuralNetTorch,9196,1022,10,0.3494018956359642,0.5935148408375895,0.03729666396975517,0.7172211408615112,2.341627884656191
artificial-characters,RandomForest,9196,1022,10,0.07678784395285707,0.18320500793849967,0.021283894777297974,0.9549902081489563,0.270917646586895
artificial-characters,XGBoost,9196,1022,10,0.07624743286804354,0.17611784626602361,0.05740587040781975,0.9618395566940308,3.2131903246045113
autoUniv-au6-750,CatBoost,675,75,8,0.8456134202792513,1.9787793935978277,0.12053447961807251,0.2266666740179062,0.04336529225111008
autoUniv-au6-750,ExtraTrees,675,75,8,0.8376668553043813,1.96745380964811,0.10574605315923691,0.25333333015441895,0.041583143174648285
autoUniv-au6-750,LightGBM,675,75,8,0.8053873311847785,1.8756120245003267,0.1157451793551445,0.3733333349227905,0.04487075284123421
autoUniv-au6-750,LinearModel,675,75,8,0.8502535814674057,1.9941811518386297,0.034545451402664185,0.2266666740179062,0.036487750709056854
autoUniv-au6-750,NeuralNetFastAI,675,75,8,0.8520262381247444,1.992807247622611,0.020044228062033653,0.2266666740179062,0.041093915700912476
autoUniv-au6-750,NeuralNetTorch,675,75,8,0.8559013470091944,2.003178735452798,0.08617972582578659,0.1733333319425583,0.042384978383779526
autoUniv-au6-750,RandomForest,675,75,8,0.7849447160403162,1.8268486735478298,0.06372670084238052,0.3333333432674408,0.04740790277719498
autoUniv-au6-750,XGBoost,675,75,8,0.8166360219568857,1.926555177027771,0.13471724092960358,0.3733333349227905,0.046642135828733444
autoUniv-au7-1100,CatBoost,990,110,5,0.7213881497328696,1.387239504160162,0.10545268654823303,0.41818180680274963,0.054722532629966736
autoUniv-au7-1100,ExtraTrees,990,110,5,0.7448978301662168,1.4411228532454146,0.12837907671928406,0.4272727370262146,0.054413989186286926
autoUniv-au7-1100,LightGBM,990,110,5,0.7110025431920282,1.3799978075569879,0.08981882035732269,0.4363636374473572,0.05110014230012894
autoUniv-au7-1100,LinearModel,990,110,5,0.7743544061222294,1.5400696775151541,0.12255433201789856,0.3545454442501068,0.05091085657477379
autoUniv-au7-1100,NeuralNetFastAI,990,110,5,0.7392142684905596,1.43793243432339,0.09655991196632385,0.3909091055393219,0.05295789614319801
autoUniv-au7-1100,NeuralNetTorch,990,110,5,0.7288930888134437,1.425007174194024,0.02762122079730034,0.3636363744735718,0.054719988256692886
autoUniv-au7-1100,RandomForest,990,110,5,0.7149709836502808,1.3953263385619132,0.07281515747308731,0.3909091055393219,0.05257587507367134
autoUniv-au7-1100,XGBoost,990,110,5,0.7021704100380028,1.3531262064613025,0.09182249009609222,0.40909090638160706,0.05307464674115181
autoUniv-au7-700,CatBoost,630,70,3,0.560229535171025,0.9441354977148114,0.15435311198234558,0.5,0.01855599880218506
autoUniv-au7-700,ExtraTrees,630,70,3,0.5523377879193277,0.9257235156381538,0.17005211114883423,0.4285714328289032,0.01878095418214798
autoUniv-au7-700,LightGBM,630,70,3,0.533037025687769,0.8826374244143003,0.09472242742776871,0.4714285731315613,0.01893862709403038
autoUniv-au7-700,LinearModel,630,70,3,0.6730777126932167,1.1094842061449701,0.08732739090919495,0.4000000059604645,0.012738477438688278
autoUniv-au7-700,NeuralNetFastAI,630,70,3,0.6210731472143038,1.0389405306125319,0.09313169866800308,0.5142857432365417,0.016237609088420868
autoUniv-au7-700,NeuralNetTorch,630,70,3,0.6331501588364615,1.0521546758202367,0.09578347206115723,0.4571428596973419,0.017719987779855728
autoUniv-au7-700,RandomForest,630,70,3,0.5390295692732471,0.8861493567757011,0.1397576630115509,0.44285714626312256,0.018681112676858902
autoUniv-au7-700,XGBoost,630,70,3,0.5441461169680748,0.8996322389622577,0.11852289736270905,0.48571428656578064,0.018548548221588135
balance-scale,CatBoost,562,63,3,0.05437527909846812,0.1276732855441808,0.07267991453409195,0.9682539701461792,0.03981354460120201
balance-scale,ExtraTrees,562,63,3,0.13010135429793895,0.2762374619654338,0.13843141496181488,0.8888888955116272,0.032361745834350586
balance-scale,LightGBM,562,63,3,0.06858047747518468,0.13639683987543055,0.06205916777253151,0.9682539701461792,0.02960607409477234
balance-scale,LinearModel,562,63,3,0.08033171063826691,0.16894577970080196,0.05803985148668289,0.9523809552192688,0.03653382137417793
balance-scale,NeuralNetFastAI,562,63,3,0.019060723713219138,0.049796595340469,0.041492968797683716,1.0,0.023575570434331894
balance-scale,NeuralNetTorch,562,63,3,0.0071879557700832005,0.030687462543033547,0.027775123715400696,1.0,0.015247106552124023
balance-scale,RandomForest,562,63,3,0.13229918897029233,0.2800263862754113,0.1302642822265625,0.8888888955116272,0.025996889919042587
balance-scale,XGBoost,562,63,3,0.0434511162995149,0.10826504520523281,0.08753186464309692,1.0,0.030108671635389328
baseball,CatBoost,1206,134,3,0.08201824163479125,0.15448434001754294,0.04590240493416786,0.9328358173370361,0.09963313117623329
baseball,ExtraTrees,1206,134,3,0.07962318460051548,0.1552591868381281,0.05216318741440773,0.9477611780166626,0.017756186425685883
baseball,LightGBM,1206,134,3,0.07498601846664997,0.14895213787373515,0.0389334037899971,0.9477611780166626,0.10542459785938263
baseball,LinearModel,1206,134,3,0.07488136833449235,0.1506814830927862,0.056162748485803604,0.9477611780166626,0.09740161523222923
baseball,NeuralNetFastAI,1206,134,3,0.07686833587557781,0.14368622006392603,0.04679372161626816,0.9477611780166626,0.09247752651572227
baseball,NeuralNetTorch,1206,134,3,0.08772407090244175,0.16374054118936662,0.03989807516336441,0.9402984976768494,0.08307776600122452
baseball,RandomForest,1206,134,3,0.0784600591361504,0.15224087047765908,0.041733138263225555,0.9626865386962891,0.03222140669822693
baseball,XGBoost,1206,134,3,0.07770263749548231,0.14951986095039133,0.051863815635442734,0.9477611780166626,0.06543158739805222
car,CatBoost,1555,173,4,0.004685289754880075,0.021309354201133824,0.019557125866413116,1.0,0.15655798837542534
car,ExtraTrees,1555,173,4,0.01631966066215887,0.04554885098304187,0.024187235161662102,0.9884393215179443,0.029728911817073822
car,LightGBM,1555,173,4,0.0017721286941087264,0.015060156122449597,0.014439347200095654,1.0,0.06469273567199707
car,LinearModel,1555,173,4,0.08091244305477364,0.13654269355772622,0.050018858164548874,0.9248554706573486,0.0785486213862896
car,NeuralNetFastAI,1555,173,4,0.0068501707527774845,0.0247070132175911,0.015830988064408302,0.9942196607589722,0.21843694522976875
car,NeuralNetTorch,1555,173,4,0.02080134302924769,0.04519984553452567,0.03022807091474533,0.9884393215179443,0.027928050607442856
car,RandomForest,1555,173,4,0.03002683311116397,0.06579639794655624,0.02155667170882225,0.9826589822769165,0.01892268657684326
car,XGBoost,1555,173,4,0.0013828873762354544,0.01528449913804264,0.014840563759207726,1.0,0.11457759514451027
cardiotocography,CatBoost,1913,213,10,0.0037372066269247472,0.029154111158306063,0.027056552469730377,1.0,0.6859851516783237
cardiotocography,ExtraTrees,1913,213,10,3.0318810173999178e-05,0.0052346063606296825,0.005222022533416748,1.0,0.004831038415431976
cardiotocography,LightGBM,1913,213,10,0.008115815312035606,0.03835700732716937,0.027196019887924194,0.9953051805496216,0.4956798367202282
cardiotocography,LinearModel,1913,213,10,0.005841717822939721,0.03260453816805994,0.02904585748910904,1.0,0.39501677080988884
cardiotocography,NeuralNetFastAI,1913,213,10,0.0120799708992491,0.027668740223669074,0.007176135201007128,0.98591548204422,0.0038309916853904724
cardiotocography,NeuralNetTorch,1913,213,10,3.0318810173999178e-05,0.0052346063606296825,0.005222022533416748,1.0,0.003843255341053009
cardiotocography,RandomForest,1913,213,10,0.0013408124976291877,0.009258202603050825,0.0084766186773777,1.0,0.006430331617593765
cardiotocography,XGBoost,1913,213,10,0.005189234897524425,0.030837036571589354,0.0278032124042511,1.0,0.7465376295149326
cmc,CatBoost,1325,148,3,0.5028584676661306,0.8470166677323334,0.07701300084590912,0.6013513803482056,0.03579479455947876
cmc,ExtraTrees,1325,148,3,0.5053920283406024,0.8562501100129511,0.07594379037618637,0.5945945978164673,0.0332656055688858
cmc,LightGBM,1325,148,3,0.5240503048573668,0.8814494635077571,0.050170063972473145,0.5472972989082336,0.03600529208779335
cmc,LinearModel,1325,148,3,0.523915700768105,0.8754025138144305,0.08798432350158691,0.6081081032752991,0.0367002859711647
cmc,NeuralNetFastAI,1325,148,3,0.5038487888252521,0.8490282154309011,0.07802475243806839,0.6081081032752991,0.03452307730913162
cmc,NeuralNetTorch,1325,148,3,0.5014510566348258,0.8488705419607621,0.08949238061904907,0.6283783912658691,0.03595392405986786
cmc,RandomForest,1325,148,3,0.5060938600701628,0.851817472519968,0.07917916774749756,0.6148648858070374,0.03611321747303009
cmc,XGBoost,1325,148,3,0.5041707085143278,0.8566584500492442,0.11371149122714996,0.5675675868988037,0.03636132553219795
cnae-9,CatBoost,972,108,9,0.07777160749419305,0.2074743689144415,0.07601167261600494,0.9629629850387573,0.30035175010561943
cnae-9,ExtraTrees,972,108,9,0.07763233200782568,0.20324090267454298,0.09813641756772995,0.9722222089767456,0.1054982841014862
cnae-9,LightGBM,972,108,9,0.0625494656446245,0.17238987125385896,0.07529272884130478,0.9629629850387573,0.3111788332462311
cnae-9,LinearModel,972,108,9,0.07162073103108337,0.175820072394475,0.0728313997387886,0.9629629850387573,0.2870532423257828
cnae-9,NeuralNetFastAI,972,108,9,0.061168761013843005,0.16477048282358087,0.07666386663913727,0.9629629850387573,0.30933213979005814
cnae-9,NeuralNetTorch,972,108,9,0.06699019364083689,0.1731095622864179,0.07641396671533585,0.9629629850387573,0.18248723447322845
cnae-9,RandomForest,972,108,9,0.08527942134111155,0.2234011291645792,0.09758926928043365,0.9537037014961243,0.10819152370095253
cnae-9,XGBoost,972,108,9,0.0865625546201634,0.21867631561658077,0.08135053515434265,0.9351851940155029,0.3069976605474949
collins,CatBoost,900,100,30,0.8130245566496851,2.1748408341921346,0.06011338531970978,0.3100000023841858,0.7284213230013847
collins,ExtraTrees,900,100,30,0.8345722350994916,2.225823882831952,0.06200525909662247,0.25999999046325684,0.5065222941339016
collins,LightGBM,900,100,30,0.8191847720591177,2.193509898954514,0.09060421586036682,0.3199999928474426,0.707724254578352
collins,LinearModel,900,100,30,0.8176839894017988,2.223153393945584,0.07425422966480255,0.3199999928474426,0.6503561325371265
collins,NeuralNetFastAI,900,100,30,0.8131997273138316,2.184652924609164,0.05258436128497124,0.30000001192092896,0.7448340021073818
collins,NeuralNetTorch,900,100,30,0.7930847046278694,2.1157726545323134,0.07532205432653427,0.30000001192092896,0.7502109929919243
collins,RandomForest,900,100,30,0.8419532521653604,2.2829976658784763,0.08506462723016739,0.25999999046325684,0.49207525700330734
collins,XGBoost,900,100,30,0.8484673308129368,2.3210105991675745,0.06806614995002747,0.2199999988079071,0.6659081391990185
connect-4,CatBoost,60801,6756,3,0.17835009274373603,0.32074293256258163,0.016084523871541023,0.8732978105545044,10.34852123633027
connect-4,ExtraTrees,60801,6756,3,0.2510760425115736,0.4537197435806328,0.014993876218795776,0.8228241801261902,2.3236979506909847
connect-4,LightGBM,60801,6756,3,0.17810657339864033,0.3210330297238105,0.017719607800245285,0.8728537559509277,9.4881586804986
connect-4,LinearModel,60801,6756,3,0.3347480739733668,0.5944658593143187,0.013514548540115356,0.7568087577819824,2.5316340774297714
connect-4,NeuralNetFastAI,60801,6756,3,0.16727860159131722,0.3011375978347064,0.020324941724538803,0.8830668926239014,8.544426567852497
connect-4,NeuralNetTorch,60801,6756,3,0.1751583135995687,0.3141559567223468,0.024124475196003914,0.8774423003196716,7.436149932444096
connect-4,RandomForest,60801,6756,3,0.2616297841817757,0.4744794282668301,0.01549158152192831,0.8164594173431396,3.369385827332735
connect-4,XGBoost,60801,6756,3,0.17893988493799026,0.32184350630054476,0.01583920791745186,0.8722617030143738,10.139466218650341
dilbert,CatBoost,9000,1000,5,0.023960907309913335,0.047173490618378264,0.008273736573755741,0.984000027179718,2.086269538849592
dilbert,ExtraTrees,9000,1000,5,0.04001838340879287,0.07958025968306533,0.01705891266465187,0.972000002861023,0.46150581911206245
dilbert,LightGBM,9000,1000,5,0.01127744991151484,0.024705500055208603,0.0049249860458076,0.9940000176429749,0.8166300877928734
dilbert,LinearModel,9000,1000,5,0.09193447591440215,0.16997702475882095,0.02626797743141651,0.9390000104904175,0.3964157924056053
dilbert,NeuralNetFastAI,9000,1000,5,0.021653322747965182,0.04517649469517148,0.019836848601698875,0.9900000095367432,1.2039708979427814
dilbert,NeuralNetTorch,9000,1000,5,0.01506976410622016,0.03735250243283334,0.020671885460615158,0.9900000095367432,1.8863965310156345
dilbert,RandomForest,9000,1000,5,0.06587894930090311,0.12593668700129163,0.018455365672707558,0.9580000042915344,0.38672981783747673
dilbert,XGBoost,9000,1000,5,0.019518970943616792,0.040903786200986704,0.007055859547108412,0.9869999885559082,1.9267880581319332
dna,CatBoost,2867,319,3,0.06353061497946366,0.12082594426775695,0.027063272893428802,0.9561128616333008,0.21450848877429962
dna,ExtraTrees,2867,319,3,0.08208345281707714,0.16129569433326785,0.03392285108566284,0.9529780745506287,0.058966014534235
dna,LightGBM,2867,319,3,0.06776397696029185,0.12910838947085396,0.02794725075364113,0.9561128616333008,0.21277722716331482
dna,LinearModel,2867,319,3,0.12026235323211532,0.2253516333422154,0.041364867240190506,0.931034505367279,0.08259313181042671
dna,NeuralNetFastAI,2867,319,3,0.07972306564288324,0.15559037184182362,0.035994093865156174,0.9467084407806396,0.20225810259580612
dna,NeuralNetTorch,2867,319,3,0.08374269281952869,0.1545606614960795,0.023171620443463326,0.9404388666152954,0.203907061368227
dna,RandomForest,2867,319,3,0.09323794100082872,0.1707770522731421,0.03845418989658356,0.9404388666152954,0.0592544786632061
dna,XGBoost,2867,319,3,0.06252846406930165,0.12155337555068264,0.01845821738243103,0.962382435798645,0.2203461416065693
eucalyptus,CatBoost,662,74,5,0.415048824328423,0.7157929523186403,0.07421712577342987,0.662162184715271,0.08206739276647568
eucalyptus,ExtraTrees,662,74,5,0.37725353134333106,0.6574356219304395,0.09838490933179855,0.7027027010917664,0.035664938390254974
eucalyptus,LightGBM,662,74,5,0.37963376527314424,0.6656470047475872,0.13130906224250793,0.6756756901741028,0.08009873703122139
eucalyptus,LinearModel,662,74,5,0.44253614378247963,0.7651654875588312,0.06910582631826401,0.662162184715271,0.07166281342506409
eucalyptus,NeuralNetFastAI,662,74,5,0.40652919347876676,0.6779970914751404,0.1376323699951172,0.7162162065505981,0.07824655622243881
eucalyptus,NeuralNetTorch,662,74,5,0.4235070776691452,0.6923971556650372,0.045396145433187485,0.6486486196517944,0.0762464590370655
eucalyptus,RandomForest,662,74,5,0.4033733537662801,0.6931089314603682,0.11121926456689835,0.6756756901741028,0.03886500373482704
eucalyptus,XGBoost,662,74,5,0.41747541448933917,0.7288552091613625,0.09624909609556198,0.662162184715271,0.07874500006437302
eye_movements,CatBoost,9842,1094,3,0.35398124093301747,0.5984421999928348,0.031300876289606094,0.7340036630630493,0.33841218426823616
eye_movements,ExtraTrees,9842,1094,3,0.318764168573367,0.5453061809467914,0.04115482419729233,0.7760511636734009,0.09630775824189186
eye_movements,LightGBM,9842,1094,3,0.2792615252703613,0.48369020011872316,0.039701756089925766,0.8089579343795776,0.40428149327635765
eye_movements,LinearModel,9842,1094,3,0.5655132952601881,0.9196144765816929,0.029313500970602036,0.5027422308921814,0.17524638772010803
eye_movements,NeuralNetFastAI,9842,1094,3,0.4337370043029245,0.7208443465085442,0.03891027718782425,0.6709323525428772,0.240987878292799
eye_movements,NeuralNetTorch,9842,1094,3,0.4174485786292039,0.6963352164630531,0.062456898391246796,0.6837294101715088,0.2611410655081272
eye_movements,RandomForest,9842,1094,3,0.37976545248471727,0.6408538957820706,0.02531607821583748,0.7157221436500549,0.07381562516093254
eye_movements,XGBoost,9842,1094,3,0.31900123697136284,0.5457154878339908,0.031666532158851624,0.7678244709968567,0.3719108775258064
fabert,CatBoost,7413,824,7,0.3494438484593264,0.7070965014684005,0.053252194076776505,0.7390776872634888,0.8838676661252975
fabert,ExtraTrees,7413,824,7,0.3699482855104002,0.7304835807545176,0.051561228930950165,0.7026699185371399,0.5162472240626812
fabert,LightGBM,7413,824,7,0.35429915312313376,0.7042592714577324,0.04550767317414284,0.7208737730979919,0.9978556036949158
fabert,LinearModel,7413,824,7,0.4812908350623343,1.0035139024441164,0.08170568943023682,0.6298543810844421,0.3632671535015106
fabert,NeuralNetFastAI,7413,824,7,0.3838003004945116,0.7789613971587301,0.042237572371959686,0.7172330021858215,0.9128936380147934
fabert,NeuralNetTorch,7413,824,7,0.4154691971073958,0.8442740146250138,0.08318944275379181,0.7026699185371399,0.7716442942619324
fabert,RandomForest,7413,824,7,0.37898269094276,0.7522290018046901,0.04639429599046707,0.708737850189209,0.47240909188985825
fabert,XGBoost,7413,824,7,0.3589621743789909,0.7392730920410416,0.0381428562104702,0.7233009934425354,0.8344275951385498
first-order-theorem-proving,CatBoost,5506,612,6,0.5057826954246196,1.042311522511462,0.05817965045571327,0.6225489974021912,0.34601907059550285
first-order-theorem-proving,ExtraTrees,5506,612,6,0.5100541632866248,1.0503984732602014,0.037455763667821884,0.6111111044883728,0.30036579817533493
first-order-theorem-proving,LightGBM,5506,612,6,0.5099566132342017,1.0503715629661285,0.048489637672901154,0.6160130500793457,0.3407467156648636
first-order-theorem-proving,LinearModel,5506,612,6,0.6466121931951057,1.3702191020263477,0.06009918823838234,0.4869281053543091,0.21398495882749557
first-order-theorem-proving,NeuralNetFastAI,5506,612,6,0.5586117047143896,1.162545632635981,0.050443392246961594,0.5718954205513,0.2844652198255062
first-order-theorem-proving,NeuralNetTorch,5506,612,6,0.5468390611281583,1.1303852913624446,0.04126991704106331,0.5718954205513,0.308546245098114
first-order-theorem-proving,RandomForest,5506,612,6,0.5087824142616345,1.0426456437217175,0.047200269997119904,0.6062091588973999,0.2938172034919262
first-order-theorem-proving,XGBoost,5506,612,6,0.5035062972152866,1.0409991138177845,0.05590306222438812,0.6258170008659363,0.355272613465786
har,CatBoost,9269,1030,6,0.0051761237668495105,0.01396168341577313,0.010394971817731857,0.9970873594284058,1.6424060724675655
har,ExtraTrees,9269,1030,6,0.020199748761008555,0.037794450787497984,0.012860115617513657,0.9873786568641663,0.2225041761994362
har,LightGBM,9269,1030,6,0.003195720838875594,0.011130501269466636,0.008707894012331963,0.9980582594871521,0.5642899498343468
har,LinearModel,9269,1030,6,0.015329161139025499,0.03187120053247921,0.011369206942617893,0.9902912378311157,0.9511376842856407
har,NeuralNetFastAI,9269,1030,6,0.007701512494272068,0.021821274716647854,0.016002850607037544,0.9970873594284058,0.7085248902440071
har,NeuralNetTorch,9269,1030,6,0.008395162967815471,0.020565821354687614,0.012285650707781315,0.9941747784614563,0.9941858313977718
har,RandomForest,9269,1030,6,0.029962620013056013,0.05631010676587674,0.01023599412292242,0.9825242757797241,0.15694956481456757
har,XGBoost,9269,1030,6,0.005902694984495647,0.014757614457884498,0.008990154601633549,0.9961165189743042,2.541524101048708
isolet,CatBoost,7017,780,26,0.07179799545553672,0.15163722276537023,0.030259322375059128,0.9487179517745972,7.151467226445675
isolet,ExtraTrees,7017,780,26,0.09047114028216661,0.2063821023786105,0.04877762123942375,0.9384615421295166,1.0608930625021458
isolet,LightGBM,7017,780,26,0.057054940151623657,0.13121379856250084,0.037092890590429306,0.9615384340286255,7.54352330416441
isolet,LinearModel,7017,780,26,0.06157387031297984,0.14463884918059547,0.04870504513382912,0.9564102292060852,2.7721730284392834
isolet,NeuralNetFastAI,7017,780,26,0.04830359311132514,0.11569254150601035,0.04559306800365448,0.971794843673706,4.440404787659645
isolet,NeuralNetTorch,7017,780,26,0.062412343849906245,0.14639740095252024,0.04766252264380455,0.9666666388511658,7.376937747001648
isolet,RandomForest,7017,780,26,0.11152016615478587,0.2599432121981909,0.0543481782078743,0.9205127954483032,0.8802343979477882
isolet,XGBoost,7017,780,26,0.06691585167857982,0.15492301575433792,0.030490847304463387,0.9538461565971375,8.445222601294518
jungle_chess_2pcs_raw_endgame_complete,CatBoost,40337,4482,3,0.15277479715672268,0.23051517249760548,0.013763497583568096,0.8652387261390686,5.929640673100948
jungle_chess_2pcs_raw_endgame_complete,ExtraTrees,40337,4482,3,0.17043474172779793,0.26819044142540366,0.00821306835860014,0.8618919849395752,2.3414114452898502
jungle_chess_2pcs_raw_endgame_complete,LightGBM,40337,4482,3,0.1314502321542943,0.1967507756576864,0.012756666168570518,0.8837572336196899,5.409237697720528
jungle_chess_2pcs_raw_endgame_complete,LinearModel,40337,4482,3,0.4246538749434398,0.7124963042920981,0.014976562932133675,0.6800535321235657,2.2111307121813297
jungle_chess_2pcs_raw_endgame_complete,NeuralNetFastAI,40337,4482,3,0.1013242088536407,0.15127017538632387,0.010885071940720081,0.9103078842163086,8.093878917396069
jungle_chess_2pcs_raw_endgame_complete,NeuralNetTorch,40337,4482,3,0.024253583726581728,0.04315504276162096,0.013730554841458797,0.9848281741142273,2.6586428843438625
jungle_chess_2pcs_raw_endgame_complete,RandomForest,40337,4482,3,0.17645761759832174,0.27737089394934217,0.0052682142704725266,0.8500669598579407,1.0224103033542633
jungle_chess_2pcs_raw_endgame_complete,XGBoost,40337,4482,3,0.13048033843103243,0.19391748444617876,0.010186278261244297,0.8868808746337891,4.21803105995059
kr-vs-k,CatBoost,25250,2806,18,0.13177878302677704,0.26986818999186707,0.03406939655542374,0.9191019535064697,17.70666364580393
kr-vs-k,ExtraTrees,25250,2806,18,0.17632521976966156,0.3796465872749349,0.04889018461108208,0.883107602596283,0.7290451154112816
kr-vs-k,LightGBM,25250,2806,18,0.11796474258137435,0.2460554157218878,0.04479551315307617,0.928011417388916,5.931065380573273
kr-vs-k,LinearModel,25250,2806,18,0.7858872973884548,1.8233323894462012,0.026151571422815323,0.34283676743507385,9.414010167121887
kr-vs-k,NeuralNetFastAI,25250,2806,18,0.1604980269464892,0.30104648061511463,0.05135510116815567,0.891660749912262,15.285406026989222
kr-vs-k,NeuralNetTorch,25250,2806,18,0.11725856462634358,0.22465207665915898,0.05534052476286888,0.9240912199020386,9.024933338165283
kr-vs-k,RandomForest,25250,2806,18,0.163328531920253,0.36179940882501327,0.03650391101837158,0.8909479975700378,0.48218147829174995
kr-vs-k,XGBoost,25250,2806,18,0.11749730148170957,0.23759226490492005,0.03862633928656578,0.9283677935600281,21.983673058450222
led24,CatBoost,2880,320,10,0.39828390057188356,0.8393404250924164,0.05510531738400459,0.71875,0.6862542703747749
led24,ExtraTrees,2880,320,10,0.4023555486399567,0.8415922037354351,0.0575576089322567,0.706250011920929,0.4717463403940201
led24,LightGBM,2880,320,10,0.4030934117266348,0.858030291260571,0.09002195298671722,0.721875011920929,0.68372817710042
led24,LinearModel,2880,320,10,0.39310085349220675,0.8237674530132129,0.05258460342884064,0.7124999761581421,0.700557753443718
led24,NeuralNetFastAI,2880,320,10,0.38380498999053536,0.8076426947971667,0.06251637637615204,0.7250000238418579,0.6889339312911034
led24,NeuralNetTorch,2880,320,10,0.3885665548600284,0.8146570267512366,0.10777093470096588,0.734375,0.7633141428232193
led24,RandomForest,2880,320,10,0.400337667222287,0.8384692473278502,0.07130315899848938,0.7093750238418579,0.4824621379375458
led24,XGBoost,2880,320,10,0.4059445655486935,0.8658637352626734,0.058261509984731674,0.7124999761581421,0.7121054865419865
letter,CatBoost,18000,2000,26,0.03441813620914035,0.0793039653129149,0.017360573634505272,0.9764999747276306,14.881641767919064
letter,ExtraTrees,18000,2000,26,0.04540175525814807,0.10035202939981278,0.026888083666563034,0.9725000262260437,2.139519602060318
letter,LightGBM,18000,2000,26,0.03605233830568564,0.0849701299696869,0.019736111164093018,0.9785000085830688,15.939510177820921
letter,LinearModel,18000,2000,26,0.29926764239385384,0.7628072197324511,0.05595395714044571,0.796999990940094,11.039833668619394
letter,NeuralNetFastAI,18000,2000,26,0.022121114564656718,0.05389813079765689,0.018185660243034363,0.9854999780654907,3.3380756564438343
letter,NeuralNetTorch,18000,2000,26,0.023505174797925483,0.056505268150229125,0.022423913702368736,0.984499990940094,4.129520446062088
letter,RandomForest,18000,2000,26,0.05817271978411396,0.13152507031480473,0.03595729172229767,0.9674999713897705,1.5873773731291294
letter,XGBoost,18000,2000,26,0.03906655691945922,0.08989925219840837,0.019669484347105026,0.9764999747276306,21.129393707960844
mfeat-factors,CatBoost,1800,200,10,0.043667919614163074,0.1210217333396531,0.04306395724415779,0.9800000190734863,0.6244800426065922
mfeat-factors,ExtraTrees,1800,200,10,0.05393343237719018,0.14458969635282562,0.050218015909194946,0.9700000286102295,0.19141165539622307
mfeat-factors,LightGBM,1800,200,10,0.04380665960702402,0.12674073139138234,0.048008210957050323,0.9800000190734863,0.5578874237835407
mfeat-factors,LinearModel,1800,200,10,0.03934211533135842,0.10698745401589611,0.05212082713842392,0.9750000238418579,0.4459901638329029
mfeat-factors,NeuralNetFastAI,1800,200,10,0.030404017000427327,0.08546660137054345,0.051756251603364944,0.9750000238418579,0.6953966021537781
mfeat-factors,NeuralNetTorch,1800,200,10,0.03149194023778574,0.09340813470876093,0.03950804844498634,0.9850000143051147,0.6723271869122982
mfeat-factors,RandomForest,1800,200,10,0.05870818499287405,0.14659637479003812,0.06408531963825226,0.9750000238418579,0.1583232246339321
mfeat-factors,XGBoost,1800,200,10,0.051940803499930126,0.13230638527950314,0.047825269401073456,0.9700000286102295,0.6657414622604847
micro-mass,CatBoost,513,58,20,0.1112610407555476,0.28430595260553815,0.17022614181041718,0.9655172228813171,0.37256385013461113
micro-mass,ExtraTrees,513,58,20,0.1425344552691621,0.35368515645176585,0.19989033043384552,0.9482758641242981,0.16746508330106735
micro-mass,LightGBM,513,58,20,0.11785656152379334,0.3035924100644273,0.1714683175086975,0.931034505367279,0.3736141696572304
micro-mass,LinearModel,513,58,20,0.10156485004966632,0.2690872198750589,0.14646758139133453,0.9482758641242981,0.381683524698019
micro-mass,NeuralNetFastAI,513,58,20,0.24313382429905797,0.586907926158374,0.17677398025989532,0.8620689511299133,0.3226226270198822
micro-mass,NeuralNetTorch,513,58,20,0.10972341367874995,0.3083367009239035,0.18787400424480438,0.9482758641242981,0.34031952545046806
micro-mass,RandomForest,513,58,20,0.1501140541753489,0.36011538556999123,0.19272145628929138,0.9482758641242981,0.1367529071867466
micro-mass,XGBoost,513,58,20,0.15542445006912792,0.3704904179785347,0.1413806974887848,0.8965517282485962,0.3693830668926239
microaggregation2,CatBoost,18000,2000,5,0.48099799874788557,0.9044610065006042,0.02371976152062416,0.6395000219345093,1.0577990636229515
microaggregation2,ExtraTrees,18000,2000,5,0.4920061230811159,0.9313551849908038,0.02327040769159794,0.6240000128746033,0.8756537102162838
microaggregation2,LightGBM,18000,2000,5,0.4774741586172821,0.8954981143499249,0.015243388712406158,0.640500009059906,1.0957160852849483
microaggregation2,LinearModel,18000,2000,5,0.5512432306263823,1.0400043851215717,0.02256768010556698,0.5799999833106995,0.7543885707855225
microaggregation2,NeuralNetFastAI,18000,2000,5,0.4577852704929847,0.8591602693967336,0.019977109506726265,0.656000018119812,1.3387167491018772
microaggregation2,NeuralNetTorch,18000,2000,5,0.4661690398213102,0.8744335477635711,0.02953001856803894,0.6460000276565552,1.196342557668686
microaggregation2,RandomForest,18000,2000,5,0.493974076891978,0.935818059859593,0.01613122597336769,0.6309999823570251,0.8034995757043362
microaggregation2,XGBoost,18000,2000,5,0.4799979735770882,0.9022891068642551,0.01821100525557995,0.6365000009536743,1.1242084875702858
okcupid-stem,CatBoost,45710,5079,3,0.3355803830439784,0.5623110070180051,0.012711137533187866,0.7621579170227051,1.4240210391581059
okcupid-stem,ExtraTrees,45710,5079,3,0.35535053542775913,0.590774354540184,0.014534065499901772,0.745028555393219,1.0834985896945
okcupid-stem,LightGBM,45710,5079,3,0.3389585602179217,0.5657677586130199,0.012372080236673355,0.7601889967918396,1.3335590697824955
okcupid-stem,LinearModel,45710,5079,3,0.3443294838318646,0.5754364768965066,0.01745019666850567,0.7554636597633362,1.1109415590763092
okcupid-stem,NeuralNetFastAI,45710,5079,3,0.34211732943125156,0.5702906530319052,0.012992758303880692,0.7580232620239258,1.0565006248652935
okcupid-stem,NeuralNetTorch,45710,5079,3,0.33728061552987987,0.5639091791552201,0.011135930195450783,0.7621579170227051,1.2778025642037392
okcupid-stem,RandomForest,45710,5079,3,0.3541627855362811,0.5889436848572701,0.011054911650717258,0.7462098598480225,1.0617002844810486
okcupid-stem,XGBoost,45710,5079,3,0.33924596058918915,0.5665778131842422,0.014693227596580982,0.7597952485084534,1.2894242964684963
optdigits,CatBoost,5058,562,10,0.023101738686204167,0.055759077945192435,0.01747152768075466,0.9857650995254517,1.6235170774161816
optdigits,ExtraTrees,5058,562,10,0.025024570835407028,0.06449990349496967,0.01970723085105419,0.9839857816696167,0.44642266258597374
optdigits,LightGBM,5058,562,10,0.018472964932167074,0.05002844301309182,0.02011992037296295,0.9893238544464111,1.3563373424112797
optdigits,LinearModel,5058,562,10,0.05523059487196252,0.10659204672668769,0.03348812833428383,0.9590747356414795,1.1886240914463997
optdigits,NeuralNetFastAI,5058,562,10,0.022222573609721245,0.050613448487038776,0.02106958068907261,0.9911032319068909,2.1784819699823856
optdigits,NeuralNetTorch,5058,562,10,0.018879340242486106,0.05382940258712385,0.02945740893483162,0.9911032319068909,1.4116836301982403
optdigits,RandomForest,5058,562,10,0.04166182026215038,0.0932714783105313,0.025141339749097824,0.9715302586555481,0.36997852101922035
optdigits,XGBoost,5058,562,10,0.029431121636825316,0.06555834066268773,0.023705286905169487,0.9804270267486572,2.1405556835234165
page-blocks,CatBoost,4925,548,5,0.04501311747683255,0.09063913239793624,0.011626025661826134,0.9671533107757568,0.8114054538309574
page-blocks,ExtraTrees,4925,548,5,0.042911531216420835,0.09220596242649162,0.013879870995879173,0.9726277589797974,0.08885009959340096
page-blocks,LightGBM,4925,548,5,0.04245473485996046,0.08713265331954942,0.013565212488174438,0.9726277589797974,0.8960794769227505
page-blocks,LinearModel,4925,548,5,0.04578199256224792,0.0994885155193333,0.020728720352053642,0.970802903175354,0.5091599076986313
page-blocks,NeuralNetFastAI,4925,548,5,0.04981092124929629,0.10387439778042792,0.017066914588212967,0.9689781069755554,0.8425975739955902
page-blocks,NeuralNetTorch,4925,548,5,0.03835339687737133,0.08620288465550639,0.016299979761242867,0.9762773513793945,0.8204940892755985
page-blocks,RandomForest,4925,548,5,0.040693748796666866,0.08600801391590869,0.013916229829192162,0.9781022071838379,0.0839625746011734
page-blocks,XGBoost,4925,548,5,0.041627323518522476,0.08784606024872767,0.01448763906955719,0.9726277589797974,0.8157490193843842
pendigits,CatBoost,9892,1100,10,0.006499752788846506,0.0201412899509726,0.013407775200903416,0.996363639831543,3.8453925475478172
pendigits,ExtraTrees,9892,1100,10,0.008836978865176528,0.023601648223768038,0.011315659619867802,0.9945454597473145,0.36404064297676086
pendigits,LightGBM,9892,1100,10,0.009004502447154346,0.026266084947357497,0.013562595471739769,0.9936363697052002,2.4285084642469883
pendigits,LinearModel,9892,1100,10,0.06959819672587607,0.14943285723123548,0.015345076099038124,0.9563636183738708,1.5106922686100006
pendigits,NeuralNetFastAI,9892,1100,10,0.006279591981739427,0.01888146435319082,0.010740585625171661,0.9972727298736572,4.201383639127016
pendigits,NeuralNetTorch,9892,1100,10,0.005233258926623142,0.01930835559606152,0.013427218422293663,0.9972727298736572,2.5437932275235653
pendigits,RandomForest,9892,1100,10,0.015948344565882486,0.03469107010359443,0.012045725248754025,0.9890909194946289,0.2914404347538948
pendigits,XGBoost,9892,1100,10,0.011888074727404477,0.028203553928748737,0.012731356546282768,0.9918181896209717,4.511768568307161
robert,CatBoost,9000,1000,10,0.5969683193508438,1.3196829325878703,0.0680525004863739,0.5479999780654907,1.4451891854405403
robert,ExtraTrees,9000,1000,10,0.6700221443573173,1.5358185490997658,0.07453594356775284,0.4790000021457672,0.6789144910871983
robert,LightGBM,9000,1000,10,0.5728366537221152,1.2614451753502618,0.03589652478694916,0.5529999732971191,1.4781933352351189
robert,LinearModel,9000,1000,10,0.781896038845088,1.8570948904921096,0.08163676410913467,0.35600000619888306,0.45677389204502106
robert,NeuralNetFastAI,9000,1000,10,0.6578527989949148,1.479983170122461,0.04689241945743561,0.47600001096725464,1.1900395974516869
robert,NeuralNetTorch,9000,1000,10,0.6527468827798366,1.4774324590679782,0.0577617883682251,0.4880000054836273,1.133081790059805
robert,RandomForest,9000,1000,10,0.6748621004604254,1.5536456538895207,0.06496626883745193,0.4790000021457672,0.6584877483546734
robert,XGBoost,9000,1000,10,0.6089683873044415,1.352350012143041,0.05597549304366112,0.5249999761581421,1.3238722831010818
satimage,CatBoost,5787,643,6,0.11913341594859685,0.2154067936886849,0.023677801713347435,0.9097978472709656,1.199176162481308
satimage,ExtraTrees,5787,643,6,0.12182252643974939,0.22373670360748668,0.018721552565693855,0.9160186648368835,0.18632085248827934
satimage,LightGBM,5787,643,6,0.11914739064974236,0.21186775902576924,0.020107446238398552,0.914463460445404,1.0773147605359554
satimage,LinearModel,5787,643,6,0.18839310730944966,0.33562370623983234,0.03190070390701294,0.8538102507591248,0.823988139629364
satimage,NeuralNetFastAI,5787,643,6,0.1136793621771958,0.1966409366063786,0.02197510376572609,0.914463460445404,0.7925018444657326
satimage,NeuralNetTorch,5787,643,6,0.11425662936360788,0.1995873088912999,0.032182808965444565,0.917573869228363,0.731156200170517
satimage,RandomForest,5787,643,6,0.12296600040329277,0.22408688750628036,0.015687771141529083,0.9191290736198425,0.1795356385409832
satimage,XGBoost,5787,643,6,0.11599032423777812,0.21993004451583978,0.016965506598353386,0.9269051551818848,1.2820370718836784
segment,CatBoost,2079,231,7,0.030632247687752526,0.0865481409777035,0.03810921683907509,0.9870129823684692,0.5287134796380997
segment,ExtraTrees,2079,231,7,0.03236274691566846,0.08998600162587689,0.033671505749225616,0.9870129823684692,0.05909019708633423
segment,LightGBM,2079,231,7,0.04183765260531425,0.09861329840732651,0.038823701441287994,0.9783549904823303,0.5285715498030186
segment,LinearModel,2079,231,7,0.045700046564264366,0.11039813837225822,0.04173223301768303,0.9783549904823303,0.13596124947071075
segment,NeuralNetFastAI,2079,231,7,0.04189357496853082,0.0951541931043363,0.045952122658491135,0.9826839566230774,0.427195280790329
segment,NeuralNetTorch,2079,231,7,0.035739154818007365,0.08680580871520965,0.05197897180914879,0.9826839566230774,0.2887304984033108
segment,RandomForest,2079,231,7,0.03609093510025273,0.0921174748251391,0.029878180474042892,0.9783549904823303,0.05452847480773926
segment,XGBoost,2079,231,7,0.04169648821509828,0.09839662888048888,0.03265376761555672,0.9783549904823303,0.543885599821806
semeion,CatBoost,1433,160,10,0.09676955303423125,0.21637146860281256,0.05261644721031189,0.9375,0.5183608010411263
semeion,ExtraTrees,1433,160,10,0.16401831506123382,0.3971344177381024,0.07883512228727341,0.8812500238418579,0.21439571306109428
semeion,LightGBM,1433,160,10,0.12747462634840573,0.29140669465463137,0.06342753767967224,0.9125000238418579,0.4861861802637577
semeion,LinearModel,1433,160,10,0.14300237957098627,0.30696047663502923,0.08262429386377335,0.8999999761581421,0.39340468868613243
semeion,NeuralNetFastAI,1433,160,10,0.10252643412754114,0.23391958748842812,0.08171025663614273,0.925000011920929,0.46988893672823906
semeion,NeuralNetTorch,1433,160,10,0.10298533986402587,0.23221890362695144,0.08318884670734406,0.925000011920929,0.49411827325820923
semeion,RandomForest,1433,160,10,0.16803450874717982,0.4070947902033031,0.08550684154033661,0.8812500238418579,0.20045099779963493
semeion,XGBoost,1433,160,10,0.13107940689196323,0.30741772468158163,0.07216425240039825,0.90625,0.5048213973641396
soybean,CatBoost,614,69,19,0.13155080792576104,0.293653732910037,0.15628235042095184,0.9420289993286133,0.42697639018297195
soybean,ExtraTrees,614,69,19,0.12685870345603614,0.28494166979083735,0.13021911680698395,0.9420289993286133,0.04230397567152977
soybean,LightGBM,614,69,19,0.10104629320282149,0.274280232310432,0.16315847635269165,0.95652174949646,0.381727185100317
soybean,LinearModel,614,69,19,0.15486390734279776,0.3770643932232078,0.14779645204544067,0.9275362491607666,0.4250383786857128
soybean,NeuralNetFastAI,614,69,19,0.12531368418286212,0.3221754645213821,0.1819746047258377,0.9420289993286133,0.2787790112197399
soybean,NeuralNetTorch,614,69,19,0.16279012823761524,0.41615026652597703,0.2114199548959732,0.9420289993286133,0.09997044503688812
soybean,RandomForest,614,69,19,0.14454390327889413,0.3194483155719075,0.15286189317703247,0.9420289993286133,0.046084992587566376
soybean,XGBoost,614,69,19,0.12834530947552875,0.3087079165723354,0.17930087447166443,0.95652174949646,0.42718034237623215
splice,CatBoost,2871,319,3,0.05823262574039418,0.11427630459999838,0.02174214832484722,0.962382435798645,0.20844686403870583
splice,ExtraTrees,2871,319,3,0.08740881735328367,0.15857879450985463,0.0287956353276968,0.9341692924499512,0.12152475863695145
splice,LightGBM,2871,319,3,0.06189167984304449,0.12047891202395912,0.02222147397696972,0.962382435798645,0.2020554132759571
splice,LinearModel,2871,319,3,0.09681152547481113,0.19277769054128044,0.04148956388235092,0.9435736536979675,0.13733914121985435
splice,NeuralNetFastAI,2871,319,3,0.05478655196959951,0.1084527939599747,0.025223132222890854,0.9592476487159729,0.2326790913939476
splice,NeuralNetTorch,2871,319,3,0.06570941785833687,0.12957255434976336,0.01998339593410492,0.9592476487159729,0.18302853405475616
splice,RandomForest,2871,319,3,0.08404832379101383,0.15179225498476087,0.023419639095664024,0.9404388666152954,0.12813414260745049
splice,XGBoost,2871,319,3,0.05442277955098839,0.10604805051337142,0.020912054926156998,0.9655172228813171,0.21891013905405998
steel-plates-fault,CatBoost,1746,195,7,0.24339425064437242,0.47763485169253095,0.06314380466938019,0.8205128312110901,0.320707019418478
steel-plates-fault,ExtraTrees,1746,195,7,0.2637316896972337,0.49564056724581756,0.08294323086738586,0.8205128312110901,0.10235067456960678
steel-plates-fault,LightGBM,1746,195,7,0.254255224690911,0.49610657028910987,0.05275266245007515,0.8153846263885498,0.31281277164816856
steel-plates-fault,LinearModel,1746,195,7,0.35012719783258167,0.6652822765113934,0.09128277003765106,0.7538461685180664,0.25296957045793533
steel-plates-fault,NeuralNetFastAI,1746,195,7,0.30930106042813443,0.5890767981057693,0.08383502066135406,0.7743589878082275,0.3046658970415592
steel-plates-fault,NeuralNetTorch,1746,195,7,0.33562555457842236,0.6157714887757897,0.08126041293144226,0.7333333492279053,0.3079899474978447
steel-plates-fault,RandomForest,1746,195,7,0.25755819612270503,0.48485749349226925,0.0766715407371521,0.8153846263885498,0.13387129828333855
steel-plates-fault,XGBoost,1746,195,7,0.24792902604899986,0.49523745305330447,0.05565404146909714,0.8153846263885498,0.33035368472337723
synthetic_control,CatBoost,540,60,6,0.018925577076374246,0.08002915201298562,0.07106418907642365,1.0,0.11252260953187943
synthetic_control,ExtraTrees,540,60,6,0.02173663510781805,0.08397679089857026,0.07604868710041046,1.0,0.05079072713851929
synthetic_control,LightGBM,540,60,6,0.00971136468940208,0.06293575131779454,0.058846596628427505,1.0,0.09348882362246513
synthetic_control,LinearModel,540,60,6,0.015568135784776093,0.07228506629933085,0.06626281142234802,1.0,0.05523338168859482
synthetic_control,NeuralNetFastAI,540,60,6,0.015562582054569767,0.07288612574224401,0.06507323682308197,1.0,0.053331632167100906
synthetic_control,NeuralNetTorch,540,60,6,0.051055139613576876,0.1565899009046477,0.10546964406967163,0.9666666388511658,0.010670196264982224
synthetic_control,RandomForest,540,60,6,0.018502664756199414,0.08502885113522805,0.07808345556259155,1.0,0.03938654065132141
synthetic_control,XGBoost,540,60,6,0.02239855392678224,0.08545202508996841,0.07440421730279922,1.0,0.11307058483362198
texture,CatBoost,4950,550,11,0.01504952115524766,0.03764408785930672,0.02270333841443062,0.9909090995788574,1.5188635811209679
texture,ExtraTrees,4950,550,11,0.0211219288611388,0.0508978357929067,0.026411253958940506,0.9854545593261719,0.2956898733973503
texture,LightGBM,4950,550,11,0.007769358012376058,0.02809758751313487,0.02016741782426834,0.9981818199157715,0.44785724580287933
texture,LinearModel,4950,550,11,0.00864422306472057,0.026310818733519228,0.018052546307444572,0.9945454597473145,0.2594134211540222
texture,NeuralNetFastAI,4950,550,11,0.007086282052436826,0.025833184961471575,0.01870589330792427,0.996363639831543,0.26738661527633667
texture,NeuralNetTorch,4950,550,11,0.0063246257296243535,0.02464231261673227,0.017046211287379265,0.996363639831543,1.8376502953469753
texture,RandomForest,4950,550,11,0.031142818627951457,0.06884467278567559,0.02705950289964676,0.9800000190734863,0.2442953623831272
texture,XGBoost,4950,550,11,0.01823447242998883,0.04621072785391972,0.020720181986689568,0.9890909194946289,2.298596128821373
vehicle,CatBoost,761,85,4,0.27653719462156595,0.454978485763654,0.0706915631890297,0.7764706015586853,0.08273017406463623
vehicle,ExtraTrees,761,85,4,0.26518513381331227,0.4784990476081076,0.07256893813610077,0.800000011920929,0.04394758120179176
vehicle,LightGBM,761,85,4,0.2734888260526215,0.4467015958347665,0.09085136651992798,0.800000011920929,0.08629792556166649
vehicle,LinearModel,761,85,4,0.21857860398439183,0.36489685078086015,0.06882908940315247,0.8235294222831726,0.06770697608590126
vehicle,NeuralNetFastAI,761,85,4,0.19523606796033757,0.3479752045342967,0.08541637659072876,0.8352941274642944,0.087568499147892
vehicle,NeuralNetTorch,761,85,4,0.18707522229404483,0.3192803317120839,0.09170788526535034,0.8588235378265381,0.09199675545096397
vehicle,RandomForest,761,85,4,0.2779958333145813,0.47581449449306173,0.07367129623889923,0.7411764860153198,0.03925423324108124
vehicle,XGBoost,761,85,4,0.2844116322812566,0.47424977686434516,0.09604579210281372,0.7882353067398071,0.081709835678339
volcanoes-a2,CatBoost,1460,163,5,0.1176685203808631,0.25365820429700364,0.06189703196287155,0.9018405079841614,0.16464488580822945
volcanoes-a2,ExtraTrees,1460,163,5,0.11776345183086018,0.26176674118060406,0.05472579970955849,0.907975435256958,0.1652289405465126
volcanoes-a2,LightGBM,1460,163,5,0.10966670850229984,0.24388543059047796,0.04675962030887604,0.9202454090118408,0.1852671205997467
volcanoes-a2,LinearModel,1460,163,5,0.11592751516935848,0.26093148299779884,0.06663785129785538,0.9141104221343994,0.18159273266792297
volcanoes-a2,NeuralNetFastAI,1460,163,5,0.1114375568245904,0.24902526279681464,0.06607256829738617,0.9141104221343994,0.18693633750081062
volcanoes-a2,NeuralNetTorch,1460,163,5,0.11235721036131001,0.24769065056897946,0.05747245252132416,0.9263803958892822,0.18851693347096443
volcanoes-a2,RandomForest,1460,163,5,0.11895621501829276,0.26245688035791315,0.07208556681871414,0.907975435256958,0.11860816553235054
volcanoes-a2,XGBoost,1460,163,5,0.1147303136837283,0.26705261829563853,0.06045118719339371,0.9202454090118408,0.1793743297457695
volcanoes-a3,CatBoost,1368,153,5,0.14012342544366507,0.3069667558662553,0.04982473701238632,0.8954248428344727,0.15807045996189117
volcanoes-a3,ExtraTrees,1368,153,5,0.14260273540929908,0.3160687035870333,0.05907662957906723,0.8888888955116272,0.13431203365325928
volcanoes-a3,LightGBM,1368,153,5,0.1446072383113434,0.31337677406628694,0.06460815668106079,0.8954248428344727,0.17326635494828224
volcanoes-a3,LinearModel,1368,153,5,0.14512429952387407,0.3285008348991371,0.046629223972558975,0.9019607901573181,0.15762437134981155
volcanoes-a3,NeuralNetFastAI,1368,153,5,0.14447566490220826,0.3306844209576402,0.06571033596992493,0.8954248428344727,0.18595680221915245
volcanoes-a3,NeuralNetTorch,1368,153,5,0.1407792122924463,0.31511312264299235,0.055012647062540054,0.8954248428344727,0.16902897134423256
volcanoes-a3,RandomForest,1368,153,5,0.14235171365656052,0.31114384306286047,0.0878906399011612,0.8954248428344727,0.07712267711758614
volcanoes-a3,XGBoost,1368,153,5,0.14548618056966744,0.3219285536086088,0.07839730381965637,0.9084967374801636,0.15751001611351967
volcanoes-a4,CatBoost,1363,152,5,0.13559984617813628,0.31874974895314123,0.056657206267118454,0.9144737124443054,0.1533076986670494
volcanoes-a4,ExtraTrees,1363,152,5,0.13239591016919017,0.30456492528099194,0.05484452843666077,0.9144737124443054,0.1367783285677433
volcanoes-a4,LightGBM,1363,152,5,0.13323191778132407,0.31131511864789746,0.04696555435657501,0.9078947305679321,0.1500510349869728
volcanoes-a4,LinearModel,1363,152,5,0.13218454221465928,0.3045050076887966,0.050188980996608734,0.9144737124443054,0.127233624458313
volcanoes-a4,NeuralNetFastAI,1363,152,5,0.12858239938348007,0.29745518613675825,0.051842592656612396,0.9144737124443054,0.15508784353733063
volcanoes-a4,NeuralNetTorch,1363,152,5,0.13284222442640078,0.3148333181830417,0.08059205859899521,0.9078947305679321,0.1621604822576046
volcanoes-a4,RandomForest,1363,152,5,0.13977954545018909,0.3264375505469977,0.05520135164260864,0.8947368264198303,0.12340734526515007
volcanoes-a4,XGBoost,1363,152,5,0.13979799432334095,0.338546558237442,0.06415709108114243,0.9144737124443054,0.15883011743426323
volcanoes-b1,CatBoost,9158,1018,5,0.054558023722175206,0.13924172288996645,0.014468727633357048,0.968565821647644,0.8970985300838947
volcanoes-b1,ExtraTrees,9158,1018,5,0.053961661913909026,0.14068868658864034,0.010592412203550339,0.9695481061935425,0.6960345916450024
volcanoes-b1,LightGBM,9158,1018,5,0.05588504783939581,0.14560252893741302,0.010295271873474121,0.9656188488006592,0.8017646111547947
volcanoes-b1,LinearModel,9158,1018,5,0.05480020164575347,0.14208627048073494,0.010526686906814575,0.968565821647644,0.8022295869886875
volcanoes-b1,NeuralNetFastAI,9158,1018,5,0.05497164216454272,0.1431127934009474,0.01096856314688921,0.968565821647644,0.8993461988866329
volcanoes-b1,NeuralNetTorch,9158,1018,5,0.05466420765990971,0.14435299958909964,0.012280084192752838,0.9705304503440857,0.9365032576024532
volcanoes-b1,RandomForest,9158,1018,5,0.0545034721515033,0.1419398248169566,0.010722710750997066,0.968565821647644,0.6436589956283569
volcanoes-b1,XGBoost,9158,1018,5,0.0547654091397827,0.14489203155401909,0.011917566880583763,0.968565821647644,0.8489633090794086
volcanoes-b2,CatBoost,9601,1067,5,0.051048090353984485,0.13645503159863942,0.01009454857558012,0.9681349396705627,0.709358599036932
volcanoes-b2,ExtraTrees,9601,1067,5,0.05058211893278324,0.13386747227186457,0.01362923439592123,0.9671977758407593,0.6788333877921104
volcanoes-b2,LightGBM,9601,1067,5,0.052623226903314564,0.14039786000585364,0.014125983230769634,0.969072163105011,0.8408441506326199
volcanoes-b2,LinearModel,9601,1067,5,0.0512892796922161,0.13603957136169373,0.011866697110235691,0.9700093865394592,0.8223140016198158
volcanoes-b2,NeuralNetFastAI,9601,1067,5,0.050830011589383765,0.13380945289798074,0.011365026235580444,0.969072163105011,0.8478546254336834
volcanoes-b2,NeuralNetTorch,9601,1067,5,0.05095738637730495,0.13410299531792863,0.012856719084084034,0.969072163105011,0.754616167396307
volcanoes-b2,RandomForest,9601,1067,5,0.05071355530149306,0.1360905928347846,0.014754457399249077,0.9700093865394592,0.6157670691609383
volcanoes-b2,XGBoost,9601,1067,5,0.0502713379112472,0.13508037329803332,0.01318903174251318,0.9700093865394592,0.7137264646589756
volcanoes-b5,CatBoost,8990,999,5,0.05605756711255979,0.13867208824196237,0.013558880425989628,0.966966986656189,0.6751036643981934
volcanoes-b5,ExtraTrees,8990,999,5,0.0571222623852973,0.14125288083497856,0.0131002739071846,0.966966986656189,0.648234348744154
volcanoes-b5,LightGBM,8990,999,5,0.05664866714389434,0.1416663340949811,0.013127531856298447,0.9639639854431152,0.883882611989975
volcanoes-b5,LinearModel,8990,999,5,0.05673376003793631,0.14025308203713205,0.012674420140683651,0.965965986251831,0.6787698417901993
volcanoes-b5,NeuralNetFastAI,8990,999,5,0.0573223783725118,0.1412101744721629,0.013817006722092628,0.965965986251831,0.7672161348164082
volcanoes-b5,NeuralNetTorch,8990,999,5,0.05712670745084698,0.14287439104930852,0.013943937607109547,0.965965986251831,0.671102911233902
volcanoes-b5,RandomForest,8990,999,5,0.05679607843406283,0.14170053315578962,0.009660154581069946,0.966966986656189,0.5084610693156719
volcanoes-b5,XGBoost,8990,999,5,0.05622219970344029,0.1435987663416155,0.014967532828450203,0.9679679870605469,0.7108411267399788
volcanoes-b6,CatBoost,9117,1013,5,0.06387535136321286,0.1673549717425778,0.017052728682756424,0.9644619822502136,0.7637556158006191
volcanoes-b6,ExtraTrees,9117,1013,5,0.0638223216441756,0.17061722825884973,0.010746072977781296,0.9644619822502136,0.6862610951066017
volcanoes-b6,LightGBM,9117,1013,5,0.06367012485111724,0.16767921420037832,0.011647904291749,0.9624876379966736,0.7255816832184792
volcanoes-b6,LinearModel,9117,1013,5,0.06499033979805204,0.17232960336297778,0.013070422224700451,0.9644619822502136,0.8587253466248512
volcanoes-b6,NeuralNetFastAI,9117,1013,5,0.0648864322176,0.17197648500172247,0.014349643141031265,0.9624876379966736,0.7805012203752995
volcanoes-b6,NeuralNetTorch,9117,1013,5,0.06489843867084702,0.1719925912503866,0.015844928100705147,0.9634748101234436,0.86978430300951
volcanoes-b6,RandomForest,9117,1013,5,0.06449407263626128,0.17030804975251687,0.01284064631909132,0.9615004658699036,0.5335975810885429
volcanoes-b6,XGBoost,9117,1013,5,0.06287610027476997,0.16958990370909693,0.00847550667822361,0.9634748101234436,0.7776769660413265
volcanoes-d1,CatBoost,7877,876,5,0.09947594732698758,0.250850520674742,0.006252671591937542,0.9452054500579834,0.5754862539470196
volcanoes-d1,ExtraTrees,7877,876,5,0.10062491694582963,0.2569384794249259,0.012394814752042294,0.9440639019012451,0.3921421319246292
volcanoes-d1,LightGBM,7877,876,5,0.10044490334492163,0.2554809674934136,0.012533147819340229,0.9440639019012451,0.5592342242598534
volcanoes-d1,LinearModel,7877,876,5,0.09972421845588614,0.25130742204733825,0.013425362296402454,0.9429223537445068,0.4021853394806385
volcanoes-d1,NeuralNetFastAI,7877,876,5,0.09993538330680132,0.25138407211628583,0.007101541850715876,0.9429223537445068,0.6515374481678009
volcanoes-d1,NeuralNetTorch,7877,876,5,0.10043711803192831,0.25435156029444655,0.007452232763171196,0.9429223537445068,0.637380838394165
volcanoes-d1,RandomForest,7877,876,5,0.10102317993696062,0.26095008066600783,0.009635236114263535,0.9440639019012451,0.47441964223980904
volcanoes-d1,XGBoost,7877,876,5,0.0994169348294088,0.25238214600686876,0.017884863540530205,0.9440639019012451,0.5492102429270744
volcanoes-d4,CatBoost,7788,866,5,0.09489162504269494,0.23390032219492818,0.014198776334524155,0.9445727467536926,0.5067156255245209
volcanoes-d4,ExtraTrees,7788,866,5,0.09714912287517677,0.2402895721368438,0.016905073076486588,0.943418025970459,0.41375116631388664
volcanoes-d4,LightGBM,7788,866,5,0.09686641924321818,0.2385257247047146,0.010565422475337982,0.943418025970459,0.44013409316539764
volcanoes-d4,LinearModel,7788,866,5,0.0969908556617701,0.23813670274918525,0.008840195834636688,0.943418025970459,0.4590774402022362
volcanoes-d4,NeuralNetFastAI,7788,866,5,0.09708273298282273,0.23666234695238875,0.01792116090655327,0.943418025970459,0.6018591113388538
volcanoes-d4,NeuralNetTorch,7788,866,5,0.09643293791627996,0.23670084690765095,0.011359883472323418,0.943418025970459,0.6916651427745819
volcanoes-d4,RandomForest,7788,866,5,0.09750554694083817,0.24059475618159512,0.018856795504689217,0.943418025970459,0.3914321959018707
volcanoes-d4,XGBoost,7788,866,5,0.09739332240899531,0.24193381417312362,0.018664902076125145,0.943418025970459,0.4106377065181732
volcanoes-e1,CatBoost,1064,119,5,0.15661577011915528,0.3643756763107634,0.0478970967233181,0.9075630307197571,0.09927357360720634
volcanoes-e1,ExtraTrees,1064,119,5,0.1609354429929216,0.3755798044069993,0.0371338352560997,0.9075630307197571,0.09464030712842941
volcanoes-e1,LightGBM,1064,119,5,0.16087593915552717,0.38104130767748723,0.027552494779229164,0.9075630307197571,0.11122285202145576
volcanoes-e1,LinearModel,1064,119,5,0.16361120946921393,0.3700107178245881,0.043420057743787766,0.9075630307197571,0.09906875342130661
volcanoes-e1,NeuralNetFastAI,1064,119,5,0.15631604588841672,0.3625376567854071,0.036672186106443405,0.9075630307197571,0.12609855458140373
volcanoes-e1,NeuralNetTorch,1064,119,5,0.15964810920754108,0.3815054022430331,0.039652131497859955,0.9075630307197571,0.1131683774292469
volcanoes-e1,RandomForest,1064,119,5,0.16671633264322216,0.39386243409954647,0.040105029940605164,0.9075630307197571,0.07996123656630516
volcanoes-e1,XGBoost,1064,119,5,0.16317939936847373,0.3919505988042567,0.035766758024692535,0.9075630307197571,0.10335201397538185
volkert,CatBoost,52479,5831,10,0.39212767933904974,0.7976337261376947,0.015245234593749046,0.7072543501853943,31.722401957958937
volkert,ExtraTrees,52479,5831,10,0.4276952415337827,0.8825219282569191,0.019449401646852493,0.6818727254867554,0.6460763104259968
volkert,LightGBM,52479,5831,10,0.36513927948797975,0.7414860143138449,0.012740825302898884,0.7297204732894897,31.540570363402367
volkert,LinearModel,52479,5831,10,0.5434247400668831,1.160748661340636,0.018987789750099182,0.5875493288040161,18.894255317747593
volkert,NeuralNetFastAI,52479,5831,10,0.3569021887659472,0.7256424400486481,0.035207055509090424,0.743611752986908,15.315494246780872
volkert,NeuralNetTorch,52479,5831,10,0.38493764933890323,0.7786853434497096,0.02810228243470192,0.7190876603126526,24.453333277255297
volkert,RandomForest,52479,5831,10,0.42780810649449924,0.88643780316075,0.01642279326915741,0.6883896589279175,11.80686391890049
volkert,XGBoost,52479,5831,10,0.3857438729367485,0.788714400167186,0.014071647077798843,0.7180586457252502,32.384732734411955
wall-robot-navigation,CatBoost,4910,546,4,0.004935639405342544,0.013349736417979517,0.009302501566708088,0.9963369965553284,0.6415105015039444
wall-robot-navigation,ExtraTrees,4910,546,4,0.025420428673740506,0.048208089104603134,0.010365452617406845,0.9853479862213135,0.1183219701051712
wall-robot-navigation,LightGBM,4910,546,4,0.00682960305285292,0.016608369662637783,0.00889397133141756,0.9945054650306702,0.4771088846027851
wall-robot-navigation,LinearModel,4910,546,4,0.36015206494838875,0.6235766334904375,0.03275330364704132,0.721611738204956,0.3049560375511646
wall-robot-navigation,NeuralNetFastAI,4910,546,4,0.049443537945640284,0.09351586739147473,0.02199622429907322,0.970695972442627,0.4979712665081024
wall-robot-navigation,NeuralNetTorch,4910,546,4,0.05162598190593325,0.09796950727911563,0.019462745636701584,0.9670329689979553,0.5122028589248657
wall-robot-navigation,RandomForest,4910,546,4,0.011541786587299761,0.02135813775534947,0.010266677476465702,0.9926739931106567,0.027667324990034103
wall-robot-navigation,XGBoost,4910,546,4,0.01002898471431623,0.019893465066610026,0.013130410574376583,0.9926739931106567,0.7259273864328861
waveform-5000,CatBoost,4500,500,3,0.19602126867796688,0.3083814353733184,0.03357021138072014,0.8460000157356262,0.3535393439233303
waveform-5000,ExtraTrees,4500,500,3,0.20687494393385084,0.3171902236345608,0.034191980957984924,0.8299999833106995,0.11405226588249207
waveform-5000,LightGBM,4500,500,3,0.20110691736363917,0.31481020846901975,0.030096210539340973,0.8500000238418579,0.36968575045466423
waveform-5000,LinearModel,4500,500,3,0.1878757643986986,0.3028173185652554,0.024792881682515144,0.8640000224113464,0.3082079514861107
waveform-5000,NeuralNetFastAI,4500,500,3,0.18166684368067512,0.28026584214322753,0.025822941213846207,0.8659999966621399,0.3397678956389427
waveform-5000,NeuralNetTorch,4500,500,3,0.17770621636141112,0.27522137956808457,0.03469791263341904,0.8579999804496765,0.3890012614428997
waveform-5000,RandomForest,4500,500,3,0.22447157900664155,0.344564584831787,0.030232124030590057,0.8399999737739563,0.24151485040783882
waveform-5000,XGBoost,4500,500,3,0.2024106526958848,0.31776259627987136,0.02505541779100895,0.8539999723434448,0.363326083868742
wine-quality-red,CatBoost,1439,160,6,0.43774556240187124,0.8331336933090914,0.0824020504951477,0.6937500238418579,0.17655403912067413
wine-quality-red,ExtraTrees,1439,160,6,0.40911187465766136,0.7728232873694102,0.06518838554620743,0.706250011920929,0.05725793167948723
wine-quality-red,LightGBM,1439,160,6,0.4379699104780734,0.8475626375825105,0.053675707429647446,0.699999988079071,0.16930772364139557
wine-quality-red,LinearModel,1439,160,6,0.5633796401422251,1.0066794621726607,0.09236754477024078,0.5375000238418579,0.1562568061053753
wine-quality-red,NeuralNetFastAI,1439,160,6,0.528139562002748,0.958915955142387,0.0690726488828659,0.581250011920929,0.15840710327029228
wine-quality-red,NeuralNetTorch,1439,160,6,0.4969866593453186,0.9217820517770321,0.1113191694021225,0.668749988079071,0.146857388317585
wine-quality-red,RandomForest,1439,160,6,0.42147583689234996,0.8109719879282686,0.03798761963844299,0.706250011920929,0.0818808563053608
wine-quality-red,XGBoost,1439,160,6,0.43878287582237857,0.8490680074854431,0.11498349159955978,0.699999988079071,0.16074363514780998
wine-quality-white,CatBoost,4408,490,7,0.39987307386714127,0.770957787763281,0.0492083765566349,0.7204081416130066,0.508594386279583
wine-quality-white,ExtraTrees,4408,490,7,0.3735586162456818,0.7204350957356467,0.0655413344502449,0.7122448682785034,0.13966456428170204
wine-quality-white,LightGBM,4408,490,7,0.3814721685717123,0.7370156859218926,0.07103834301233292,0.718367338180542,0.5497234836220741
wine-quality-white,LinearModel,4408,490,7,0.5649764294743477,1.0689839595395494,0.06718505173921585,0.5673469305038452,0.4204067997634411
wine-quality-white,NeuralNetFastAI,4408,490,7,0.5112441309775831,0.9368801465948197,0.05098678916692734,0.6040816307067871,0.4522019326686859
wine-quality-white,NeuralNetTorch,4408,490,7,0.5089044306409571,0.9284523752998339,0.048065245151519775,0.6081632375717163,0.4617506079375744
wine-quality-white,RandomForest,4408,490,7,0.38030356922079217,0.7357775234432681,0.05515791475772858,0.7081632614135742,0.12841205298900604
wine-quality-white,XGBoost,4408,490,7,0.39360644937213757,0.7545696419584873,0.07420153170824051,0.7081632614135742,0.5144279450178146
