dataset,model,cal_size,test_size,n_classes,XGBoost_brier,XGBoost_logloss,XGBoost_ece-15,XGBoost_accuracy,XGBoost_time
Diabetes130US,CatBoost,91589,10177,3,0.49340617656707764,0.8295161724090576,0.01076439768075943,0.6219907402992249,0.7895380593836308
Diabetes130US,ExtraTrees,91589,10177,3,0.5061417818069458,0.8494169116020203,0.008548375219106674,0.6090203523635864,0.7686493620276451
Diabetes130US,LightGBM,91589,10177,3,0.49766045808792114,0.83676677942276,0.013063482008874416,0.619828999042511,0.7719282060861588
Diabetes130US,LinearModel,91589,10177,3,0.5259789228439331,0.8785008192062378,0.011768786236643791,0.593593418598175,0.779426783323288
Diabetes130US,NeuralNetFastAI,91589,10177,3,0.5039452910423279,0.8462508320808411,0.020920058712363243,0.618748128414154,0.7705335170030594
Diabetes130US,NeuralNetTorch,91589,10177,3,0.5117484927177429,0.857938826084137,0.010113419033586979,0.6072516441345215,0.779630396515131
Diabetes130US,RandomForest,91589,10177,3,0.5051426291465759,0.8480829000473022,0.01064777560532093,0.6078411936759949,0.7677033916115761
Diabetes130US,XGBoost,91589,10177,3,0.49444127082824707,0.8304197192192078,0.013648025691509247,0.6233664155006409,0.7672107294201851
GesturePhaseSegmentationProcessed,CatBoost,8885,988,5,0.38798418641090393,0.7624596953392029,0.05802280083298683,0.7196356058120728,0.17238608375191689
GesturePhaseSegmentationProcessed,ExtraTrees,8885,988,5,0.4063311219215393,0.7952520847320557,0.07246032357215881,0.7074899077415466,0.1714714653789997
GesturePhaseSegmentationProcessed,LightGBM,8885,988,5,0.39114800095558167,0.768351674079895,0.05682412162423134,0.7145748734474182,0.16816584020853043
GesturePhaseSegmentationProcessed,LinearModel,8885,988,5,0.6306682229042053,1.2243938446044922,0.042017269879579544,0.5030364394187927,0.17149587348103523
GesturePhaseSegmentationProcessed,NeuralNetFastAI,8885,988,5,0.507530927658081,0.9884233474731445,0.06987673044204712,0.637651801109314,0.17331645637750626
GesturePhaseSegmentationProcessed,NeuralNetTorch,8885,988,5,0.496207058429718,0.9713183641433716,0.07230636477470398,0.6447368264198303,0.17294349521398544
GesturePhaseSegmentationProcessed,RandomForest,8885,988,5,0.423286497592926,0.8236461877822876,0.05393669009208679,0.6872469782829285,0.17134562879800797
GesturePhaseSegmentationProcessed,XGBoost,8885,988,5,0.3906031548976898,0.7681813836097717,0.06165604293346405,0.7196356058120728,0.17112546414136887
Indian_pines,CatBoost,8229,915,8,0.07253506034612656,0.16616679728031158,0.06486832350492477,0.9606557488441467,0.24321459606289864
Indian_pines,ExtraTrees,8229,915,8,0.1078111007809639,0.22051499783992767,0.05543290823698044,0.9344262480735779,0.17910247296094894
Indian_pines,LightGBM,8229,915,8,0.061343517154455185,0.14747978746891022,0.05386795476078987,0.9639344215393066,0.18142962083220482
Indian_pines,LinearModel,8229,915,8,0.11362841725349426,0.2356598973274231,0.053973957896232605,0.9289617538452148,0.17616703733801842
Indian_pines,NeuralNetFastAI,8229,915,8,0.05652257800102234,0.135888010263443,0.04742176830768585,0.9661202430725098,0.23593354225158691
Indian_pines,NeuralNetTorch,8229,915,8,0.050186995416879654,0.12642471492290497,0.054416149854660034,0.9737704992294312,0.18872882053256035
Indian_pines,RandomForest,8229,915,8,0.11164659261703491,0.22732393443584442,0.06074606999754906,0.9355190992355347,0.17994686216115952
Indian_pines,XGBoost,8229,915,8,0.06930472701787949,0.157648503780365,0.05853826552629471,0.9606557488441467,0.24222484230995178
LED-display-domain-7digit,CatBoost,450,50,10,0.38807743787765503,0.8616378307342529,0.17894645035266876,0.7799999713897705,0.13652846217155457
LED-display-domain-7digit,ExtraTrees,450,50,10,0.3919571340084076,0.9276853799819946,0.11494787037372589,0.7200000286102295,0.1523832604289055
LED-display-domain-7digit,LightGBM,450,50,10,0.378261536359787,0.8345058560371399,0.12112817913293839,0.7200000286102295,0.13211173936724663
LED-display-domain-7digit,LinearModel,450,50,10,0.37155288457870483,0.8454383015632629,0.13095809519290924,0.7400000095367432,0.13327648490667343
LED-display-domain-7digit,NeuralNetFastAI,450,50,10,0.37952107191085815,0.8389685153961182,0.09269401431083679,0.7400000095367432,0.13267720490694046
LED-display-domain-7digit,NeuralNetTorch,450,50,10,0.35743510723114014,0.8015933036804199,0.18196038901805878,0.7200000286102295,0.13279900699853897
LED-display-domain-7digit,RandomForest,450,50,10,0.3863949477672577,0.9053181409835815,0.15362320840358734,0.699999988079071,0.14638888835906982
LED-display-domain-7digit,XGBoost,450,50,10,0.38992932438850403,0.8575996160507202,0.15399287641048431,0.699999988079071,0.13717877119779587
MiceProtein,CatBoost,972,108,8,0.016100836917757988,0.0840751975774765,0.07059676945209503,0.9907407164573669,0.08997035026550293
MiceProtein,ExtraTrees,972,108,8,0.015111871063709259,0.08359946310520172,0.06801048666238785,0.9907407164573669,0.07923705875873566
MiceProtein,LightGBM,972,108,8,0.01391378603875637,0.08333393186330795,0.06880910694599152,0.9907407164573669,0.0789463259279728
MiceProtein,LinearModel,972,108,8,0.0060594468377530575,0.06937889009714127,0.06663047522306442,1.0,0.0708373598754406
MiceProtein,NeuralNetFastAI,972,108,8,0.02113431505858898,0.10366879403591156,0.07266265153884888,0.9907407164573669,0.06879588216543198
MiceProtein,NeuralNetTorch,972,108,8,0.014954633079469204,0.09022194892168045,0.06897800415754318,0.9907407164573669,0.04266274720430374
MiceProtein,RandomForest,972,108,8,0.07342973351478577,0.1995590329170227,0.0805814117193222,0.9444444179534912,0.07762997969985008
MiceProtein,XGBoost,972,108,8,0.027119087055325508,0.10458371043205261,0.07927249372005463,0.9722222089767456,0.09539570286870003
Traffic_violations,CatBoost,63306,7034,3,0.26906102895736694,0.41602230072021484,0.02184850350022316,0.7992607355117798,0.4870081692934036
Traffic_violations,ExtraTrees,63306,7034,3,0.27829664945602417,0.42929717898368835,0.019196486100554466,0.7911572456359863,0.46059390902519226
Traffic_violations,LightGBM,63306,7034,3,0.27303338050842285,0.4223445951938629,0.019080014899373055,0.7958487272262573,0.5005841702222824
Traffic_violations,LinearModel,63306,7034,3,0.27748337388038635,0.42721694707870483,0.020608119666576385,0.7890247106552124,0.49185025319457054
Traffic_violations,NeuralNetFastAI,63306,7034,3,0.27676013112068176,0.42614486813545227,0.02397550642490387,0.7937162518501282,0.48917167633771896
Traffic_violations,NeuralNetTorch,63306,7034,3,0.290150910615921,0.45040440559387207,0.023149846121668816,0.7817742228507996,0.495587095618248
Traffic_violations,RandomForest,63306,7034,3,0.2745225131511688,0.4232681393623352,0.02765858918428421,0.7961330413818359,0.4605451449751854
Traffic_violations,XGBoost,63306,7034,3,0.2738836705684662,0.4215524196624756,0.01870987005531788,0.7928632497787476,0.4897671267390251
UMIST_Faces_Cropped,CatBoost,517,58,20,0.05424049124121666,0.2472541481256485,0.1054607704281807,0.9655172228813171,0.2851589433848858
UMIST_Faces_Cropped,ExtraTrees,517,58,20,0.059263478964567184,0.251258909702301,0.09044871479272842,0.9482758641242981,0.1608172506093979
UMIST_Faces_Cropped,LightGBM,517,58,20,0.07014758139848709,0.27637189626693726,0.08297736942768097,0.9655172228813171,0.3013386204838753
UMIST_Faces_Cropped,LinearModel,517,58,20,0.07487037777900696,0.3007621765136719,0.08920643478631973,0.931034505367279,0.12848224863409996
UMIST_Faces_Cropped,NeuralNetFastAI,517,58,20,0.14911232888698578,0.5377245545387268,0.11406014859676361,0.8620689511299133,0.07396792620420456
UMIST_Faces_Cropped,NeuralNetTorch,517,58,20,0.17282766103744507,0.6061052680015564,0.08757439255714417,0.8275862336158752,0.06186339259147644
UMIST_Faces_Cropped,RandomForest,517,58,20,0.04486989974975586,0.20296253263950348,0.09221651405096054,0.9655172228813171,0.17550331354141235
UMIST_Faces_Cropped,XGBoost,517,58,20,0.08524984121322632,0.31920599937438965,0.1112261638045311,0.9482758641242981,0.3448326215147972
analcatdata_authorship,CatBoost,756,85,4,0.055861275643110275,0.13497743010520935,0.06930281221866608,0.9647058844566345,0.040666770190000534
analcatdata_authorship,ExtraTrees,756,85,4,0.03700057044625282,0.09943851828575134,0.06329918652772903,0.9764705896377563,0.03984414041042328
analcatdata_authorship,LightGBM,756,85,4,0.028799355030059814,0.09588835388422012,0.03538127616047859,0.9882352948188782,0.03488246351480484
analcatdata_authorship,LinearModel,756,85,4,0.03441218286752701,0.10147498548030853,0.051887147128582,0.9764705896377563,0.031129561364650726
analcatdata_authorship,NeuralNetFastAI,756,85,4,0.6274396181106567,1.1150399446487427,0.05575236678123474,0.43529412150382996,0.02390812337398529
analcatdata_authorship,NeuralNetTorch,756,85,4,0.23413097858428955,0.4493209719657898,0.11644327640533447,0.729411780834198,0.02392585575580597
analcatdata_authorship,RandomForest,756,85,4,0.0465911403298378,0.12328850477933884,0.07052051275968552,0.9764705896377563,0.041139207780361176
analcatdata_authorship,XGBoost,756,85,4,0.02688760496675968,0.07706182450056076,0.06087028980255127,0.9764705896377563,0.039483699947595596
analcatdata_dmft,CatBoost,717,80,6,0.8244684338569641,1.7621791362762451,0.058256637305021286,0.1875,0.08281560242176056
analcatdata_dmft,ExtraTrees,717,80,6,0.8443318605422974,1.8130143880844116,0.0767882764339447,0.21250000596046448,0.08176374435424805
analcatdata_dmft,LightGBM,717,80,6,0.8226534724235535,1.7590011358261108,0.07040310651063919,0.26249998807907104,0.08377249911427498
analcatdata_dmft,LinearModel,717,80,6,0.8391022682189941,1.7969019412994385,0.07285483926534653,0.1875,0.0807676836848259
analcatdata_dmft,NeuralNetFastAI,717,80,6,0.822666347026825,1.74970281124115,0.08580061793327332,0.1875,0.08272694423794746
analcatdata_dmft,NeuralNetTorch,717,80,6,0.805773913860321,1.7047380208969116,0.038493089377880096,0.22499999403953552,0.08099890127778053
analcatdata_dmft,RandomForest,717,80,6,0.8250800371170044,1.772357702255249,0.06868121027946472,0.26249998807907104,0.08032362163066864
analcatdata_dmft,XGBoost,717,80,6,0.8165463209152222,1.7390754222869873,0.10835687816143036,0.20000000298023224,0.08045832067728043
artificial-characters,CatBoost,9196,1022,10,0.0907159075140953,0.24585965275764465,0.09487216919660568,0.9500978589057922,0.3920056074857712
artificial-characters,ExtraTrees,9196,1022,10,0.08246948570013046,0.24101965129375458,0.04876681789755821,0.9549902081489563,0.2993508353829384
artificial-characters,LightGBM,9196,1022,10,0.07828100025653839,0.2154059112071991,0.09963442385196686,0.9637964963912964,0.35912949964404106
artificial-characters,LinearModel,9196,1022,10,0.6130944490432739,1.3299143314361572,0.11380758881568909,0.5039138793945312,0.409465990960598
artificial-characters,NeuralNetFastAI,9196,1022,10,0.3709099590778351,0.7009596228599548,0.08709114789962769,0.7191780805587769,0.3728281743824482
artificial-characters,NeuralNetTorch,9196,1022,10,0.35841289162635803,0.6852834820747375,0.07439158856868744,0.709393322467804,0.35500795394182205
artificial-characters,RandomForest,9196,1022,10,0.07974465936422348,0.2292843461036682,0.05538254231214523,0.9549902081489563,0.29699327796697617
artificial-characters,XGBoost,9196,1022,10,0.08910925686359406,0.24073426425457,0.09299099445343018,0.9500978589057922,0.3810143545269966
autoUniv-au6-750,CatBoost,675,75,8,0.8409334421157837,1.9442775249481201,0.10812084376811981,0.20000000298023224,0.12760255858302116
autoUniv-au6-750,ExtraTrees,675,75,8,0.8541674017906189,2.0281941890716553,0.15633472800254822,0.2133333384990692,0.12842046096920967
autoUniv-au6-750,LightGBM,675,75,8,0.8052257299423218,1.8756239414215088,0.08404979854822159,0.3333333432674408,0.1280457228422165
autoUniv-au6-750,LinearModel,675,75,8,0.8368678092956543,1.929011583328247,0.08362478017807007,0.23999999463558197,0.12662336602807045
autoUniv-au6-750,NeuralNetFastAI,675,75,8,0.8527109622955322,2.002156972885132,0.055949434638023376,0.2133333384990692,0.12427350506186485
autoUniv-au6-750,NeuralNetTorch,675,75,8,0.8548149466514587,1.991447925567627,0.04843400418758392,0.23999999463558197,0.12138043716549873
autoUniv-au6-750,RandomForest,675,75,8,0.7787216305732727,1.829776644706726,0.09469272196292877,0.4000000059604645,0.12412440776824951
autoUniv-au6-750,XGBoost,675,75,8,0.8260822296142578,1.9704903364181519,0.09142390638589859,0.3199999928474426,0.1297347992658615
autoUniv-au7-1100,CatBoost,990,110,5,0.7271623015403748,1.3934253454208374,0.10656581073999405,0.3545454442501068,0.07120849937200546
autoUniv-au7-1100,ExtraTrees,990,110,5,0.7335110902786255,1.4207611083984375,0.0951981171965599,0.3909091055393219,0.07254726439714432
autoUniv-au7-1100,LightGBM,990,110,5,0.7250538468360901,1.4046916961669922,0.09425029158592224,0.37272727489471436,0.07220395654439926
autoUniv-au7-1100,LinearModel,990,110,5,0.7613314986228943,1.5071040391921997,0.10987889766693115,0.34545454382896423,0.07197441533207893
autoUniv-au7-1100,NeuralNetFastAI,990,110,5,0.742943286895752,1.456473469734192,0.09071948379278183,0.37272727489471436,0.07013324648141861
autoUniv-au7-1100,NeuralNetTorch,990,110,5,0.7345321774482727,1.4376527070999146,0.12072070688009262,0.40909090638160706,0.07102713733911514
autoUniv-au7-1100,RandomForest,990,110,5,0.6952489018440247,1.363110065460205,0.08755906671285629,0.4727272689342499,0.0714905895292759
autoUniv-au7-1100,XGBoost,990,110,5,0.7143558859825134,1.382559895515442,0.10218289494514465,0.3909091055393219,0.07215936109423637
autoUniv-au7-700,CatBoost,630,70,3,0.5310936570167542,0.9072495102882385,0.08753079175949097,0.6000000238418579,0.036210644990205765
autoUniv-au7-700,ExtraTrees,630,70,3,0.5319321155548096,0.8988723754882812,0.12215136736631393,0.5714285969734192,0.035624466836452484
autoUniv-au7-700,LightGBM,630,70,3,0.5115054249763489,0.8565385341644287,0.1292601078748703,0.5714285969734192,0.03595936670899391
autoUniv-au7-700,LinearModel,630,70,3,0.6726441979408264,1.1110363006591797,0.12831014394760132,0.4285714328289032,0.03510170429944992
autoUniv-au7-700,NeuralNetFastAI,630,70,3,0.6131284832954407,1.0222152471542358,0.1459159553050995,0.5142857432365417,0.03486495092511177
autoUniv-au7-700,NeuralNetTorch,630,70,3,0.6605680584907532,1.0904161930084229,0.15217731893062592,0.41428571939468384,0.035667695105075836
autoUniv-au7-700,RandomForest,630,70,3,0.5427345037460327,0.9031125903129578,0.0959198996424675,0.5,0.03593399003148079
autoUniv-au7-700,XGBoost,630,70,3,0.5280725359916687,0.8882098197937012,0.13804595172405243,0.4714285731315613,0.034904561936855316
balance-scale,CatBoost,562,63,3,0.015159236267209053,0.054249852895736694,0.0459919273853302,0.9841269850730896,0.03280263394117355
balance-scale,ExtraTrees,562,63,3,0.0400097481906414,0.09480878710746765,0.07383247464895248,0.9682539701461792,0.03347300738096237
balance-scale,LightGBM,562,63,3,0.0410594679415226,0.10272867232561111,0.06444398313760757,0.9841269850730896,0.032273534685373306
balance-scale,LinearModel,562,63,3,0.07981429249048233,0.16872510313987732,0.0637987032532692,0.920634925365448,0.03279142826795578
balance-scale,NeuralNetFastAI,562,63,3,0.006759841460734606,0.04416555538773537,0.041683707386255264,1.0,0.029414154589176178
balance-scale,NeuralNetTorch,562,63,3,0.0020583593286573887,0.03301900252699852,0.0323534719645977,1.0,0.024744737893342972
balance-scale,RandomForest,562,63,3,0.04730293154716492,0.11675607413053513,0.06557342410087585,0.9682539701461792,0.033698830753564835
balance-scale,XGBoost,562,63,3,0.019613532349467278,0.0621156245470047,0.04718351364135742,0.9841269850730896,0.033373650163412094
baseball,CatBoost,1206,134,3,0.08296128362417221,0.15184813737869263,0.05241871997714043,0.9552238583564758,0.03671377897262573
baseball,ExtraTrees,1206,134,3,0.08254048228263855,0.15522870421409607,0.05100598931312561,0.9402984976768494,0.03601554036140442
baseball,LightGBM,1206,134,3,0.07058481872081757,0.1402582824230194,0.03657395392656326,0.9402984976768494,0.03641323372721672
baseball,LinearModel,1206,134,3,0.07622211426496506,0.15014733374118805,0.051653966307640076,0.9477611780166626,0.03709535300731659
baseball,NeuralNetFastAI,1206,134,3,0.07151354104280472,0.1283193677663803,0.034473586827516556,0.9477611780166626,0.036803193390369415
baseball,NeuralNetTorch,1206,134,3,0.09215220808982849,0.1675489991903305,0.06161727011203766,0.9402984976768494,0.03751441836357117
baseball,RandomForest,1206,134,3,0.08505009114742279,0.15851855278015137,0.04295792058110237,0.9328358173370361,0.037208929657936096
baseball,XGBoost,1206,134,3,0.07945474982261658,0.14557813107967377,0.05279702693223953,0.9552238583564758,0.03534511849284172
car,CatBoost,1555,173,4,0.0014463308034464717,0.024612704291939735,0.02413429692387581,1.0,0.04605036973953247
car,ExtraTrees,1555,173,4,0.010639014653861523,0.04203669726848602,0.03139548748731613,0.9942196607589722,0.04331636056303978
car,LightGBM,1555,173,4,0.0009549660026095808,0.022673651576042175,0.022371351718902588,1.0,0.03956768661737442
car,LinearModel,1555,173,4,0.06613380461931229,0.1305702030658722,0.03963412716984749,0.9595375657081604,0.04953319579362869
car,NeuralNetFastAI,1555,173,4,0.011416320689022541,0.03839745745062828,0.028629647567868233,0.9942196607589722,0.04407063499093056
car,NeuralNetTorch,1555,173,4,0.024998607113957405,0.06385770440101624,0.034209687262773514,0.9768785834312439,0.03462257608771324
car,RandomForest,1555,173,4,0.03275854513049126,0.08166284114122391,0.026494119316339493,0.9826589822769165,0.03998805955052376
car,XGBoost,1555,173,4,0.0009766238508746028,0.022862059995532036,0.022551000118255615,1.0,0.043080031871795654
cardiotocography,CatBoost,1913,213,10,0.004001097287982702,0.05411231890320778,0.05217280238866806,1.0,0.14305013045668602
cardiotocography,ExtraTrees,1913,213,10,0.00300603942014277,0.051720838993787766,0.05039018392562866,1.0,0.05900038406252861
cardiotocography,LightGBM,1913,213,10,0.012277789413928986,0.07171276211738586,0.05438559502363205,0.9906103014945984,0.10718448832631111
cardiotocography,LinearModel,1913,213,10,0.0071854498237371445,0.05973999574780464,0.0531473308801651,0.9953051805496216,0.11931892856955528
cardiotocography,NeuralNetFastAI,1913,213,10,0.018145954236388206,0.08461316674947739,0.04940030351281166,0.98591548204422,0.0612872950732708
cardiotocography,NeuralNetTorch,1913,213,10,0.00300603942014277,0.051720838993787766,0.05039018392562866,1.0,0.05908641964197159
cardiotocography,RandomForest,1913,213,10,0.00300603942014277,0.051720838993787766,0.05039018392562866,1.0,0.059633832424879074
cardiotocography,XGBoost,1913,213,10,0.003249257570132613,0.05323205515742302,0.05179585516452789,1.0,0.13049782440066338
cmc,CatBoost,1325,148,3,0.5079531073570251,0.8547779321670532,0.07781966775655746,0.5675675868988037,0.04108510538935661
cmc,ExtraTrees,1325,148,3,0.5082501173019409,0.8561155796051025,0.06031250208616257,0.587837815284729,0.041128333657979965
cmc,LightGBM,1325,148,3,0.5236002206802368,0.8784849643707275,0.0616193562746048,0.5405405163764954,0.042078569531440735
cmc,LinearModel,1325,148,3,0.5306184887886047,0.8862622976303101,0.1445106863975525,0.6283783912658691,0.041645292192697525
cmc,NeuralNetFastAI,1325,148,3,0.5189688205718994,0.8714613914489746,0.06273481994867325,0.5743243098258972,0.041784707456827164
cmc,NeuralNetTorch,1325,148,3,0.5071980953216553,0.8545435667037964,0.08640384674072266,0.587837815284729,0.04164612665772438
cmc,RandomForest,1325,148,3,0.5062183141708374,0.8508371114730835,0.07237272709608078,0.587837815284729,0.04164517670869827
cmc,XGBoost,1325,148,3,0.5099507570266724,0.8630765676498413,0.10762660950422287,0.5945945978164673,0.04158662632107735
cnae-9,CatBoost,972,108,9,0.08141134679317474,0.25021129846572876,0.08013338595628738,0.9537037014961243,0.13988617062568665
cnae-9,ExtraTrees,972,108,9,0.055754002183675766,0.1854136437177658,0.1062069684267044,0.9722222089767456,0.10926252231001854
cnae-9,LightGBM,972,108,9,0.06851369142532349,0.21170635521411896,0.08552558720111847,0.9629629850387573,0.13661200180649757
cnae-9,LinearModel,972,108,9,0.07836794853210449,0.21061475574970245,0.07760248333215714,0.9537037014961243,0.13181253150105476
cnae-9,NeuralNetFastAI,972,108,9,0.05625150352716446,0.1803482174873352,0.08147624135017395,0.9629629850387573,0.1365041472017765
cnae-9,NeuralNetTorch,972,108,9,0.07515506446361542,0.21914109587669373,0.07978624105453491,0.9444444179534912,0.10841453820466995
cnae-9,RandomForest,972,108,9,0.07597656548023224,0.21352916955947876,0.09536169469356537,0.9444444179534912,0.11087964475154877
cnae-9,XGBoost,972,108,9,0.09310782700777054,0.2621641457080841,0.07968822121620178,0.9351851940155029,0.13428868353366852
collins,CatBoost,900,100,30,0.8337655663490295,2.294753074645996,0.06706660985946655,0.28999999165534973,1.0022917464375496
collins,ExtraTrees,900,100,30,0.8555324077606201,2.381762981414795,0.061219654977321625,0.25999999046325684,1.0122266225516796
collins,LightGBM,900,100,30,0.828902006149292,2.2452127933502197,0.10073814541101456,0.3199999928474426,1.0718264803290367
collins,LinearModel,900,100,30,0.8452995419502258,2.3191068172454834,0.06580737233161926,0.2800000011920929,1.088200606405735
collins,NeuralNetFastAI,900,100,30,0.8513467907905579,2.3515326976776123,0.12973271310329437,0.1899999976158142,1.085709523409605
collins,NeuralNetTorch,900,100,30,0.8206730484962463,2.321420192718506,0.1282227337360382,0.2800000011920929,1.1356120146811008
collins,RandomForest,900,100,30,0.8546439409255981,2.3767714500427246,0.09186825156211853,0.23000000417232513,1.0233856923878193
collins,XGBoost,900,100,30,0.8738787770271301,2.4619462490081787,0.09511280804872513,0.25,1.0806828662753105
connect-4,CatBoost,60801,6756,3,0.17844173312187195,0.33059677481651306,0.03192565217614174,0.874925971031189,0.5062304548919201
connect-4,ExtraTrees,60801,6756,3,0.2505907416343689,0.45657235383987427,0.0182889923453331,0.8228241801261902,0.5137965008616447
connect-4,LightGBM,60801,6756,3,0.17797943949699402,0.3295755684375763,0.026975611224770546,0.873741865158081,0.4953167475759983
connect-4,LinearModel,60801,6756,3,0.33439937233924866,0.594257116317749,0.018384672701358795,0.758436918258667,0.5221655108034611
connect-4,NeuralNetFastAI,60801,6756,3,0.16977640986442566,0.316780686378479,0.03715469688177109,0.8817347288131714,0.49526261910796165
connect-4,NeuralNetTorch,60801,6756,3,0.17797288298606873,0.3312603533267975,0.040030479431152344,0.8768501877784729,0.5004770904779434
connect-4,RandomForest,60801,6756,3,0.2612984776496887,0.47608137130737305,0.017404407262802124,0.8161634206771851,0.5129266530275345
connect-4,XGBoost,60801,6756,3,0.17872413992881775,0.3309580683708191,0.03155212476849556,0.874333918094635,0.49730371311306953
dilbert,CatBoost,9000,1000,5,0.024950720369815826,0.09074665606021881,0.052202675491571426,0.9869999885559082,0.14961738884449005
dilbert,ExtraTrees,9000,1000,5,0.039857037365436554,0.1193874254822731,0.054494667798280716,0.9760000109672546,0.1500266268849373
dilbert,LightGBM,9000,1000,5,0.013985445722937584,0.07083691656589508,0.05086081475019455,0.9929999709129333,0.13674990832805634
dilbert,LinearModel,9000,1000,5,0.0951710119843483,0.21825240552425385,0.07126866281032562,0.9399999976158142,0.14940771088004112
dilbert,NeuralNetFastAI,9000,1000,5,0.022817149758338928,0.08831046521663666,0.06026377156376839,0.9890000224113464,0.1428426057100296
dilbert,NeuralNetTorch,9000,1000,5,0.018472647294402122,0.08137764036655426,0.06152566522359848,0.9909999966621399,0.14614898711442947
dilbert,RandomForest,9000,1000,5,0.060734689235687256,0.15668754279613495,0.053043708205223083,0.9639999866485596,0.15171360597014427
dilbert,XGBoost,9000,1000,5,0.019233977422118187,0.0818193331360817,0.05154005438089371,0.9900000095367432,0.14803027734160423
dna,CatBoost,2867,319,3,0.0679907351732254,0.1489766240119934,0.045385703444480896,0.9592476487159729,0.051360778510570526
dna,ExtraTrees,2867,319,3,0.08283812552690506,0.18411651253700256,0.054930999875068665,0.9435736536979675,0.050130557268857956
dna,LightGBM,2867,319,3,0.0761905238032341,0.16684482991695404,0.027173029258847237,0.9529780745506287,0.0507001057267189
dna,LinearModel,2867,319,3,0.1269579976797104,0.2516824007034302,0.061407070606946945,0.931034505367279,0.051908254623413086
dna,NeuralNetFastAI,2867,319,3,0.0811447724699974,0.1767708957195282,0.05026593804359436,0.9404388666152954,0.051908720284700394
dna,NeuralNetTorch,2867,319,3,0.08692878484725952,0.18101000785827637,0.046984925866127014,0.9373040795326233,0.0512302927672863
dna,RandomForest,2867,319,3,0.09549843519926071,0.19438976049423218,0.037542980164289474,0.9404388666152954,0.050583790987730026
dna,XGBoost,2867,319,3,0.07145511358976364,0.15980307757854462,0.04293196648359299,0.9561128616333008,0.05098652467131615
eucalyptus,CatBoost,662,74,5,0.42397114634513855,0.7481261491775513,0.11902202665805817,0.662162184715271,0.06160816550254822
eucalyptus,ExtraTrees,662,74,5,0.3866882622241974,0.6770282983779907,0.09840093553066254,0.7027027010917664,0.06008308753371239
eucalyptus,LightGBM,662,74,5,0.39141932129859924,0.6910499334335327,0.16739125549793243,0.7432432174682617,0.061204615980386734
eucalyptus,LinearModel,662,74,5,0.4510905146598816,0.8025575876235962,0.1041451096534729,0.662162184715271,0.061676256358623505
eucalyptus,NeuralNetFastAI,662,74,5,0.4184024930000305,0.7426385879516602,0.16398246586322784,0.7297297120094299,0.06031534820795059
eucalyptus,NeuralNetTorch,662,74,5,0.41979512572288513,0.7161871194839478,0.0961172804236412,0.7027027010917664,0.05911850556731224
eucalyptus,RandomForest,662,74,5,0.3883930444717407,0.687690794467926,0.10318095982074738,0.7027027010917664,0.059466827660799026
eucalyptus,XGBoost,662,74,5,0.4051220118999481,0.7470983266830444,0.1155623123049736,0.7297297120094299,0.0611533522605896
eye_movements,CatBoost,9842,1094,3,0.3545919954776764,0.6087165474891663,0.04300983250141144,0.7385740280151367,0.10872088000178337
eye_movements,ExtraTrees,9842,1094,3,0.31837454438209534,0.5525450110435486,0.044983167201280594,0.7742230296134949,0.10884547978639603
eye_movements,LightGBM,9842,1094,3,0.2816183567047119,0.4985227584838867,0.05573677271604538,0.808043897151947,0.10872375220060349
eye_movements,LinearModel,9842,1094,3,0.5667814016342163,0.9249830842018127,0.01124123390763998,0.5127970576286316,0.10731059685349464
eye_movements,NeuralNetFastAI,9842,1094,3,0.43531864881515503,0.7290582656860352,0.0630660429596901,0.6736745834350586,0.10892879217863083
eye_movements,NeuralNetTorch,9842,1094,3,0.41988155245780945,0.70846027135849,0.07556082308292389,0.6864716410636902,0.10924096405506134
eye_movements,RandomForest,9842,1094,3,0.3816657066345215,0.6523983478546143,0.03222312778234482,0.7184643745422363,0.10974207893013954
eye_movements,XGBoost,9842,1094,3,0.32109013199806213,0.5587717294692993,0.04836423695087433,0.7659963369369507,0.108954519033432
fabert,CatBoost,7413,824,7,0.3520866930484772,0.7334561347961426,0.068416528403759,0.7402912378311157,0.2259693555533886
fabert,ExtraTrees,7413,824,7,0.3712608516216278,0.7619785666465759,0.0651094987988472,0.7063106894493103,0.22634026035666466
fabert,LightGBM,7413,824,7,0.35658568143844604,0.7386650443077087,0.05542987212538719,0.7208737730979919,0.2282286360859871
fabert,LinearModel,7413,824,7,0.48541325330734253,1.0237473249435425,0.09614003449678421,0.6347087621688843,0.23042325675487518
fabert,NeuralNetFastAI,7413,824,7,0.389528751373291,0.8171869516372681,0.07182294130325317,0.7160193920135498,0.22554104775190353
fabert,NeuralNetTorch,7413,824,7,0.4244743287563324,0.8875595331192017,0.10287997871637344,0.6868932247161865,0.2262762412428856
fabert,RandomForest,7413,824,7,0.3833942711353302,0.7896764278411865,0.06393827497959137,0.7123786211013794,0.2270875945687294
fabert,XGBoost,7413,824,7,0.36074113845825195,0.7639244794845581,0.06905851513147354,0.731796145439148,0.22590533643960953
first-order-theorem-proving,CatBoost,5506,612,6,0.5064566731452942,1.0578317642211914,0.05398146063089371,0.6209150552749634,0.16451003402471542
first-order-theorem-proving,ExtraTrees,5506,612,6,0.5104276537895203,1.0632351636886597,0.034733012318611145,0.6029411554336548,0.16497381776571274
first-order-theorem-proving,LightGBM,5506,612,6,0.511883556842804,1.0711712837219238,0.043499656021595,0.6176470518112183,0.16532034799456596
first-order-theorem-proving,LinearModel,5506,612,6,0.6337427496910095,1.3465468883514404,0.0488024577498436,0.5016340017318726,0.1660878099501133
first-order-theorem-proving,NeuralNetFastAI,5506,612,6,0.5601531267166138,1.1761611700057983,0.05303091183304787,0.5653594732284546,0.16326599940657616
first-order-theorem-proving,NeuralNetTorch,5506,612,6,0.551251232624054,1.153672218322754,0.039732858538627625,0.563725471496582,0.1645759977400303
first-order-theorem-proving,RandomForest,5506,612,6,0.5103750824928284,1.0580284595489502,0.04002958536148071,0.6062091588973999,0.16451214253902435
first-order-theorem-proving,XGBoost,5506,612,6,0.5028285384178162,1.0525612831115723,0.0495101660490036,0.6241829991340637,0.1646042950451374
har,CatBoost,9269,1030,6,0.008355718106031418,0.06254267692565918,0.05639151111245155,0.9970873594284058,0.17181452363729477
har,ExtraTrees,9269,1030,6,0.022759849205613136,0.08736895024776459,0.05563649907708168,0.9873786568641663,0.15836190432310104
har,LightGBM,9269,1030,6,0.006063112057745457,0.058668073266744614,0.05446293205022812,0.9990290999412537,0.1545167826116085
har,LinearModel,9269,1030,6,0.018955053761601448,0.08129793405532837,0.057173196226358414,0.9893203973770142,0.167375136166811
har,NeuralNetFastAI,9269,1030,6,0.010526951402425766,0.06830224394798279,0.05922163650393486,0.9970873594284058,0.1611454039812088
har,NeuralNetTorch,9269,1030,6,0.010842793621122837,0.06716039031744003,0.056445274502038956,0.9961165189743042,0.16441374644637108
har,RandomForest,9269,1030,6,0.03363192826509476,0.10839365422725677,0.054260313510894775,0.9815533757209778,0.15600650385022163
har,XGBoost,9269,1030,6,0.009212424047291279,0.06447302550077438,0.05655180290341377,0.9970873594284058,0.17661863937973976
isolet,CatBoost,7017,780,26,0.07412484288215637,0.18304936587810516,0.03845175355672836,0.9512820243835449,1.2266182005405426
isolet,ExtraTrees,7017,780,26,0.08038723468780518,0.20784160494804382,0.03923889994621277,0.9461538195610046,1.100323710590601
isolet,LightGBM,7017,780,26,0.0589023195207119,0.16041600704193115,0.044597309082746506,0.9628205299377441,1.317207656800747
isolet,LinearModel,7017,780,26,0.06233067065477371,0.16604724526405334,0.03757983818650246,0.9602563977241516,1.1610563658177853
isolet,NeuralNetFastAI,7017,780,26,0.045985300093889236,0.12566858530044556,0.04037470370531082,0.9705128073692322,0.9649904146790504
isolet,NeuralNetTorch,7017,780,26,0.06271931529045105,0.16756249964237213,0.04027176275849342,0.9615384340286255,1.2536969557404518
isolet,RandomForest,7017,780,26,0.10730616003274918,0.27218368649482727,0.0454639196395874,0.928205132484436,1.1233955100178719
isolet,XGBoost,7017,780,26,0.06908459961414337,0.17955973744392395,0.039153795689344406,0.9512820243835449,1.3628983050584793
jungle_chess_2pcs_raw_endgame_complete,CatBoost,40337,4482,3,0.15179842710494995,0.253478080034256,0.03080156072974205,0.875278890132904,0.31777608022093773
jungle_chess_2pcs_raw_endgame_complete,ExtraTrees,40337,4482,3,0.16497176885604858,0.2821124792098999,0.04082181677222252,0.8770638108253479,0.31477171182632446
jungle_chess_2pcs_raw_endgame_complete,LightGBM,40337,4482,3,0.130436509847641,0.2214020937681198,0.04105670377612114,0.8962516784667969,0.31405559927225113
jungle_chess_2pcs_raw_endgame_complete,LinearModel,40337,4482,3,0.41185832023620605,0.6920005679130554,0.03380541503429413,0.6854082942008972,0.3486395440995693
jungle_chess_2pcs_raw_endgame_complete,NeuralNetFastAI,40337,4482,3,0.10236646234989166,0.17847789824008942,0.03945449739694595,0.9094154238700867,0.315420538187027
jungle_chess_2pcs_raw_endgame_complete,NeuralNetTorch,40337,4482,3,0.025684062391519547,0.06977187842130661,0.039006587117910385,0.984605073928833,0.2797163836658001
jungle_chess_2pcs_raw_endgame_complete,RandomForest,40337,4482,3,0.16992811858654022,0.290732741355896,0.03260735794901848,0.8694779276847839,0.31163449957966805
jungle_chess_2pcs_raw_endgame_complete,XGBoost,40337,4482,3,0.13085952401161194,0.2205965667963028,0.03191431239247322,0.8891119956970215,0.3062937706708908
kr-vs-k,CatBoost,25250,2806,18,0.1355701982975006,0.3222518861293793,0.0684693455696106,0.9183891415596008,1.6282908879220486
kr-vs-k,ExtraTrees,25250,2806,18,0.1666754186153412,0.3907698094844818,0.06300795078277588,0.8895224332809448,1.4344130605459213
kr-vs-k,LightGBM,25250,2806,18,0.1221248134970665,0.29862266778945923,0.08002354949712753,0.927655041217804,1.502859827131033
kr-vs-k,LinearModel,25250,2806,18,0.7393684983253479,1.6987792253494263,0.07723687589168549,0.4055595099925995,1.6905854605138302
kr-vs-k,NeuralNetFastAI,25250,2806,18,0.1676676720380783,0.361066609621048,0.08970902115106583,0.891660749912262,1.5784503109753132
kr-vs-k,NeuralNetTorch,25250,2806,18,0.12336210161447525,0.28179284930229187,0.08855809271335602,0.920527458190918,1.4778746515512466
kr-vs-k,RandomForest,25250,2806,18,0.16365453600883484,0.3817318379878998,0.05432862788438797,0.8891660571098328,1.4096397310495377
kr-vs-k,XGBoost,25250,2806,18,0.12408562749624252,0.2934539318084717,0.07405421137809753,0.9265859127044678,1.6837792806327343
led24,CatBoost,2880,320,10,0.3974771797657013,0.8750618100166321,0.06016230955719948,0.7281249761581421,0.23923607915639877
led24,ExtraTrees,2880,320,10,0.4046996235847473,0.887962818145752,0.05397481471300125,0.706250011920929,0.2436702512204647
led24,LightGBM,2880,320,10,0.4019166827201843,0.8952007293701172,0.08074107021093369,0.7281249761581421,0.24328869953751564
led24,LinearModel,2880,320,10,0.3979400396347046,0.8700454831123352,0.0754651129245758,0.71875,0.23976097628474236
led24,NeuralNetFastAI,2880,320,10,0.3879414498806,0.8516809344291687,0.08179964125156403,0.731249988079071,0.24274999648332596
led24,NeuralNetTorch,2880,320,10,0.3943973481655121,0.8628659248352051,0.0823606327176094,0.734375,0.2367849238216877
led24,RandomForest,2880,320,10,0.40860995650291443,0.9011324644088745,0.07016944885253906,0.699999988079071,0.2416321076452732
led24,XGBoost,2880,320,10,0.4060019552707672,0.9079683423042297,0.08816658705472946,0.7093750238418579,0.24698077514767647
letter,CatBoost,18000,2000,26,0.033067770302295685,0.09748523682355881,0.03336876630783081,0.9789999723434448,2.1498573757708073
letter,ExtraTrees,18000,2000,26,0.0454116016626358,0.12244561314582825,0.03280922770500183,0.9704999923706055,2.0889533385634422
letter,LightGBM,18000,2000,26,0.03466420620679855,0.10282416641712189,0.03368380665779114,0.9804999828338623,2.2143128402531147
letter,LinearModel,18000,2000,26,0.24304929375648499,0.6217115521430969,0.06492341309785843,0.8339999914169312,2.4727818593382835
letter,NeuralNetFastAI,18000,2000,26,0.02359682135283947,0.07615525275468826,0.030861657112836838,0.984000027179718,1.490137804299593
letter,NeuralNetTorch,18000,2000,26,0.02696854993700981,0.08243726938962936,0.033041466027498245,0.9829999804496765,1.4435597322881222
letter,RandomForest,18000,2000,26,0.05817032232880592,0.15752212703227997,0.03619002923369408,0.9645000100135803,2.1115872636437416
letter,XGBoost,18000,2000,26,0.04146287590265274,0.11612927168607712,0.0357365757226944,0.9735000133514404,2.243516433984041
mfeat-factors,CatBoost,1800,200,10,0.050399236381053925,0.1646062135696411,0.06370865553617477,0.9750000238418579,0.18027672916650772
mfeat-factors,ExtraTrees,1800,200,10,0.0516616627573967,0.1754462867975235,0.059765223413705826,0.9750000238418579,0.13897129893302917
mfeat-factors,LightGBM,1800,200,10,0.04392821341753006,0.15588244795799255,0.05793140083551407,0.9750000238418579,0.16860755160450935
mfeat-factors,LinearModel,1800,200,10,0.03565229848027229,0.13418594002723694,0.07458075881004333,0.9800000190734863,0.15029190108180046
mfeat-factors,NeuralNetFastAI,1800,200,10,0.02924075350165367,0.11243113875389099,0.07239669561386108,0.9800000190734863,0.1739141196012497
mfeat-factors,NeuralNetTorch,1800,200,10,0.03512823209166527,0.14051200449466705,0.061447806656360626,0.9850000143051147,0.17218885198235512
mfeat-factors,RandomForest,1800,200,10,0.05243654176592827,0.16543760895729065,0.07198269665241241,0.9750000238418579,0.14663221314549446
mfeat-factors,XGBoost,1800,200,10,0.04946348816156387,0.16186589002609253,0.067908376455307,0.9750000238418579,0.1812555380165577
micro-mass,CatBoost,513,58,20,0.09773054718971252,0.2789369821548462,0.14407765865325928,0.9482758641242981,0.3468909151852131
micro-mass,ExtraTrees,513,58,20,0.11798590421676636,0.30013951659202576,0.11639454215765,0.9137930870056152,0.24701939523220062
micro-mass,LightGBM,513,58,20,0.12151318043470383,0.3405277729034424,0.10395555943250656,0.9137930870056152,0.3495643883943558
micro-mass,LinearModel,513,58,20,0.10345404595136642,0.29681575298309326,0.10940606147050858,0.931034505367279,0.3395934887230396
micro-mass,NeuralNetFastAI,513,58,20,0.24122990667819977,0.5692235231399536,0.15131352841854095,0.8448275923728943,0.43160412833094597
micro-mass,NeuralNetTorch,513,58,20,0.0838390365242958,0.2531915307044983,0.13346892595291138,0.9482758641242981,0.33293595537543297
micro-mass,RandomForest,513,58,20,0.13242404162883759,0.3247210383415222,0.12200438231229782,0.8965517282485962,0.21619901061058044
micro-mass,XGBoost,513,58,20,0.13840261101722717,0.3544037938117981,0.1312916874885559,0.931034505367279,0.3740967586636543
microaggregation2,CatBoost,18000,2000,5,0.4825138449668884,0.9131338596343994,0.022777009755373,0.6359999775886536,0.2885608561336994
microaggregation2,ExtraTrees,18000,2000,5,0.4930248558521271,0.9371361136436462,0.026710012927651405,0.6269999742507935,0.290939562022686
microaggregation2,LightGBM,18000,2000,5,0.47909969091415405,0.9056501984596252,0.02690168283879757,0.640999972820282,0.28900347650051117
microaggregation2,LinearModel,18000,2000,5,0.54880690574646,1.0402953624725342,0.025733083486557007,0.5864999890327454,0.2882468141615391
microaggregation2,NeuralNetFastAI,18000,2000,5,0.45954152941703796,0.8700098991394043,0.027154352515935898,0.6504999995231628,0.28780821710824966
microaggregation2,NeuralNetTorch,18000,2000,5,0.46788808703422546,0.8853174448013306,0.027725541964173317,0.6434999704360962,0.28857041522860527
microaggregation2,RandomForest,18000,2000,5,0.49491384625434875,0.9437657594680786,0.022093329578638077,0.6284999847412109,0.2883448638021946
microaggregation2,XGBoost,18000,2000,5,0.48213624954223633,0.9127568602561951,0.030279461294412613,0.6370000243186951,0.28842778503894806
okcupid-stem,CatBoost,45710,5079,3,0.3364715278148651,0.5693415403366089,0.01633869856595993,0.7621579170227051,0.39496976882219315
okcupid-stem,ExtraTrees,45710,5079,3,0.35565489530563354,0.5961790680885315,0.015855327248573303,0.7442409992218018,0.39458024501800537
okcupid-stem,LightGBM,45710,5079,3,0.3393886685371399,0.5717204213142395,0.015002518892288208,0.7594014406204224,0.39067773148417473
okcupid-stem,LinearModel,45710,5079,3,0.3447283208370209,0.5807659029960632,0.016930531710386276,0.7560543417930603,0.3926355168223381
okcupid-stem,NeuralNetFastAI,45710,5079,3,0.3429538607597351,0.5772790908813477,0.01852862536907196,0.754676103591919,0.3917570933699608
okcupid-stem,NeuralNetTorch,45710,5079,3,0.33782854676246643,0.5696772933006287,0.01952662132680416,0.7633392214775085,0.38994260504841805
okcupid-stem,RandomForest,45710,5079,3,0.35458528995513916,0.5947187542915344,0.01574805937707424,0.7452254295349121,0.3949739933013916
okcupid-stem,XGBoost,45710,5079,3,0.33968213200569153,0.5722625255584717,0.015109737403690815,0.7595983743667603,0.3918985389173031
optdigits,CatBoost,5058,562,10,0.02306559681892395,0.09958314150571823,0.06138484179973602,0.9875444769859314,0.2348722107708454
optdigits,ExtraTrees,5058,562,10,0.023403985425829887,0.10207654535770416,0.05935985594987869,0.9893238544464111,0.21093181893229485
optdigits,LightGBM,5058,562,10,0.023155629634857178,0.0987485945224762,0.0591144785284996,0.9839857816696167,0.2305135652422905
optdigits,LinearModel,5058,562,10,0.054374873638153076,0.1486448347568512,0.07559242099523544,0.9661921858787537,0.22995088249444962
optdigits,NeuralNetFastAI,5058,562,10,0.029487159103155136,0.10639779269695282,0.056283239275217056,0.9839857816696167,0.2550736963748932
optdigits,NeuralNetTorch,5058,562,10,0.02146967314183712,0.09748676419258118,0.06300019472837448,0.9893238544464111,0.2268010377883911
optdigits,RandomForest,5058,562,10,0.037346649914979935,0.12943558394908905,0.06122974306344986,0.9839857816696167,0.2133548967540264
optdigits,XGBoost,5058,562,10,0.03141169995069504,0.10991685837507248,0.05680587887763977,0.9786477088928223,0.26353535801172256
page-blocks,CatBoost,4925,548,5,0.043592095375061035,0.0917200967669487,0.013016721233725548,0.9689781069755554,0.09890636429190636
page-blocks,ExtraTrees,4925,548,5,0.04363761842250824,0.09527584910392761,0.012267488054931164,0.9726277589797974,0.09509612247347832
page-blocks,LightGBM,4925,548,5,0.04365604370832443,0.09670739620923996,0.015366688370704651,0.9689781069755554,0.10056577622890472
page-blocks,LinearModel,4925,548,5,0.042533598840236664,0.09159141033887863,0.01926250569522381,0.970802903175354,0.10506708920001984
page-blocks,NeuralNetFastAI,4925,548,5,0.049890585243701935,0.10528284311294556,0.01932683028280735,0.9653284549713135,0.10291721299290657
page-blocks,NeuralNetTorch,4925,548,5,0.04363669082522392,0.093162402510643,0.011717498302459717,0.970802903175354,0.10055560618638992
page-blocks,RandomForest,4925,548,5,0.0417616181075573,0.09216994047164917,0.00999356247484684,0.9762773513793945,0.09110362082719803
page-blocks,XGBoost,4925,548,5,0.041437748819589615,0.08873540908098221,0.01639966480433941,0.974452555179596,0.09741207584738731
pendigits,CatBoost,9892,1100,10,0.007565387524664402,0.06548137217760086,0.058915138244628906,0.9972727298736572,0.34391146153211594
pendigits,ExtraTrees,9892,1100,10,0.012037822045385838,0.07434431463479996,0.05561988800764084,0.9945454597473145,0.28735608235001564
pendigits,LightGBM,9892,1100,10,0.011731838807463646,0.072945237159729,0.0570184662938118,0.9945454597473145,0.31903597339987755
pendigits,LinearModel,9892,1100,10,0.06146891415119171,0.1805146187543869,0.0695192888379097,0.9672726988792419,0.32307375967502594
pendigits,NeuralNetFastAI,9892,1100,10,0.012885714881122112,0.07212114334106445,0.05712462216615677,0.9936363697052002,0.349076297134161
pendigits,NeuralNetTorch,9892,1100,10,0.010297625325620174,0.07017971575260162,0.05845484137535095,0.996363639831543,0.3166622519493103
pendigits,RandomForest,9892,1100,10,0.01980910636484623,0.08559604734182358,0.057997144758701324,0.9890909194946289,0.28862249478697777
pendigits,XGBoost,9892,1100,10,0.014900010079145432,0.07775641232728958,0.05628058686852455,0.9918181896209717,0.35896941274404526
robert,CatBoost,9000,1000,10,0.5981757044792175,1.3547110557556152,0.07737263292074203,0.5540000200271606,0.4371027573943138
robert,ExtraTrees,9000,1000,10,0.6648905277252197,1.5447564125061035,0.09237105399370193,0.49300000071525574,0.444110207259655
robert,LightGBM,9000,1000,10,0.5794428586959839,1.3096610307693481,0.07268048822879791,0.550000011920929,0.43614452704787254
robert,LinearModel,9000,1000,10,0.7758703231811523,1.8186172246932983,0.10621770471334457,0.367000013589859,0.4097469411790371
robert,NeuralNetFastAI,9000,1000,10,0.6647744178771973,1.5226619243621826,0.08097028732299805,0.47600001096725464,0.4358084872364998
robert,NeuralNetTorch,9000,1000,10,0.6560894250869751,1.5039159059524536,0.08573928475379944,0.49799999594688416,0.4412771388888359
robert,RandomForest,9000,1000,10,0.6737176775932312,1.5682692527770996,0.07809858024120331,0.48100000619888306,0.44352543726563454
robert,XGBoost,9000,1000,10,0.6101711392402649,1.3852466344833374,0.07028280198574066,0.5289999842643738,0.4361314885318279
satimage,CatBoost,5787,643,6,0.12357815355062485,0.26717573404312134,0.04822215437889099,0.9129082560539246,0.15048189461231232
satimage,ExtraTrees,5787,643,6,0.124488964676857,0.27151843905448914,0.06122085452079773,0.9222394824028015,0.14057261496782303
satimage,LightGBM,5787,643,6,0.12087772786617279,0.26134175062179565,0.05467214062809944,0.9129082560539246,0.14887914061546326
satimage,LinearModel,5787,643,6,0.1805940419435501,0.3632628321647644,0.062485359609127045,0.8693623542785645,0.15195799246430397
satimage,NeuralNetFastAI,5787,643,6,0.11666169762611389,0.24701471626758575,0.0631028488278389,0.9160186648368835,0.14757472276687622
satimage,NeuralNetTorch,5787,643,6,0.11685390770435333,0.24936562776565552,0.060100145637989044,0.917573869228363,0.14839263260364532
satimage,RandomForest,5787,643,6,0.12498073279857635,0.27006423473358154,0.048871297389268875,0.917573869228363,0.1392165645956993
satimage,XGBoost,5787,643,6,0.12056512385606766,0.26631981134414673,0.05409284308552742,0.9222394824028015,0.14957039430737495
segment,CatBoost,2079,231,7,0.030979549512267113,0.1164509505033493,0.07283679395914078,0.9870129823684692,0.10706078633666039
segment,ExtraTrees,2079,231,7,0.03188738971948624,0.11418795585632324,0.06612363457679749,0.9783549904823303,0.08020580187439919
segment,LightGBM,2079,231,7,0.043802615255117416,0.1351826936006546,0.06867532432079315,0.9740259647369385,0.10722802206873894
segment,LinearModel,2079,231,7,0.04592380300164223,0.1409025341272354,0.07605169713497162,0.9740259647369385,0.09696869924664497
segment,NeuralNetFastAI,2079,231,7,0.04142356663942337,0.13008393347263336,0.08045344054698944,0.9870129823684692,0.09794196113944054
segment,NeuralNetTorch,2079,231,7,0.03654785454273224,0.12417498230934143,0.08080054819583893,0.9783549904823303,0.08954448252916336
segment,RandomForest,2079,231,7,0.03825470805168152,0.1311580091714859,0.07048171013593674,0.9783549904823303,0.08153348788619041
segment,XGBoost,2079,231,7,0.04136096313595772,0.13070978224277496,0.07220757007598877,0.9826839566230774,0.1073983758687973
semeion,CatBoost,1433,160,10,0.09602214395999908,0.25605839490890503,0.06731714308261871,0.9375,0.17604591697454453
semeion,ExtraTrees,1433,160,10,0.1485261768102646,0.4014590382575989,0.07964496314525604,0.893750011920929,0.1558747962117195
semeion,LightGBM,1433,160,10,0.13034552335739136,0.34601297974586487,0.07503274083137512,0.918749988079071,0.1773601844906807
semeion,LinearModel,1433,160,10,0.12862733006477356,0.3143777549266815,0.11976663023233414,0.9125000238418579,0.18071505427360535
semeion,NeuralNetFastAI,1433,160,10,0.10845483839511871,0.26681554317474365,0.0927773267030716,0.90625,0.16949082165956497
semeion,NeuralNetTorch,1433,160,10,0.11647865921258926,0.2893548607826233,0.0801178365945816,0.9125000238418579,0.1767365261912346
semeion,RandomForest,1433,160,10,0.16326120495796204,0.4257020950317383,0.08060380816459656,0.887499988079071,0.16014866530895233
semeion,XGBoost,1433,160,10,0.12204508483409882,0.33011919260025024,0.0820457860827446,0.9125000238418579,0.18185380473732948
soybean,CatBoost,614,69,19,0.12272649258375168,0.25547292828559875,0.12793217599391937,0.8840579986572266,0.2898915931582451
soybean,ExtraTrees,614,69,19,0.09749386459589005,0.2358543574810028,0.12260478734970093,0.95652174949646,0.09816833585500717
soybean,LightGBM,614,69,19,0.06458068639039993,0.18861790001392365,0.1447848379611969,0.9710144996643066,0.28926360979676247
soybean,LinearModel,614,69,19,0.12160994857549667,0.3317215144634247,0.12504225969314575,0.9275362491607666,0.2923385426402092
soybean,NeuralNetFastAI,614,69,19,0.11728653311729431,0.29385310411453247,0.09157577157020569,0.9420289993286133,0.2629464939236641
soybean,NeuralNetTorch,614,69,19,0.1261260062456131,0.33124154806137085,0.09698312729597092,0.9275362491607666,0.14717481285333633
soybean,RandomForest,614,69,19,0.13307976722717285,0.315177321434021,0.10423049330711365,0.8985507488250732,0.10067775845527649
soybean,XGBoost,614,69,19,0.1228065937757492,0.3062315583229065,0.1040567085146904,0.8985507488250732,0.2910228557884693
splice,CatBoost,2871,319,3,0.05765794590115547,0.13043834269046783,0.04354098439216614,0.962382435798645,0.052092794328927994
splice,ExtraTrees,2871,319,3,0.08620023727416992,0.18046355247497559,0.04008471965789795,0.9404388666152954,0.05153974890708923
splice,LightGBM,2871,319,3,0.06430346518754959,0.1422872543334961,0.037780895829200745,0.9561128616333008,0.05010006204247475
splice,LinearModel,2871,319,3,0.10230749100446701,0.2119411826133728,0.057186730206012726,0.931034505367279,0.05127374082803726
splice,NeuralNetFastAI,2871,319,3,0.05809921398758888,0.12972788512706757,0.04529016464948654,0.9561128616333008,0.05047272890806198
splice,NeuralNetTorch,2871,319,3,0.07095427811145782,0.15489716827869415,0.04021991416811943,0.9592476487159729,0.051530174911022186
splice,RandomForest,2871,319,3,0.08416870981454849,0.17211589217185974,0.04922175407409668,0.931034505367279,0.05188296362757683
splice,XGBoost,2871,319,3,0.05587690696120262,0.12805595993995667,0.04134783893823624,0.9655172228813171,0.05106697231531143
steel-plates-fault,CatBoost,1746,195,7,0.25451838970184326,0.5101533532142639,0.07762999832630157,0.8051282167434692,0.1176779754459858
steel-plates-fault,ExtraTrees,1746,195,7,0.26339560747146606,0.5046089887619019,0.07328979671001434,0.8102564215660095,0.10580127686262131
steel-plates-fault,LightGBM,1746,195,7,0.26019930839538574,0.5265025496482849,0.060735780745744705,0.8153846263885498,0.11636509373784065
steel-plates-fault,LinearModel,1746,195,7,0.3609272241592407,0.7077176570892334,0.0692165344953537,0.728205144405365,0.1195647232234478
steel-plates-fault,NeuralNetFastAI,1746,195,7,0.31564393639564514,0.6159260272979736,0.09032586216926575,0.7794871926307678,0.11629654094576836
steel-plates-fault,NeuralNetTorch,1746,195,7,0.34727877378463745,0.6703346371650696,0.06840453296899796,0.7230769395828247,0.11588236689567566
steel-plates-fault,RandomForest,1746,195,7,0.2598194181919098,0.5133442282676697,0.07564379274845123,0.8102564215660095,0.11556253954768181
steel-plates-fault,XGBoost,1746,195,7,0.25230637192726135,0.512809693813324,0.10111815482378006,0.7948718070983887,0.11561579257249832
synthetic_control,CatBoost,540,60,6,0.005310846492648125,0.0651620402932167,0.062800832092762,1.0,0.05805948004126549
synthetic_control,ExtraTrees,540,60,6,0.006704750470817089,0.0704064667224884,0.06743301451206207,1.0,0.04880553483963013
synthetic_control,LightGBM,540,60,6,0.004296282771974802,0.06150450557470322,0.05963876470923424,1.0,0.05872834101319313
synthetic_control,LinearModel,540,60,6,0.0049940720200538635,0.06438808143138885,0.06224418804049492,1.0,0.053634777665138245
synthetic_control,NeuralNetFastAI,540,60,6,0.004997387528419495,0.06362905353307724,0.06141273304820061,1.0,0.04733246937394142
synthetic_control,NeuralNetTorch,540,60,6,0.034320227801799774,0.12728966772556305,0.07013427466154099,0.9666666388511658,0.030658166855573654
synthetic_control,RandomForest,540,60,6,0.005749030504375696,0.06729979813098907,0.06477078795433044,1.0,0.04599461704492569
synthetic_control,XGBoost,540,60,6,0.008095321245491505,0.07471304386854172,0.07106335461139679,1.0,0.05813106521964073
texture,CatBoost,4950,550,11,0.017972800880670547,0.08252880722284317,0.055044446140527725,0.9909090995788574,0.23031651228666306
texture,ExtraTrees,4950,550,11,0.027286771684885025,0.09790395200252533,0.06117967888712883,0.9818181991577148,0.2173721082508564
texture,LightGBM,4950,550,11,0.009134449064731598,0.06899655610322952,0.05871999263763428,0.9981818199157715,0.2010292336344719
texture,LinearModel,4950,550,11,0.011151706799864769,0.0733172819018364,0.05841629579663277,0.9945454597473145,0.18805142492055893
texture,NeuralNetFastAI,4950,550,11,0.009888509288430214,0.06874871999025345,0.05578888952732086,0.9945454597473145,0.1833021640777588
texture,NeuralNetTorch,4950,550,11,0.013769908808171749,0.07415987551212311,0.055821456015110016,0.9909090995788574,0.2380928061902523
texture,RandomForest,4950,550,11,0.03215249627828598,0.10891912132501602,0.0622163787484169,0.9818181991577148,0.22059768438339233
texture,XGBoost,4950,550,11,0.019537437707185745,0.08932456374168396,0.060159679502248764,0.9890909194946289,0.28064366802573204
vehicle,CatBoost,761,85,4,0.2761579751968384,0.4819357991218567,0.09032165259122849,0.800000011920929,0.04732871055603027
vehicle,ExtraTrees,761,85,4,0.26847854256629944,0.4796737730503082,0.10261629521846771,0.800000011920929,0.04597901925444603
vehicle,LightGBM,761,85,4,0.27387017011642456,0.4701816737651825,0.12653669714927673,0.8235294222831726,0.0465581975877285
vehicle,LinearModel,761,85,4,0.21178428828716278,0.3808658719062805,0.0950724184513092,0.8235294222831726,0.0483458936214447
vehicle,NeuralNetFastAI,761,85,4,0.21704058349132538,0.39664226770401,0.09735003113746643,0.8235294222831726,0.04614933952689171
vehicle,NeuralNetTorch,761,85,4,0.19602712988853455,0.37901198863983154,0.07141858339309692,0.8588235378265381,0.04623384028673172
vehicle,RandomForest,761,85,4,0.2693769335746765,0.49004700779914856,0.09540355950593948,0.800000011920929,0.046265922486782074
vehicle,XGBoost,761,85,4,0.27686843276023865,0.488061785697937,0.12581130862236023,0.7647058963775635,0.047640446573495865
volcanoes-a2,CatBoost,1460,163,5,0.11715550720691681,0.24528877437114716,0.05076482892036438,0.9202454090118408,0.06262208893895149
volcanoes-a2,ExtraTrees,1460,163,5,0.11122582852840424,0.23975978791713715,0.06137697398662567,0.9141104221343994,0.06301475688815117
volcanoes-a2,LightGBM,1460,163,5,0.09821021556854248,0.21177558600902557,0.05297475308179855,0.9263803958892822,0.06307543814182281
volcanoes-a2,LinearModel,1460,163,5,0.1187836080789566,0.2517377436161041,0.038718096911907196,0.907975435256958,0.06218748912215233
volcanoes-a2,NeuralNetFastAI,1460,163,5,0.11457974463701248,0.24525058269500732,0.04199253022670746,0.9202454090118408,0.0611565075814724
volcanoes-a2,NeuralNetTorch,1460,163,5,0.11356031149625778,0.24321302771568298,0.049601662904024124,0.9263803958892822,0.06049896031618118
volcanoes-a2,RandomForest,1460,163,5,0.11695724725723267,0.25918829441070557,0.059954605996608734,0.9202454090118408,0.06378936022520065
volcanoes-a2,XGBoost,1460,163,5,0.1121990904211998,0.24851976335048676,0.04444705694913864,0.907975435256958,0.06341450288891792
volcanoes-a3,CatBoost,1368,153,5,0.14276963472366333,0.3036576807498932,0.04423043504357338,0.9019607901573181,0.06241355091333389
volcanoes-a3,ExtraTrees,1368,153,5,0.14578555524349213,0.32276418805122375,0.04440902918577194,0.8823529481887817,0.06285491585731506
volcanoes-a3,LightGBM,1368,153,5,0.1475704461336136,0.3234889805316925,0.04779115691781044,0.8954248428344727,0.06682221591472626
volcanoes-a3,LinearModel,1368,153,5,0.1439415067434311,0.319172739982605,0.04710085317492485,0.8954248428344727,0.061888646334409714
volcanoes-a3,NeuralNetFastAI,1368,153,5,0.14209824800491333,0.31857216358184814,0.05140922963619232,0.8954248428344727,0.061571285128593445
volcanoes-a3,NeuralNetTorch,1368,153,5,0.14208729565143585,0.31280317902565,0.05337720364332199,0.8954248428344727,0.06063532456755638
volcanoes-a3,RandomForest,1368,153,5,0.15238627791404724,0.3280837833881378,0.05111745744943619,0.8954248428344727,0.06761876121163368
volcanoes-a3,XGBoost,1368,153,5,0.14745168387889862,0.31329983472824097,0.04068130999803543,0.8888888955116272,0.06269638612866402
volcanoes-a4,CatBoost,1363,152,5,0.13529019057750702,0.31189367175102234,0.04714291915297508,0.9144737124443054,0.06125589460134506
volcanoes-a4,ExtraTrees,1363,152,5,0.13193334639072418,0.3068235218524933,0.05043495073914528,0.9210526347160339,0.06183069571852684
volcanoes-a4,LightGBM,1363,152,5,0.1305190473794937,0.30134865641593933,0.03907214105129242,0.9078947305679321,0.06159914284944534
volcanoes-a4,LinearModel,1363,152,5,0.1307438611984253,0.3083294928073883,0.036486465483903885,0.9210526347160339,0.06241253763437271
volcanoes-a4,NeuralNetFastAI,1363,152,5,0.13080020248889923,0.2969515025615692,0.04019555076956749,0.9144737124443054,0.06182250380516052
volcanoes-a4,NeuralNetTorch,1363,152,5,0.1319345384836197,0.3024173676967621,0.05185045301914215,0.9078947305679321,0.06423177197575569
volcanoes-a4,RandomForest,1363,152,5,0.13352857530117035,0.31153279542922974,0.050076596438884735,0.9013158082962036,0.06434481590986252
volcanoes-a4,XGBoost,1363,152,5,0.13737893104553223,0.3290577530860901,0.03415786102414131,0.9078947305679321,0.062083180993795395
volcanoes-b1,CatBoost,9158,1018,5,0.0547265000641346,0.1418876051902771,0.009857249446213245,0.9675834774971008,0.15962812677025795
volcanoes-b1,ExtraTrees,9158,1018,5,0.05294527858495712,0.13685275614261627,0.008600166998803616,0.9705304503440857,0.16190331056714058
volcanoes-b1,LightGBM,9158,1018,5,0.05574195086956024,0.14503641426563263,0.010844438336789608,0.9646365642547607,0.1572127789258957
volcanoes-b1,LinearModel,9158,1018,5,0.05449098348617554,0.14325179159641266,0.00811387225985527,0.968565821647644,0.1581416055560112
volcanoes-b1,NeuralNetFastAI,9158,1018,5,0.05459822714328766,0.14290177822113037,0.009564337320625782,0.9675834774971008,0.15854177251458168
volcanoes-b1,NeuralNetTorch,9158,1018,5,0.05304122343659401,0.14116981625556946,0.00892191007733345,0.9705304503440857,0.16042788326740265
volcanoes-b1,RandomForest,9158,1018,5,0.05406888946890831,0.13912782073020935,0.00780721940100193,0.9675834774971008,0.15993624180555344
volcanoes-b1,XGBoost,9158,1018,5,0.05389624461531639,0.14120255410671234,0.010473724454641342,0.968565821647644,0.15797516703605652
volcanoes-b2,CatBoost,9601,1067,5,0.05069350823760033,0.13266777992248535,0.007305644452571869,0.9681349396705627,0.16474152356386185
volcanoes-b2,ExtraTrees,9601,1067,5,0.049718137830495834,0.1308530569076538,0.00848858617246151,0.9700093865394592,0.16531405225396156
volcanoes-b2,LightGBM,9601,1067,5,0.0516793355345726,0.1364658623933792,0.010586104355752468,0.9681349396705627,0.16451041400432587
volcanoes-b2,LinearModel,9601,1067,5,0.050369761884212494,0.13347944617271423,0.007032569497823715,0.9681349396705627,0.16212605312466621
volcanoes-b2,NeuralNetFastAI,9601,1067,5,0.05144944041967392,0.13532282412052155,0.007818097248673439,0.9681349396705627,0.16171588376164436
volcanoes-b2,NeuralNetTorch,9601,1067,5,0.0518241822719574,0.13632626831531525,0.005718917120248079,0.9681349396705627,0.1590578854084015
volcanoes-b2,RandomForest,9601,1067,5,0.04962477087974548,0.13450011610984802,0.007732429075986147,0.9700093865394592,0.16595619171857834
volcanoes-b2,XGBoost,9601,1067,5,0.050256337970495224,0.13564632833003998,0.011272581294178963,0.9681349396705627,0.1654721237719059
volcanoes-b5,CatBoost,8990,999,5,0.056934695690870285,0.139926016330719,0.014647100120782852,0.966966986656189,0.15743470564484596
volcanoes-b5,ExtraTrees,8990,999,5,0.05897060036659241,0.14617018401622772,0.011973422951996326,0.965965986251831,0.1586451679468155
volcanoes-b5,LightGBM,8990,999,5,0.05722944065928459,0.14165997505187988,0.014119535684585571,0.9649649858474731,0.15777523070573807
volcanoes-b5,LinearModel,8990,999,5,0.05778323486447334,0.14284247159957886,0.010013613849878311,0.965965986251831,0.15512656420469284
volcanoes-b5,NeuralNetFastAI,8990,999,5,0.05778825655579567,0.14361384510993958,0.013115920126438141,0.965965986251831,0.15429534018039703
volcanoes-b5,NeuralNetTorch,8990,999,5,0.0577651672065258,0.14272789657115936,0.011185500770807266,0.9649649858474731,0.15433938428759575
volcanoes-b5,RandomForest,8990,999,5,0.05782005935907364,0.14513689279556274,0.01675543002784252,0.966966986656189,0.15595557168126106
volcanoes-b5,XGBoost,8990,999,5,0.05626226216554642,0.13918092846870422,0.011035037226974964,0.966966986656189,0.15693768113851547
volcanoes-b6,CatBoost,9117,1013,5,0.06412126123905182,0.16604216396808624,0.01341496966779232,0.9595261812210083,0.15785355493426323
volcanoes-b6,ExtraTrees,9117,1013,5,0.06317627429962158,0.16860492527484894,0.011122657917439938,0.9644619822502136,0.15730175748467445
volcanoes-b6,LightGBM,9117,1013,5,0.06519925594329834,0.17095854878425598,0.012765719555318356,0.9595261812210083,0.15908371284604073
volcanoes-b6,LinearModel,9117,1013,5,0.06384021043777466,0.17107655107975006,0.010342655703425407,0.9634748101234436,0.15497907623648643
volcanoes-b6,NeuralNetFastAI,9117,1013,5,0.06499429792165756,0.1701221466064453,0.016000855714082718,0.9615004658699036,0.15433787554502487
volcanoes-b6,NeuralNetTorch,9117,1013,5,0.06575669348239899,0.17648424208164215,0.015911420807242393,0.9624876379966736,0.1571274697780609
volcanoes-b6,RandomForest,9117,1013,5,0.06496318429708481,0.17147766053676605,0.011434566229581833,0.9624876379966736,0.15922142192721367
volcanoes-b6,XGBoost,9117,1013,5,0.06507298350334167,0.17155541479587555,0.01273314282298088,0.9605133533477783,0.15810319781303406
volcanoes-d1,CatBoost,7877,876,5,0.10020245611667633,0.2564343810081482,0.011049010790884495,0.9440639019012451,0.1446026936173439
volcanoes-d1,ExtraTrees,7877,876,5,0.09999217092990875,0.25986164808273315,0.01185506209731102,0.9440639019012451,0.14729222282767296
volcanoes-d1,LightGBM,7877,876,5,0.10002598166465759,0.25282734632492065,0.013902068138122559,0.9440639019012451,0.14797211438417435
volcanoes-d1,LinearModel,7877,876,5,0.10004430264234543,0.2528674602508545,0.019065456464886665,0.9440639019012451,0.14150527119636536
volcanoes-d1,NeuralNetFastAI,7877,876,5,0.0999712347984314,0.2529636323451996,0.014440108090639114,0.9440639019012451,0.1425023376941681
volcanoes-d1,NeuralNetTorch,7877,876,5,0.10007797181606293,0.25779247283935547,0.019696509465575218,0.9440639019012451,0.14575311169028282
volcanoes-d1,RandomForest,7877,876,5,0.1010340228676796,0.2586432993412018,0.010127375833690166,0.9440639019012451,0.148196741938591
volcanoes-d1,XGBoost,7877,876,5,0.09985803067684174,0.2507891356945038,0.015362007543444633,0.9440639019012451,0.14791258051991463
volcanoes-d4,CatBoost,7788,866,5,0.09652938693761826,0.23328028619289398,0.016157563775777817,0.943418025970459,0.14357728883624077
volcanoes-d4,ExtraTrees,7788,866,5,0.09788115322589874,0.2400854378938675,0.011485008522868156,0.943418025970459,0.14316827803850174
volcanoes-d4,LightGBM,7788,866,5,0.09639044851064682,0.23635557293891907,0.016312994062900543,0.943418025970459,0.1444217674434185
volcanoes-d4,LinearModel,7788,866,5,0.09713900834321976,0.23646493256092072,0.021766945719718933,0.943418025970459,0.14247437566518784
volcanoes-d4,NeuralNetFastAI,7788,866,5,0.0984334722161293,0.23890967667102814,0.013049927540123463,0.943418025970459,0.14475716650485992
volcanoes-d4,NeuralNetTorch,7788,866,5,0.09810129553079605,0.24274738132953644,0.012087649665772915,0.943418025970459,0.14374489709734917
volcanoes-d4,RandomForest,7788,866,5,0.09809337556362152,0.24055266380310059,0.010844631120562553,0.943418025970459,0.14393829181790352
volcanoes-d4,XGBoost,7788,866,5,0.09838499128818512,0.2409205436706543,0.007437212858349085,0.943418025970459,0.14590881019830704
volcanoes-e1,CatBoost,1064,119,5,0.16663438081741333,0.40282848477363586,0.05041562020778656,0.8991596698760986,0.05909096077084541
volcanoes-e1,ExtraTrees,1064,119,5,0.16804012656211853,0.38191843032836914,0.05059914290904999,0.8991596698760986,0.059456538408994675
volcanoes-e1,LightGBM,1064,119,5,0.1661924421787262,0.4137445390224457,0.05225061997771263,0.9075630307197571,0.05831446871161461
volcanoes-e1,LinearModel,1064,119,5,0.16502691805362701,0.38875913619995117,0.07303562015295029,0.9075630307197571,0.058940090239048004
volcanoes-e1,NeuralNetFastAI,1064,119,5,0.16337329149246216,0.38569730520248413,0.056020017713308334,0.9075630307197571,0.05747510492801666
volcanoes-e1,NeuralNetTorch,1064,119,5,0.1626293659210205,0.40195411443710327,0.046097882091999054,0.9075630307197571,0.058728981763124466
volcanoes-e1,RandomForest,1064,119,5,0.17367137968540192,0.428171843290329,0.06156327202916145,0.9075630307197571,0.060043156147003174
volcanoes-e1,XGBoost,1064,119,5,0.16723784804344177,0.41901764273643494,0.045278239995241165,0.8991596698760986,0.0601998046040535
volkert,CatBoost,52479,5831,10,0.39565929770469666,0.8460996150970459,0.04153929278254509,0.7075973153114319,1.5988650918006897
volkert,ExtraTrees,52479,5831,10,0.4268239736557007,0.9188644886016846,0.039313904941082,0.6863316893577576,1.4996283873915672
volkert,LightGBM,52479,5831,10,0.3660734295845032,0.7832479476928711,0.03974006697535515,0.7326359152793884,1.5925522409379482
volkert,LinearModel,52479,5831,10,0.5434290766716003,1.1919934749603271,0.0378703735768795,0.5911507606506348,1.6329536512494087
volkert,NeuralNetFastAI,52479,5831,10,0.3630342483520508,0.7800331115722656,0.0682646781206131,0.741553783416748,1.5531632229685783
volkert,NeuralNetTorch,52479,5831,10,0.39122113585472107,0.8358479142189026,0.06232414394617081,0.7166866660118103,1.5799528807401657
volkert,RandomForest,52479,5831,10,0.4272432029247284,0.9234789609909058,0.03843695670366287,0.6880466341972351,1.6066277399659157
volkert,XGBoost,52479,5831,10,0.3859237730503082,0.829677939414978,0.04256649687886238,0.7172011733055115,1.5856312401592731
wall-robot-navigation,CatBoost,4910,546,4,0.007572900038212538,0.04527914151549339,0.04042249545454979,0.9963369965553284,0.07616692036390305
wall-robot-navigation,ExtraTrees,4910,546,4,0.028267156332731247,0.08182454854249954,0.04164249449968338,0.9853479862213135,0.07487939670681953
wall-robot-navigation,LightGBM,4910,546,4,0.0068974606692790985,0.04486517980694771,0.03946090489625931,0.9963369965553284,0.07495131716132164
wall-robot-navigation,LinearModel,4910,546,4,0.3249460458755493,0.5740021467208862,0.0756598636507988,0.7545787692070007,0.09242282807826996
wall-robot-navigation,NeuralNetFastAI,4910,546,4,0.05239349231123924,0.12601375579833984,0.05074024200439453,0.9670329689979553,0.08275369182229042
wall-robot-navigation,NeuralNetTorch,4910,546,4,0.05506042391061783,0.13333791494369507,0.046561095863580704,0.9597069621086121,0.08113743737339973
wall-robot-navigation,RandomForest,4910,546,4,0.014908881857991219,0.06033787876367569,0.037131067365407944,0.9926739931106567,0.06475429236888885
wall-robot-navigation,XGBoost,4910,546,4,0.00816010870039463,0.046018652617931366,0.03858674690127373,0.9945054650306702,0.07733332738280296
waveform-5000,CatBoost,4500,500,3,0.19962666928768158,0.3455573618412018,0.04274466633796692,0.8479999899864197,0.06602764502167702
waveform-5000,ExtraTrees,4500,500,3,0.21146580576896667,0.35597532987594604,0.05008267983794212,0.8320000171661377,0.06537411361932755
waveform-5000,LightGBM,4500,500,3,0.20344340801239014,0.34959253668785095,0.05008429288864136,0.8479999899864197,0.06632589176297188
waveform-5000,LinearModel,4500,500,3,0.18895046412944794,0.3323938250541687,0.03336060792207718,0.8659999966621399,0.06542281061410904
waveform-5000,NeuralNetFastAI,4500,500,3,0.1844566911458969,0.3168341815471649,0.04848972707986832,0.8659999966621399,0.06570610404014587
waveform-5000,NeuralNetTorch,4500,500,3,0.1793564110994339,0.31122851371765137,0.03584742546081543,0.8679999709129333,0.06549864634871483
waveform-5000,RandomForest,4500,500,3,0.22776614129543304,0.380838543176651,0.032104749232530594,0.8339999914169312,0.06577075272798538
waveform-5000,XGBoost,4500,500,3,0.20455555617809296,0.35237157344818115,0.04210377112030983,0.8539999723434448,0.06645400077104568
wine-quality-red,CatBoost,1439,160,6,0.4450604021549225,0.8250858187675476,0.04506649449467659,0.6812499761581421,0.08905714750289917
wine-quality-red,ExtraTrees,1439,160,6,0.4031458795070648,0.7592537999153137,0.08363046497106552,0.6937500238418579,0.08025014773011208
wine-quality-red,LightGBM,1439,160,6,0.44725197553634644,0.8443970680236816,0.07174167037010193,0.6812499761581421,0.08989252150058746
wine-quality-red,LinearModel,1439,160,6,0.563473105430603,1.0003509521484375,0.06961503624916077,0.5375000238418579,0.08608220145106316
wine-quality-red,NeuralNetFastAI,1439,160,6,0.5281977653503418,0.9450104832649231,0.05887579917907715,0.5874999761581421,0.08492277190089226
wine-quality-red,NeuralNetTorch,1439,160,6,0.5051802396774292,0.9256965517997742,0.06472282856702805,0.6312500238418579,0.08947443589568138
wine-quality-red,RandomForest,1439,160,6,0.4292110502719879,0.817797839641571,0.0808085948228836,0.7124999761581421,0.0869726873934269
wine-quality-red,XGBoost,1439,160,6,0.4540483355522156,0.8622957468032837,0.05799093469977379,0.6812499761581421,0.09056756645441055
wine-quality-white,CatBoost,4408,490,7,0.4019032418727875,0.7737846970558167,0.06947684288024902,0.7142857313156128,0.16526995971798897
wine-quality-white,ExtraTrees,4408,490,7,0.3705075979232788,0.7041627168655396,0.059087686240673065,0.7122448682785034,0.14665212854743004
wine-quality-white,LightGBM,4408,490,7,0.3808649778366089,0.7348846197128296,0.07955420017242432,0.7306122183799744,0.16448889672756195
wine-quality-white,LinearModel,4408,490,7,0.5588436126708984,1.0382503271102905,0.08682698756456375,0.5714285969734192,0.16077398508787155
wine-quality-white,NeuralNetFastAI,4408,490,7,0.5163446664810181,0.9559702277183533,0.05309950187802315,0.6020408272743225,0.1703886054456234
wine-quality-white,NeuralNetTorch,4408,490,7,0.5161644220352173,0.9472707509994507,0.051006585359573364,0.6142857074737549,0.16051825135946274
wine-quality-white,RandomForest,4408,490,7,0.37902042269706726,0.7205556631088257,0.04302340745925903,0.7142857313156128,0.1480947956442833
wine-quality-white,XGBoost,4408,490,7,0.39237746596336365,0.7560610175132751,0.0909782350063324,0.7204081416130066,0.16593771055340767
