dataset,model,cal_size,test_size,CB-tiny-monotone_brier,CB-tiny-monotone_logloss,CB-tiny-monotone_kuiper,CB-tiny-monotone_ece-15,CB-tiny-monotone_accuracy,CB-tiny-monotone_time
APSFailure,TabPFN-v2.6,50666,25334,0.008546342188089286,0.015907918082802123,0.0007271686336025596,0.0007941253134049475,0.9945527911186218,0.5474660769104958
Amazon_employee_access,TabPFN-v2.6,21846,10923,0.0812540951965547,0.1561438289592442,0.004529187455773354,0.00538004981353879,0.9484573602676392,0.25330930203199387
Bank_Customer_Churn,TabPFN-v2.6,6666,3334,0.1966706858251395,0.3222786359043563,0.009778176434338093,0.021402785554528236,0.86652672290802,0.1143110916018486
Bioresponse,TabPFN-v2.6,2500,1251,0.2706748209179353,0.4210638527919698,0.023558109998703003,0.034602776169776917,0.8097522258758545,0.07384420186281204
Diabetes130US,TabPFN-v2.6,47678,23840,0.15335514656762939,0.27941839128732976,0.004482068121433258,0.0047282869927585125,0.9119966626167297,0.45341210067272186
E-CommereShippingData,TabPFN-v2.6,7332,3667,0.35490987388115713,0.4956830033484151,0.028761280700564384,0.00711810402572155,0.6872102618217468,0.13304118439555168
Fitness_Club,TabPFN-v2.6,1000,500,0.31397363478257945,0.4782601705502928,0.02507622539997101,0.062100838869810104,0.777999997138977,0.05219711363315582
GiveMeSomeCredit,TabPFN-v2.6,100000,50000,0.0975137207353875,0.1757154819926963,0.0024668388068675995,0.002564819995313883,0.9376400113105774,0.950321052223444
HR_Analytics_Job_Change_of_Data_Scientists,TabPFN-v2.6,12772,6386,0.2681933674174377,0.4232855969809821,0.008114174008369446,0.011378198862075806,0.8070780038833618,0.18238428607583046
Is-this-a-good-customer,TabPFN-v2.6,1148,575,0.1929999736792709,0.32456679242900977,0.01570110023021698,0.02920432947576046,0.8765217661857605,0.05905885249376297
Marketing_Campaign,TabPFN-v2.6,1493,747,0.13147606166495845,0.2121354135767879,0.01607641763985157,0.024148743599653244,0.9076305031776428,0.06087552756071091
NATICUSdroid,TabPFN-v2.6,4994,2497,0.08260220132614446,0.1423421045643207,0.0074700284749269485,0.011583343148231506,0.9443331956863403,0.10632950812578201
bank-marketing,TabPFN-v2.6,30140,15071,0.17191630383367823,0.2995227490585358,0.004786216653883457,0.006518116220831871,0.8930395841598511,0.3424331285059452
blood-transfusion-service-center,TabPFN-v2.6,498,250,0.3114497752229581,0.49530297391636074,0.045682087540626526,0.08055044710636139,0.7879999876022339,0.05258960649371147
churn,TabPFN-v2.6,3333,1667,0.05946491461424013,0.12126551189749554,0.0071231285110116005,0.017370279878377914,0.9646070599555969,0.08055860549211502
coil2000_insurance_policies,TabPFN-v2.6,6548,3274,0.10550797355708008,0.20026601513280431,0.008273227140307426,0.007481671404093504,0.9404398202896118,0.12514837831258774
credit-g,TabPFN-v2.6,666,334,0.3377234421954649,0.5078686672400926,0.045124903321266174,0.0723440945148468,0.7455089688301086,0.05456440523266792
credit_card_clients_default,TabPFN-v2.6,20000,10000,0.26276538656246473,0.41989000420198264,0.0058424388989806175,0.007121411617845297,0.8234000205993652,0.23757509887218475
customer_satisfaction_in_airline,TabPFN-v2.6,86586,43294,0.052715190774775274,0.08419185132585766,0.0013536596670746803,0.002164035104215145,0.9630664587020874,0.7904425710439682
diabetes,TabPFN-v2.6,512,256,0.31245343637551165,0.4726768501305547,0.028255434706807137,0.08527089655399323,0.7734375,0.04980112612247467
hazelnut-spread-contaminant-detection,TabPFN-v2.6,1600,800,0.06613097590857132,0.11956574723120324,0.012045439332723618,0.01448102854192257,0.9599999785423279,0.06428951025009155
heloc,TabPFN-v2.6,6972,3487,0.36335348078937424,0.5431307217250233,0.012683749198913574,0.022451292723417282,0.7312876582145691,0.12986699119210243
in_vehicle_coupon_recommendation,TabPFN-v2.6,8456,4228,0.2984387766891837,0.4615400695946698,0.012465879321098328,0.02568920888006687,0.7897350788116455,0.14912056177854538
jm1,TabPFN-v2.6,7256,3629,0.2575951411846313,0.4102295260435292,0.008896725252270699,0.019937237724661827,0.8217139840126038,0.1343400813639164
kddcup09_appetency,TabPFN-v2.6,33333,16667,0.03332598548722358,0.07528760094776318,0.0018605636432766914,0.0006150292465463281,0.9821803569793701,0.3484576381742954
online_shoppers_intention,TabPFN-v2.6,8220,4110,0.1387069817758331,0.22273608386549537,0.006395432166755199,0.011250756680965424,0.9031630158424377,0.1457524672150612
polish_companies_bankruptcy,TabPFN-v2.6,3940,1970,0.024452768013023197,0.051012401139505864,0.0038023842498660088,0.00597482779994607,0.9862943887710571,0.08944761380553246
qsar-biodeg,TabPFN-v2.6,702,352,0.18646740329026645,0.3132907568197145,0.032073698937892914,0.04410461336374283,0.8778409361839294,0.051470257341861725
seismic-bumps,TabPFN-v2.6,1722,862,0.10974374418470452,0.20213036613897187,0.011473863385617733,0.010949978604912758,0.9338747262954712,0.06594498455524445
taiwanese_bankruptcy_prediction,TabPFN-v2.6,4546,2273,0.04341946982897262,0.0778035497503444,0.0045428648591041565,0.0063740890473127365,0.9722833037376404,0.09331837296485901
APSFailure,TabICLv2,50666,25334,0.007989320934876703,0.014474544253072662,0.0008817128837108612,0.0008333494188264012,0.9947106838226318,0.44699230790138245
Amazon_employee_access,TabICLv2,21846,10923,0.0810115825565549,0.15571372817275167,0.0031886808574199677,0.0036426009610295296,0.9484573602676392,0.2516365312039852
Bank_Customer_Churn,TabICLv2,6666,3334,0.19690046195669805,0.3217756769673976,0.01077663991600275,0.020275019109249115,0.8680263757705688,0.11646779254078865
Bioresponse,TabICLv2,2500,1251,0.29261389883410094,0.4531838023623181,0.02910689264535904,0.04414631426334381,0.7993605136871338,0.07515902444720268
Diabetes130US,TabICLv2,47678,23840,0.1541228645359597,0.2810996142265966,0.004325784742832184,0.005356907844543457,0.9119966626167297,0.45619943737983704
E-CommereShippingData,TabICLv2,7332,3667,0.35422854624880734,0.4955015918222673,0.012150764465332031,0.005502759478986263,0.6888464689254761,0.1310133896768093
Fitness_Club,TabICLv2,1000,500,0.3141295600570694,0.4780030003003386,0.02312125265598297,0.07409558445215225,0.7820000052452087,0.05679865926504135
GiveMeSomeCredit,TabICLv2,100000,50000,0.09744093130016543,0.17568483126178616,0.002148834988474846,0.0028522787615656853,0.937720000743866,0.8933649845421314
HR_Analytics_Job_Change_of_Data_Scientists,TabICLv2,12772,6386,0.26714061672637235,0.42169853796317047,0.013813339173793793,0.01187034510076046,0.8086439371109009,0.17739241942763329
Is-this-a-good-customer,TabICLv2,1148,575,0.19080372377141297,0.323300128981995,0.015795070677995682,0.02957921288907528,0.8782608509063721,0.055750612169504166
Marketing_Campaign,TabICLv2,1493,747,0.13510586734076227,0.21553053665489508,0.013919642195105553,0.02649693749845028,0.8955823183059692,0.06193627789616585
NATICUSdroid,TabICLv2,4994,2497,0.08012234633313513,0.13679068384743684,0.00498034805059433,0.011355983093380928,0.945134162902832,0.10233145207166672
bank-marketing,TabICLv2,30140,15071,0.17120237725840778,0.2988241645337064,0.007744745351374149,0.00996987335383892,0.8942339420318604,0.33211152628064156
blood-transfusion-service-center,TabICLv2,498,250,0.30120735874929677,0.4844027528118475,0.041705671697854996,0.09473665058612823,0.800000011920929,0.051185473799705505
churn,TabICLv2,3333,1667,0.05046829932362473,0.11177146709859166,0.013330988585948944,0.01203946489840746,0.9694061279296875,0.07824733108282089
coil2000_insurance_policies,TabICLv2,6548,3274,0.1058757644584274,0.20053360073628224,0.006629034876823425,0.0045952084474265575,0.9404398202896118,0.126319769769907
credit-g,TabICLv2,666,334,0.3306722748084107,0.5026804973311689,0.04292217642068863,0.05751347169280052,0.7544910311698914,0.05365242809057236
credit_card_clients_default,TabICLv2,20000,10000,0.2614416109436265,0.4181718623068531,0.007993374019861221,0.009186485782265663,0.8227999806404114,0.23420703783631325
customer_satisfaction_in_airline,TabICLv2,86586,43294,0.05314140487748548,0.084538277058049,0.00165606290102005,0.002777908695861697,0.9622349739074707,0.7852724641561508
diabetes,TabICLv2,512,256,0.30657750064851885,0.46735322434220405,0.019758880138397217,0.04442255198955536,0.78125,0.04914044588804245
hazelnut-spread-contaminant-detection,TabICLv2,1600,800,0.05150955331882919,0.0913343509173406,0.006990348920226097,0.015573134645819664,0.9662500023841858,0.06401775032281876
heloc,TabICLv2,6972,3487,0.3630140579107268,0.5423592058745212,0.013251718133687973,0.01995542272925377,0.7338686585426331,0.13065575808286667
in_vehicle_coupon_recommendation,TabICLv2,8456,4228,0.31151941723454896,0.4779536219216181,0.009782567620277405,0.01982947438955307,0.7800378203392029,0.14301389828324318
jm1,TabICLv2,7256,3629,0.26141243835638783,0.4148791524804112,0.01969253085553646,0.018285125494003296,0.8175805807113647,0.13070377334952354
kddcup09_appetency,TabICLv2,33333,16667,0.033581603395560905,0.0765857439366052,0.00170973502099514,0.0005126261967234313,0.9821803569793701,0.34564417228102684
online_shoppers_intention,TabICLv2,8220,4110,0.1404580929582742,0.22439832416075112,0.008618618361651897,0.01221254002302885,0.9004865884780884,0.14722546935081482
polish_companies_bankruptcy,TabICLv2,3940,1970,0.029909574316989197,0.06001649941350703,0.0064405822195112705,0.008254766464233398,0.9832487106323242,0.09033339098095894
qsar-biodeg,TabICLv2,702,352,0.1755129184148407,0.2994465421387376,0.03183533996343613,0.054162539541721344,0.8948863744735718,0.05619880184531212
seismic-bumps,TabICLv2,1722,862,0.11023755767075115,0.20400676428678347,0.01259205024689436,0.01584210991859436,0.9338747262954712,0.0645916610956192
taiwanese_bankruptcy_prediction,TabICLv2,4546,2273,0.04253932323836659,0.0784420649314031,0.005259370431303978,0.006356482859700918,0.9709634780883789,0.09538710117340088
APSFailure,RealTabPFN-v2.5,50666,25334,0.008663076735578243,0.016357529128842176,0.000577586586587131,0.00045536377001553774,0.9945132732391357,0.4576476849615574
Amazon_employee_access,RealTabPFN-v2.5,21846,10923,0.08260361770144851,0.15828663909493726,0.002914413809776306,0.006057767663151026,0.9483658075332642,0.25939416140317917
Bank_Customer_Churn,RealTabPFN-v2.5,6666,3334,0.1955101220384457,0.3198833139691109,0.010596868582069874,0.023690510541200638,0.8668266534805298,0.11622598394751549
Bioresponse,RealTabPFN-v2.5,2500,1251,0.2719457392776875,0.4235047129387866,0.022246303036808968,0.037066515535116196,0.8041566610336304,0.07769539952278137
Diabetes130US,RealTabPFN-v2.5,47678,23840,0.15403860300135147,0.28136205318287616,0.005743125453591347,0.006313425023108721,0.9119966626167297,0.4512755163013935
E-CommereShippingData,RealTabPFN-v2.5,7332,3667,0.35580677677354494,0.4973090062093813,0.020146358758211136,0.020461522042751312,0.685846745967865,0.13184642791748047
Fitness_Club,RealTabPFN-v2.5,1000,500,0.3126507897626403,0.47606524291042124,0.022044453769922256,0.05303511396050453,0.7739999890327454,0.05538484826683998
GiveMeSomeCredit,RealTabPFN-v2.5,100000,50000,0.0971439086890484,0.17562526931714995,0.003988735377788544,0.004201702773571014,0.9378600120544434,0.9161434508860111
HR_Analytics_Job_Change_of_Data_Scientists,RealTabPFN-v2.5,12772,6386,0.26743504558964026,0.42259760965158677,0.00835997611284256,0.011414801701903343,0.8086439371109009,0.18119504675269127
Is-this-a-good-customer,RealTabPFN-v2.5,1148,575,0.19848982834726311,0.3369218392765558,0.021186575293540955,0.03173501417040825,0.8713043332099915,0.06138554587960243
Marketing_Campaign,RealTabPFN-v2.5,1493,747,0.13186266540998334,0.211936793561567,0.014316674321889877,0.027478696778416634,0.9009370803833008,0.06300650909543037
NATICUSdroid,RealTabPFN-v2.5,4994,2497,0.084383503300344,0.14524744837715403,0.006563341245055199,0.010460911318659782,0.9407289028167725,0.10486990585923195
bank-marketing,RealTabPFN-v2.5,30140,15071,0.17130078492290413,0.298833165599877,0.003703296184539795,0.005643030628561974,0.8944330215454102,0.34156615287065506
blood-transfusion-service-center,RealTabPFN-v2.5,498,250,0.3011385297799363,0.4817199608623298,0.04985757917165756,0.10261202603578568,0.8119999766349792,0.0491175651550293
churn,RealTabPFN-v2.5,3333,1667,0.049745796756550185,0.10699348083502117,0.009020988829433918,0.013078559190034866,0.9682063460350037,0.07715675234794617
coil2000_insurance_policies,RealTabPFN-v2.5,6548,3274,0.10556337749807097,0.20080181123760388,0.006576982326805592,0.006598589010536671,0.9404398202896118,0.1256275624036789
credit-g,RealTabPFN-v2.5,666,334,0.33106741902289133,0.5013119317073589,0.037562113255262375,0.056231800466775894,0.7604790329933167,0.05304320529103279
credit_card_clients_default,RealTabPFN-v2.5,20000,10000,0.26268763492305325,0.4199501787656478,0.009588435292243958,0.011417852714657784,0.8228999972343445,0.23999068140983582
customer_satisfaction_in_airline,RealTabPFN-v2.5,86586,43294,0.054066889427039744,0.08735520713001459,0.002505455631762743,0.0026645308826118708,0.9626275897026062,0.8037405982613564
diabetes,RealTabPFN-v2.5,512,256,0.30646434951091084,0.4653144215283656,0.023321090266108513,0.05623633787035942,0.7734375,0.05075521767139435
hazelnut-spread-contaminant-detection,RealTabPFN-v2.5,1600,800,0.06501274859148315,0.11600386854744257,0.008538752794265747,0.014532751403748989,0.9587500095367432,0.06438380852341652
heloc,RealTabPFN-v2.5,6972,3487,0.3641193461079547,0.5439613448934919,0.014074191451072693,0.02470579743385315,0.7332950830459595,0.1304001770913601
in_vehicle_coupon_recommendation,RealTabPFN-v2.5,8456,4228,0.30694288304418915,0.4712399963365757,0.0123898321762681,0.025977928191423416,0.7814569473266602,0.14840590208768845
jm1,RealTabPFN-v2.5,7256,3629,0.26094088078576877,0.4146553524432279,0.007013916969299316,0.01464204303920269,0.8192339539527893,0.13152587413787842
kddcup09_appetency,RealTabPFN-v2.5,33333,16667,0.03339361116416114,0.07542715349995925,0.002130541019141674,0.0009325275896117091,0.9821803569793701,0.3471738286316395
online_shoppers_intention,RealTabPFN-v2.5,8220,4110,0.13924707120080124,0.2235126103808019,0.004083240870386362,0.00861330796033144,0.901946485042572,0.14665653556585312
polish_companies_bankruptcy,RealTabPFN-v2.5,3940,1970,0.022324976851873405,0.0488008708555141,0.005152763798832893,0.006966827902942896,0.9873096346855164,0.09074050560593605
qsar-biodeg,RealTabPFN-v2.5,702,352,0.18492206002048872,0.3092439106649558,0.03342115506529808,0.0486353263258934,0.8778409361839294,0.05295085906982422
seismic-bumps,RealTabPFN-v2.5,1722,862,0.10931940362481143,0.2010535802666302,0.01008371077477932,0.007993889041244984,0.9338747262954712,0.06366223096847534
taiwanese_bankruptcy_prediction,RealTabPFN-v2.5,4546,2273,0.04421544730531888,0.07924702558428501,0.0046794600784778595,0.008041002787649632,0.9705235362052917,0.09265240654349327
APSFailure,TabICL_GPU,50666,25334,0.008886452705641316,0.016409210185655134,0.0009755634237080812,0.0011947787133976817,0.9943948984146118,0.4599773660302162
Amazon_employee_access,TabICL_GPU,21846,10923,0.08061040913391965,0.1550227038221255,0.0022086123935878277,0.0036424309946596622,0.9479996562004089,0.25668131560087204
Bank_Customer_Churn,TabICL_GPU,6666,3334,0.19979320309154286,0.3269755496678506,0.007485273294150829,0.014468852430582047,0.8653269410133362,0.11957567185163498
Diabetes130US,TabICL_GPU,47678,23840,0.15598671842422568,0.28539598069378136,0.0050011612474918365,0.0021753250621259212,0.9119966626167297,0.4475763328373432
E-CommereShippingData,TabICL_GPU,7332,3667,0.3566075195501632,0.4978890738840797,0.03007248416543007,0.01735932007431984,0.6817561984062195,0.13344114273786545
Fitness_Club,TabICL_GPU,1000,500,0.31311911603614534,0.47801872204235585,0.02200893685221672,0.06441168487071991,0.7799999713897705,0.05714917927980423
GiveMeSomeCredit,TabICL_GPU,100000,50000,0.09789643624173694,0.17633767745302942,0.0017629703506827354,0.002753518521785736,0.9373400211334229,0.9021630138158798
HR_Analytics_Job_Change_of_Data_Scientists,TabICL_GPU,12772,6386,0.268276906910153,0.42307359322063376,0.00696750171482563,0.012576576322317123,0.8062950372695923,0.18402273580431938
Is-this-a-good-customer,TabICL_GPU,1148,575,0.18883945220496373,0.3223959106158134,0.018386393785476685,0.028867265209555626,0.8852173686027527,0.05840364843606949
Marketing_Campaign,TabICL_GPU,1493,747,0.14308360211372317,0.22846919494354143,0.01321490854024887,0.036603376269340515,0.9036144614219666,0.060777727514505386
NATICUSdroid,TabICL_GPU,4994,2497,0.07937963918092315,0.13896909927950044,0.004798642825335264,0.010718298144638538,0.9471365809440613,0.10311756283044815
bank-marketing,TabICL_GPU,30140,15071,0.1720606586750827,0.2999494559120959,0.004420306999236345,0.008249173872172832,0.8935704231262207,0.3368423990905285
blood-transfusion-service-center,TabICL_GPU,498,250,0.3146113836706982,0.4986471305457119,0.04797007888555527,0.0916990339756012,0.8119999766349792,0.05188849940896034
churn,TabICL_GPU,3333,1667,0.06769124974809895,0.13677470168326375,0.009003891609609127,0.01635952852666378,0.9574085474014282,0.07969694584608078
coil2000_insurance_policies,TabICL_GPU,6548,3274,0.10585884635915482,0.20359864450088674,0.008312041871249676,0.007751019671559334,0.9404398202896118,0.13030417636036873
credit-g,TabICL_GPU,666,334,0.33773263580430457,0.509933404984107,0.05143788456916809,0.06823000311851501,0.757485032081604,0.05326218903064728
credit_card_clients_default,TabICL_GPU,20000,10000,0.26373016041243175,0.42148305999791136,0.012450363487005234,0.01355719193816185,0.8216000199317932,0.2395215816795826
customer_satisfaction_in_airline,TabICL_GPU,86586,43294,0.05717391385707518,0.09137856104106075,0.0021986421197652817,0.0022134461905807257,0.9596942067146301,0.7876493632793427
diabetes,TabICL_GPU,512,256,0.31571177985705245,0.476671783731777,0.025687798857688904,0.06504084914922714,0.7578125,0.050944987684488297
hazelnut-spread-contaminant-detection,TabICL_GPU,1600,800,0.06659516072491004,0.12176886217520877,0.010197922587394714,0.019234945997595787,0.9587500095367432,0.06449238583445549
heloc,TabICL_GPU,6972,3487,0.36545789227442715,0.5459543662460278,0.011933118104934692,0.01571781188249588,0.7298537492752075,0.13126789033412933
in_vehicle_coupon_recommendation,TabICL_GPU,8456,4228,0.30755039788729077,0.47302719447749647,0.010065920650959015,0.023137308657169342,0.7760170102119446,0.14759287983179092
jm1,TabICL_GPU,7256,3629,0.2556596460073648,0.4081318293366577,0.010639389976859093,0.011954803951084614,0.8244695663452148,0.12987656518816948
kddcup09_appetency,TabICL_GPU,33333,16667,0.03370280747793051,0.07719991410279875,0.0017721671611070633,0.0005557074910029769,0.9821803569793701,0.3440916836261749
online_shoppers_intention,TabICL_GPU,8220,4110,0.14116571161882963,0.22594567573824936,0.0067656319588422775,0.010786485858261585,0.8992700576782227,0.1465086229145527
polish_companies_bankruptcy,TabICL_GPU,3940,1970,0.04221010073357816,0.07996522006175086,0.005436728708446026,0.007909444160759449,0.9751269221305847,0.0920470803976059
qsar-biodeg,TabICL_GPU,702,352,0.174285532896955,0.2926629963919105,0.03314841538667679,0.040385618805885315,0.8892045617103577,0.0532347671687603
seismic-bumps,TabICL_GPU,1722,862,0.1103530129405585,0.20362382093452958,0.010564791969954967,0.011424126103520393,0.9338747262954712,0.06372503563761711
taiwanese_bankruptcy_prediction,TabICL_GPU,4546,2273,0.0439487659444898,0.08066738109296892,0.0053130825981497765,0.005960657726973295,0.9727232456207275,0.09189918264746666
Amazon_employee_access,LimiX_GPU,21846,10923,0.08275755432424199,0.15961346441659027,0.0035889819264411926,0.003627547761425376,0.9474503397941589,0.2597413808107376
Bank_Customer_Churn,LimiX_GPU,6666,3334,0.19757710349277147,0.32353378312575926,0.009296184405684471,0.020530052483081818,0.8671265840530396,0.115434180945158
Bioresponse,LimiX_GPU,2500,1251,0.275578804396508,0.4266388914087994,0.024562209844589233,0.039007145911455154,0.7993605136871338,0.07676618546247482
E-CommereShippingData,LimiX_GPU,7332,3667,0.35497652580622374,0.49646442949067415,0.020127184689044952,0.017064545303583145,0.6880283355712891,0.13290061801671982
Fitness_Club,LimiX_GPU,1000,500,0.31329017446676355,0.4778911203595741,0.019517775624990463,0.04516982659697533,0.7799999713897705,0.0565573051571846
HR_Analytics_Job_Change_of_Data_Scientists,LimiX_GPU,12772,6386,0.26835314623103357,0.42295619972221643,0.007429257035255432,0.016087252646684647,0.8077043294906616,0.1822022870182991
Is-this-a-good-customer,LimiX_GPU,1148,575,0.1881405592081439,0.32210821291615266,0.012704353779554367,0.01447382289916277,0.8852173686027527,0.058351781219244
Marketing_Campaign,LimiX_GPU,1493,747,0.132153427372766,0.21345713748085088,0.013072220608592033,0.024522928521037102,0.9076305031776428,0.060802824795246124
NATICUSdroid,LimiX_GPU,4994,2497,0.08482690233958508,0.1467405082612555,0.007789492607116699,0.01131310872733593,0.9435322284698486,0.10721295326948166
bank-marketing,LimiX_GPU,30140,15071,0.1718440138088224,0.2997322613255869,0.005837108939886093,0.008845677599310875,0.8943666815757751,0.34071947261691093
blood-transfusion-service-center,LimiX_GPU,498,250,0.30594693182146704,0.48733878585912443,0.0444193035364151,0.08225502818822861,0.8040000200271606,0.051465027034282684
churn,LimiX_GPU,3333,1667,0.06626489864674702,0.13782416770506364,0.007899655029177666,0.015402617864310741,0.9598080515861511,0.08266625925898552
coil2000_insurance_policies,LimiX_GPU,6548,3274,0.10562713388209947,0.19873033728740988,0.005500659346580505,0.005127983633428812,0.9404398202896118,0.1253209188580513
credit-g,LimiX_GPU,666,334,0.3123292146029363,0.4825977210944032,0.044161491096019745,0.08018582314252853,0.796407163143158,0.05329470708966255
credit_card_clients_default,LimiX_GPU,20000,10000,0.2635691836711747,0.42101237630175475,0.0061598531901836395,0.0087992949411273,0.8219000101089478,0.2371603064239025
diabetes,LimiX_GPU,512,256,0.3112835041045011,0.47163514024270914,0.026875004172325134,0.0518195778131485,0.77734375,0.04914677143096924
hazelnut-spread-contaminant-detection,LimiX_GPU,1600,800,0.07382503231215377,0.12860786740816707,0.010050244629383087,0.018209068104624748,0.9487500190734863,0.06841828674077988
heloc,LimiX_GPU,6972,3487,0.3636889790897021,0.5436236859796707,0.021004632115364075,0.026909878477454185,0.7375968098640442,0.1335897296667099
in_vehicle_coupon_recommendation,LimiX_GPU,8456,4228,0.35213094340763723,0.5302834235827721,0.013360857963562012,0.023393619805574417,0.7445600628852844,0.15077679604291916
jm1,LimiX_GPU,7256,3629,0.26670866229235934,0.4226983011750904,0.010102423839271069,0.011915162205696106,0.8134472370147705,0.12854262068867683
online_shoppers_intention,LimiX_GPU,8220,4110,0.14317908145101044,0.22922727193598744,0.006655077449977398,0.013986047357320786,0.8990267515182495,0.1439577266573906
polish_companies_bankruptcy,LimiX_GPU,3940,1970,0.05228968646439069,0.09391869680512897,0.004390711896121502,0.010021391324698925,0.9639593958854675,0.09078589081764221
qsar-biodeg,LimiX_GPU,702,352,0.17481371664415762,0.29691175210686693,0.03418656438589096,0.04960242286324501,0.8778409361839294,0.054278746247291565
seismic-bumps,LimiX_GPU,1722,862,0.10976096612321312,0.20561203057207228,0.011846204288303852,0.01154071930795908,0.9338747262954712,0.06390021368861198
taiwanese_bankruptcy_prediction,LimiX_GPU,4546,2273,0.04442360400587289,0.08050009439181789,0.005278728902339935,0.00883450172841549,0.9714034199714661,0.09263542294502258
APSFailure,TabM_GPU,50666,25334,0.008887094122116822,0.016625610759868265,0.0008644664194434881,0.0013695721281692386,0.9940791130065918,0.46342285722494125
Amazon_employee_access,TabM_GPU,21846,10923,0.08920216937084391,0.16732241002435522,0.004668430425226688,0.005537562072277069,0.9427812695503235,0.25765858218073845
Bank_Customer_Churn,TabM_GPU,6666,3334,0.19677343019849575,0.32192945647226684,0.006376256234943867,0.018990373238921165,0.8662267327308655,0.12028559669852257
Bioresponse,TabM_GPU,2500,1251,0.28535028362009207,0.4442199231903556,0.018016666173934937,0.038122255355119705,0.7905675172805786,0.07478780671954155
Diabetes130US,TabM_GPU,47678,23840,0.15458311507311284,0.28179707005376153,0.005442630499601364,0.004942128900438547,0.9119966626167297,0.45509782433509827
E-CommereShippingData,TabM_GPU,7332,3667,0.3576299025673547,0.49938745586836064,0.029606888070702553,0.032281748950481415,0.6907553672790527,0.13234859332442284
Fitness_Club,TabM_GPU,1000,500,0.3163329448634562,0.4831287037054887,0.02307792566716671,0.03659405559301376,0.7720000147819519,0.05749516934156418
GiveMeSomeCredit,TabM_GPU,100000,50000,0.09701950688760375,0.1753729412909398,0.002308165654540062,0.0035796300508081913,0.9377999901771545,0.8974820859730244
HR_Analytics_Job_Change_of_Data_Scientists,TabM_GPU,12772,6386,0.2702459689009579,0.4254200410071372,0.013019196689128876,0.019849618896842003,0.8023802042007446,0.18030941113829613
Is-this-a-good-customer,TabM_GPU,1148,575,0.1934425745005285,0.3324909057417302,0.020660940557718277,0.04623764753341675,0.886956512928009,0.05849941819906235
Marketing_Campaign,TabM_GPU,1493,747,0.14368776187602966,0.22729017180703198,0.01709730364382267,0.03080229088664055,0.898259699344635,0.05913039296865463
NATICUSdroid,TabM_GPU,4994,2497,0.08374769372683806,0.14314409414889231,0.007216215133666992,0.013560178689658642,0.9411293268203735,0.1014951653778553
bank-marketing,TabM_GPU,30140,15071,0.1720850356568712,0.3000003554066205,0.005310629960149527,0.007951263338327408,0.8929732441902161,0.3300483115017414
blood-transfusion-service-center,TabM_GPU,498,250,0.3048961209925682,0.48499808090421037,0.048949822783470154,0.09527145326137543,0.800000011920929,0.05183078721165657
churn,TabM_GPU,3333,1667,0.06543573669388844,0.13742978141155968,0.014945179224014282,0.018017197027802467,0.962207555770874,0.0807366706430912
coil2000_insurance_policies,TabM_GPU,6548,3274,0.10619173539888742,0.2033786838737523,0.008057748898863792,0.007819771766662598,0.9404398202896118,0.12021401897072792
credit-g,TabM_GPU,666,334,0.3360077378171385,0.5117249009388757,0.04657803475856781,0.055535268038511276,0.7604790329933167,0.05203605070710182
credit_card_clients_default,TabM_GPU,20000,10000,0.2635753563464357,0.4210779781504871,0.007770167663693428,0.011979443021118641,0.823199987411499,0.23912274092435837
customer_satisfaction_in_airline,TabM_GPU,86586,43294,0.05258273387236663,0.08314826190743271,0.0030849347822368145,0.0022075504530221224,0.962650716304779,0.7729154452681541
diabetes,TabM_GPU,512,256,0.34399081209241544,0.5197206677677794,0.06119159236550331,0.09839174151420593,0.765625,0.049961838871240616
hazelnut-spread-contaminant-detection,TabM_GPU,1600,800,0.1099778290469482,0.18207231258523604,0.015085503458976746,0.027054980397224426,0.9225000143051147,0.06452422961592674
heloc,TabM_GPU,6972,3487,0.36661128762822404,0.5465505655449486,0.013821568340063095,0.021371953189373016,0.7244049310684204,0.1319492720067501
in_vehicle_coupon_recommendation,TabM_GPU,8456,4228,0.3011004972565788,0.46352891427699683,0.014273524284362793,0.024176854640245438,0.7821664810180664,0.1453644335269928
jm1,TabM_GPU,7256,3629,0.2708453374147328,0.4297190064665545,0.007336084730923176,0.01208080630749464,0.8104161024093628,0.12882326543331146
kddcup09_appetency,TabM_GPU,33333,16667,0.033498988389018186,0.0763052568105427,0.002059921622276306,0.0009603273938409984,0.9821803569793701,0.34170079976320267
online_shoppers_intention,TabM_GPU,8220,4110,0.1419198531343281,0.22781838918084368,0.0088412556797266,0.009871245361864567,0.9014598727226257,0.14499187842011452
polish_companies_bankruptcy,TabM_GPU,3940,1970,0.039953990339608614,0.07595949146348738,0.008990966714918613,0.011899800039827824,0.9756345152854919,0.09154371172189713
qsar-biodeg,TabM_GPU,702,352,0.18232113357617513,0.30707135160301263,0.03567641228437424,0.045038189738988876,0.8806818127632141,0.05221947282552719
seismic-bumps,TabM_GPU,1722,862,0.11237353835870655,0.20785271235699662,0.010674335062503815,0.01030503585934639,0.9338747262954712,0.061155326664447784
taiwanese_bankruptcy_prediction,TabM_GPU,4546,2273,0.04457535290009177,0.08235571049614242,0.0055287741124629974,0.007904148660600185,0.9731632471084595,0.09200232103466988
APSFailure,RealMLP_GPU,50666,25334,0.010929916816506001,0.019953511467872612,0.0009852382354438305,0.0014726200606673956,0.992697536945343,0.43830151855945587
Amazon_employee_access,RealMLP_GPU,21846,10923,0.07959182872383945,0.15143245401379832,0.004446629900485277,0.007830466143786907,0.9499222040176392,0.24887806177139282
Bank_Customer_Churn,RealMLP_GPU,6666,3334,0.1982449922045286,0.3235959562120891,0.0074709877371788025,0.020594466477632523,0.865626871585846,0.1134759820997715
Bioresponse,RealMLP_GPU,2500,1251,0.2797024870581681,0.4377004790656211,0.02311338484287262,0.043325528502464294,0.798561155796051,0.07297423481941223
Diabetes130US,RealMLP_GPU,47678,23840,0.1530560279311346,0.2787718503308883,0.007139686495065689,0.005736158229410648,0.9119966626167297,0.4583008550107479
E-CommereShippingData,RealMLP_GPU,7332,3667,0.35809850964439116,0.5013182216354951,0.020091526210308075,0.029494058340787888,0.6738478541374207,0.12816880643367767
Fitness_Club,RealMLP_GPU,1000,500,0.31662800461179064,0.4848359130609289,0.024608705192804337,0.04629688709974289,0.7699999809265137,0.05226999148726463
GiveMeSomeCredit,RealMLP_GPU,100000,50000,0.09735787759865873,0.17601533156917526,0.001966245472431183,0.002577235922217369,0.9377800226211548,0.8856995813548565
HR_Analytics_Job_Change_of_Data_Scientists,RealMLP_GPU,12772,6386,0.27136889500468164,0.42643552690859743,0.009727470576763153,0.01398890558630228,0.8008142709732056,0.17907972261309624
Is-this-a-good-customer,RealMLP_GPU,1148,575,0.18697778572380727,0.31840396011047467,0.015819814056158066,0.01985236443579197,0.8852173686027527,0.05543471872806549
Marketing_Campaign,RealMLP_GPU,1493,747,0.1464763895514318,0.23604217787371207,0.008268863894045353,0.021984336897730827,0.898259699344635,0.05970248207449913
NATICUSdroid,RealMLP_GPU,4994,2497,0.08366439419230302,0.14308295865775503,0.005637472495436668,0.00976093951612711,0.9427312612533569,0.10202933102846146
bank-marketing,RealMLP_GPU,30140,15071,0.1714969248854241,0.2995973202584887,0.005925077013671398,0.00638705724850297,0.8939685225486755,0.3273829370737076
blood-transfusion-service-center,RealMLP_GPU,498,250,0.3045026619502785,0.48699213404249986,0.031886421144008636,0.05745209380984306,0.8119999766349792,0.049472782760858536
churn,RealMLP_GPU,3333,1667,0.0640750309289557,0.1365928319573898,0.02196737565100193,0.024133600294589996,0.9604079127311707,0.0825345404446125
coil2000_insurance_policies,RealMLP_GPU,6548,3274,0.1061271825384193,0.20290452130062286,0.007509738206863403,0.010798973962664604,0.9404398202896118,0.12630200013518333
credit-g,RealMLP_GPU,666,334,0.3231633620609328,0.4930989672570815,0.03969815745949745,0.04929593205451965,0.757485032081604,0.052660245448350906
credit_card_clients_default,RealMLP_GPU,20000,10000,0.2639346977649066,0.42237055251720196,0.00940406322479248,0.013943374156951904,0.8230999708175659,0.2399573177099228
customer_satisfaction_in_airline,RealMLP_GPU,86586,43294,0.053503320946714186,0.08543391726251032,0.002954695373773575,0.0034194139298051596,0.9617499113082886,0.7733146548271179
diabetes,RealMLP_GPU,512,256,0.3030899896287437,0.46093388865535934,0.024888724088668823,0.05833786725997925,0.78125,0.04956074431538582
hazelnut-spread-contaminant-detection,RealMLP_GPU,1600,800,0.08749895208283347,0.15890776862038114,0.013286812230944633,0.028538145124912262,0.9512500166893005,0.06401647254824638
heloc,RealMLP_GPU,6972,3487,0.3626059054455017,0.5421506539030942,0.012993883341550827,0.024078287184238434,0.7307140827178955,0.13043467327952385
in_vehicle_coupon_recommendation,RealMLP_GPU,8456,4228,0.30436934242168145,0.46788912863894505,0.018404848873615265,0.03014805167913437,0.7812204360961914,0.14526592195034027
jm1,RealMLP_GPU,7256,3629,0.26841611928633397,0.4247381280236385,0.0090482197701931,0.0178235974162817,0.8139983415603638,0.12866917997598648
kddcup09_appetency,RealMLP_GPU,33333,16667,0.03333575256091068,0.07517345514150857,0.0011615947587415576,0.0005739665357396007,0.9821803569793701,0.34234368056058884
online_shoppers_intention,RealMLP_GPU,8220,4110,0.1443179666334398,0.2334235435323389,0.006405737716704607,0.013975627720355988,0.9017031788825989,0.14933670684695244
polish_companies_bankruptcy,RealMLP_GPU,3940,1970,0.044227775994482126,0.08701566319728508,0.008675048127770424,0.009760859422385693,0.9730964303016663,0.08993135765194893
qsar-biodeg,RealMLP_GPU,702,352,0.18289760517830791,0.3151198065480495,0.033903010189533234,0.06121710687875748,0.8806818127632141,0.05177672579884529
seismic-bumps,RealMLP_GPU,1722,862,0.11130703751435708,0.20699031964992828,0.008298463188111782,0.006752625107765198,0.9338747262954712,0.06140558794140816
taiwanese_bankruptcy_prediction,RealMLP_GPU,4546,2273,0.044171172691457865,0.08013409507940676,0.007955988869071007,0.009591360576450825,0.9718433618545532,0.09467145800590515
APSFailure,BetaTabPFN_GPU,50666,25334,0.009495093975777706,0.017707996921865015,0.0012293385807424784,0.0015691559528931975,0.9940396547317505,0.4553500600159168
Amazon_employee_access,BetaTabPFN_GPU,21846,10923,0.08839175997939042,0.16734406690885065,0.005542345345020294,0.008617551997303963,0.9455277919769287,0.25372906401753426
Bank_Customer_Churn,BetaTabPFN_GPU,6666,3334,0.19641562445648797,0.3214089170557297,0.008778839372098446,0.018857097253203392,0.8674265146255493,0.11575452238321304
Bioresponse,BetaTabPFN_GPU,2500,1251,0.31221083434402597,0.4745015990698624,0.02863594889640808,0.04188663884997368,0.7673860788345337,0.07801571860909462
Diabetes130US,BetaTabPFN_GPU,47678,23840,0.154865326487111,0.2830744853213125,0.005108974874019623,0.004983709193766117,0.9119966626167297,0.45019615814089775
E-CommereShippingData,BetaTabPFN_GPU,7332,3667,0.3543831985794989,0.49607623738260176,0.028725268319249153,0.015215125866234303,0.6915735006332397,0.12872764840722084
Fitness_Club,BetaTabPFN_GPU,1000,500,0.3132503191263244,0.47845474586749925,0.019116193056106567,0.05076609551906586,0.7820000052452087,0.055206604301929474
GiveMeSomeCredit,BetaTabPFN_GPU,100000,50000,0.09732766503930347,0.1760063120392714,0.0019481165800243616,0.0036354553885757923,0.9381399750709534,0.8931205719709396
HR_Analytics_Job_Change_of_Data_Scientists,BetaTabPFN_GPU,12772,6386,0.271949279738593,0.4276134800126784,0.009579520672559738,0.015090941451489925,0.8036329746246338,0.18032224848866463
Is-this-a-good-customer,BetaTabPFN_GPU,1148,575,0.18876005935750922,0.3211824582031728,0.017171699553728104,0.02521388977766037,0.8834782838821411,0.06039578840136528
Marketing_Campaign,BetaTabPFN_GPU,1493,747,0.1354404023652601,0.21877000571883876,0.013448374345898628,0.032520897686481476,0.9022757411003113,0.05939144641160965
NATICUSdroid,BetaTabPFN_GPU,4994,2497,0.08566135095409869,0.14754836988043799,0.006052570417523384,0.007479378487914801,0.9427312612533569,0.09937362745404243
bank-marketing,BetaTabPFN_GPU,30140,15071,0.1726335297426819,0.30081185711328595,0.0062080686911940575,0.005884048528969288,0.8932386636734009,0.33214380219578743
blood-transfusion-service-center,BetaTabPFN_GPU,498,250,0.3092475092513834,0.5050640874751747,0.061097048223018646,0.09547951072454453,0.8119999766349792,0.05021784082055092
churn,BetaTabPFN_GPU,3333,1667,0.0587931616847969,0.12401644482234604,0.008585047908127308,0.015215961262583733,0.9634073376655579,0.08054913952946663
coil2000_insurance_policies,BetaTabPFN_GPU,6548,3274,0.10592630165352765,0.20219176486261992,0.005223749205470085,0.00294685922563076,0.9404398202896118,0.12466147914528847
credit-g,BetaTabPFN_GPU,666,334,0.34663402105683533,0.5202563197491686,0.051413461565971375,0.09317120909690857,0.727544903755188,0.052278850227594376
credit_card_clients_default,BetaTabPFN_GPU,20000,10000,0.26366815399071697,0.4210370950916544,0.01125245913863182,0.009922970086336136,0.822700023651123,0.24124781042337418
customer_satisfaction_in_airline,BetaTabPFN_GPU,86586,43294,0.0709160021797046,0.11613010889990269,0.0031225550919771194,0.0035233437083661556,0.9493694305419922,0.7854115553200245
diabetes,BetaTabPFN_GPU,512,256,0.3140441440476575,0.47523689911853684,0.02177450805902481,0.07654216140508652,0.76953125,0.05045212060213089
hazelnut-spread-contaminant-detection,BetaTabPFN_GPU,1600,800,0.1246188242146231,0.213960606564135,0.015028484165668488,0.028053278103470802,0.9200000166893005,0.06722451373934746
heloc,BetaTabPFN_GPU,6972,3487,0.3647943239805705,0.5449093303535553,0.015926269814372063,0.024624589830636978,0.7315744161605835,0.1430821381509304
in_vehicle_coupon_recommendation,BetaTabPFN_GPU,8456,4228,0.3201115167209104,0.48856958075770174,0.010107934474945068,0.021907804533839226,0.7693945169448853,0.15282471105456352
jm1,BetaTabPFN_GPU,7256,3629,0.26858885864952975,0.4255848533141667,0.00908680260181427,0.01909208856523037,0.811793863773346,0.13411233946681023
kddcup09_appetency,BetaTabPFN_GPU,33333,16667,0.03371894268398159,0.0777521303056558,0.00157968292478472,0.0003932768013328314,0.9821803569793701,0.32981759309768677
online_shoppers_intention,BetaTabPFN_GPU,8220,4110,0.14161199973554395,0.2286079976863332,0.009614771232008934,0.009149228222668171,0.9002432823181152,0.1419372260570526
polish_companies_bankruptcy,BetaTabPFN_GPU,3940,1970,0.04642814099474285,0.08746111214488697,0.007962711155414581,0.01277129352092743,0.9736040830612183,0.08761527761816978
qsar-biodeg,BetaTabPFN_GPU,702,352,0.198773036874757,0.32936841674162837,0.03144484758377075,0.04878629371523857,0.8664772510528564,0.05109543725848198
seismic-bumps,BetaTabPFN_GPU,1722,862,0.10865179012557973,0.20051465560738696,0.008786016143858433,0.008911143988370895,0.9338747262954712,0.05970345437526703
taiwanese_bankruptcy_prediction,BetaTabPFN_GPU,4546,2273,0.04387115479265936,0.07964891500086856,0.004233532585203648,0.009061815217137337,0.9727232456207275,0.08983467146754265
APSFailure,ModernNCA_GPU,50666,25334,0.009504628181967262,0.01790946554738291,0.002148097613826394,0.003144715679809451,0.9938027858734131,0.42193543165922165
Amazon_employee_access,ModernNCA_GPU,21846,10923,0.0814529469277342,0.15647723902022326,0.01355791836977005,0.017451614141464233,0.9484573602676392,0.25118523463606834
Bank_Customer_Churn,ModernNCA_GPU,6666,3334,0.19900452426589485,0.3256965595386015,0.006760513409972191,0.021940553560853004,0.8635272979736328,0.11070741340517998
Bioresponse,ModernNCA_GPU,2500,1251,0.2896273071935812,0.4533943941082529,0.02263966202735901,0.049133989959955215,0.7937650084495544,0.07158318161964417
Diabetes130US,ModernNCA_GPU,47678,23840,0.15453653076491738,0.2822964119539511,0.004278570879250765,0.005035749636590481,0.9119966626167297,0.4300074018537998
E-CommereShippingData,ModernNCA_GPU,7332,3667,0.3592797431564269,0.5029892163045214,0.03444124758243561,0.03371914103627205,0.6632124185562134,0.12117752805352211
Fitness_Club,ModernNCA_GPU,1000,500,0.3274755880984292,0.4992509366724116,0.026220083236694336,0.0620231106877327,0.7519999742507935,0.0546284057199955
GiveMeSomeCredit,ModernNCA_GPU,100000,50000,0.09692517779246014,0.17539954978178718,0.002152020810171962,0.0033377755898982286,0.9381399750709534,0.8412458337843418
HR_Analytics_Job_Change_of_Data_Scientists,ModernNCA_GPU,12772,6386,0.2692892316787117,0.42408651459839924,0.022546708583831787,0.01498797070235014,0.8025367856025696,0.1701299324631691
Is-this-a-good-customer,ModernNCA_GPU,1148,575,0.1917351070035587,0.32811813314142496,0.02366131916642189,0.023986563086509705,0.8852173686027527,0.054784998297691345
Marketing_Campaign,ModernNCA_GPU,1493,747,0.13758267800370053,0.2237041248600629,0.023104432970285416,0.03699065372347832,0.9036144614219666,0.05831035226583481
NATICUSdroid,ModernNCA_GPU,4994,2497,0.08740542741644182,0.14925825376943977,0.00853531900793314,0.011970218271017075,0.9411293268203735,0.09668384119868279
bank-marketing,ModernNCA_GPU,30140,15071,0.17191401469177445,0.29946115104800464,0.004494032822549343,0.00645302701741457,0.8940349221229553,0.32166391238570213
blood-transfusion-service-center,ModernNCA_GPU,498,250,0.3100035756603629,0.49629985382314273,0.03884240984916687,0.06091877818107605,0.7960000038146973,0.04828350618481636
churn,ModernNCA_GPU,3333,1667,0.06263027963161077,0.1296830972349414,0.011511323973536491,0.016618218272924423,0.9592081308364868,0.07833928242325783
coil2000_insurance_policies,ModernNCA_GPU,6548,3274,0.10669176909940424,0.20434173074175666,0.008276472799479961,0.008927185088396072,0.9404398202896118,0.11847354099154472
credit-g,ModernNCA_GPU,666,334,0.34261128068097974,0.5168716874477934,0.0403914600610733,0.05790441855788231,0.742514967918396,0.05104604735970497
credit_card_clients_default,ModernNCA_GPU,20000,10000,0.26397441841308,0.42150141130402496,0.006971600465476513,0.010567331686615944,0.8227999806404114,0.23055646568536758
customer_satisfaction_in_airline,ModernNCA_GPU,86586,43294,0.0550669750106514,0.08828604165467006,0.0023385537788271904,0.00419049896299839,0.9606412053108215,0.7435497455298901
diabetes,ModernNCA_GPU,512,256,0.32563813661984964,0.49294594015568083,0.03403359651565552,0.05549276992678642,0.76171875,0.04731259122490883
hazelnut-spread-contaminant-detection,ModernNCA_GPU,1600,800,0.0854940018103617,0.15471848821837586,0.014477677643299103,0.03132679685950279,0.9487500190734863,0.060722172260284424
heloc,ModernNCA_GPU,6972,3487,0.3630400119870917,0.5426569124617667,0.012730583548545837,0.01826399192214012,0.7327215075492859,0.12467227876186371
in_vehicle_coupon_recommendation,ModernNCA_GPU,8456,4228,0.315662757926576,0.48456129439623075,0.027809418737888336,0.05046800896525383,0.7743613719940186,0.1385343223810196
jm1,ModernNCA_GPU,7256,3629,0.2632630820364767,0.41818867728165715,0.009253989905118942,0.01285212580114603,0.8170294761657715,0.12075595557689667
kddcup09_appetency,ModernNCA_GPU,33333,16667,0.0337161138857601,0.07746505617819718,0.0018295124173164368,0.0005301717319525778,0.9821803569793701,0.32962439954280853
online_shoppers_intention,ModernNCA_GPU,8220,4110,0.13993371949720357,0.226997714070647,0.007767217233777046,0.009948033839464188,0.9002432823181152,0.13996970653533936
polish_companies_bankruptcy,ModernNCA_GPU,3940,1970,0.03987898854784205,0.07957720499134092,0.010626118630170822,0.015805089846253395,0.9771573543548584,0.08402246609330177
qsar-biodeg,ModernNCA_GPU,702,352,0.19054590216116712,0.3207143113926931,0.029927551746368408,0.05522402748465538,0.8721590638160706,0.05054068937897682
seismic-bumps,ModernNCA_GPU,1722,862,0.11165764652584408,0.20755478220221385,0.013208785094320774,0.01653112657368183,0.9338747262954712,0.06174323335289955
taiwanese_bankruptcy_prediction,ModernNCA_GPU,4546,2273,0.044055330069401356,0.08147637931500494,0.0068984669633209705,0.006529840640723705,0.9727232456207275,0.08812297508120537
Bank_Customer_Churn,Mitra_GPU,6666,3334,0.19701794303038828,0.3222365075847301,0.01053786464035511,0.020364871248602867,0.8692261576652527,0.10902836918830872
E-CommereShippingData,Mitra_GPU,7332,3667,0.3550851574463474,0.4965355960566417,0.018760014325380325,0.018237967044115067,0.6899372935295105,0.1243838481605053
Fitness_Club,Mitra_GPU,1000,500,0.31149983323171004,0.4758495216203711,0.02086208388209343,0.05561729148030281,0.7799999713897705,0.04485306143760681
Is-this-a-good-customer,Mitra_GPU,1148,575,0.19220740008396428,0.3263407451157814,0.013478883542120457,0.019407162442803383,0.8782608509063721,0.046206697821617126
Marketing_Campaign,Mitra_GPU,1493,747,0.13790118598035386,0.22360448121787288,0.015255358070135117,0.03230510652065277,0.8929049372673035,0.06054060161113739
NATICUSdroid,Mitra_GPU,4994,2497,0.08560836088070559,0.14495943503992426,0.01042240671813488,0.00903259590268135,0.9399279356002808,0.09424956887960434
blood-transfusion-service-center,Mitra_GPU,498,250,0.3044422706996668,0.4857567200790777,0.05131427198648453,0.0980997383594513,0.8119999766349792,0.033239539712667465
churn,Mitra_GPU,3333,1667,0.04144404155437903,0.09609344601067532,0.01026357151567936,0.014152531512081623,0.9772045612335205,0.07472635060548782
coil2000_insurance_policies,Mitra_GPU,6548,3274,0.10628887470928662,0.20244070914503104,0.006416821852326393,0.005065517965704203,0.9404398202896118,0.11142374202609062
credit-g,Mitra_GPU,666,334,0.3334889459733499,0.5145194357974114,0.044942013919353485,0.05987468361854553,0.7604790329933167,0.047266945242881775
diabetes,Mitra_GPU,512,256,0.3146725405129404,0.4744568650827929,0.023962192237377167,0.05290677025914192,0.765625,0.04229604825377464
hazelnut-spread-contaminant-detection,Mitra_GPU,1600,800,0.08401413261568491,0.14388514238212916,0.01550726592540741,0.0195352453738451,0.9424999952316284,0.06129774823784828
heloc,Mitra_GPU,6972,3487,0.36297470728638404,0.5428531076326352,0.01222303882241249,0.022398706525564194,0.735589325428009,0.12164431065320969
in_vehicle_coupon_recommendation,Mitra_GPU,8456,4228,0.32239328699828473,0.49358603078020596,0.02454008162021637,0.032919105142354965,0.767029345035553,0.13757817819714546
jm1,Mitra_GPU,7256,3629,0.26671851970239113,0.424869302099301,0.00905983429402113,0.013788359239697456,0.8167539238929749,0.11893291398882866
online_shoppers_intention,Mitra_GPU,8220,4110,0.14114609758965155,0.22592314363416918,0.00844917818903923,0.02006489410996437,0.8987834453582764,0.13660307228565216
polish_companies_bankruptcy,Mitra_GPU,3940,1970,0.04092657502855683,0.07787990914293365,0.009653753601014614,0.018004564568400383,0.9761421084403992,0.0857771523296833
qsar-biodeg,Mitra_GPU,702,352,0.18638923251746087,0.3127125572159227,0.03166737034916878,0.0416594073176384,0.8806818127632141,0.05208346247673035
seismic-bumps,Mitra_GPU,1722,862,0.10877837241438525,0.20190360463535398,0.01065727137029171,0.01908838376402855,0.9338747262954712,0.053400639444589615
taiwanese_bankruptcy_prediction,Mitra_GPU,4546,2273,0.043714473377529615,0.07973110420635952,0.004142235964536667,0.0070851389318704605,0.9718433618545532,0.08777474611997604
APSFailure,TabDPT_GPU,50666,25334,0.011424701455346228,0.020418464785109718,0.001209103036671877,0.0010962120722979307,0.9923028349876404,0.4341867044568062
Amazon_employee_access,TabDPT_GPU,21846,10923,0.0811408036719738,0.1569360723045654,0.003423132002353668,0.005623445380479097,0.9485489130020142,0.24261043593287468
Bank_Customer_Churn,TabDPT_GPU,6666,3334,0.19926654821569026,0.3268583914700931,0.006328968331217766,0.011924250051379204,0.8659268021583557,0.11060655117034912
Bioresponse,TabDPT_GPU,2500,1251,0.2805642270158347,0.4384407497091094,0.024859195575118065,0.041392359882593155,0.8017585873603821,0.06970978155732155
Diabetes130US,TabDPT_GPU,47678,23840,0.1555222064185644,0.2844779131924213,0.005411375313997269,0.002682347083464265,0.9119966626167297,0.4340822547674179
E-CommereShippingData,TabDPT_GPU,7332,3667,0.35677381335705566,0.49967004617864924,0.022175252437591553,0.009693379513919353,0.685846745967865,0.1306062415242195
Fitness_Club,TabDPT_GPU,1000,500,0.3150162926895485,0.4795264759677615,0.02383875846862793,0.05426935851573944,0.7699999809265137,0.055116403847932816
GiveMeSomeCredit,TabDPT_GPU,100000,50000,0.09812036665171216,0.1772747666345128,0.0023609090130776167,0.0025485625956207514,0.9373199939727783,0.8444076664745808
HR_Analytics_Job_Change_of_Data_Scientists,TabDPT_GPU,12772,6386,0.2682363091359322,0.4231574622274471,0.008698813617229462,0.012039612047374249,0.8066082000732422,0.17057748138904572
Is-this-a-good-customer,TabDPT_GPU,1148,575,0.18949836631027137,0.32130950891323606,0.012719422578811646,0.015359706245362759,0.8852173686027527,0.05669040605425835
Marketing_Campaign,TabDPT_GPU,1493,747,0.14244637827623818,0.22783854783238688,0.012578323483467102,0.02761995792388916,0.9036144614219666,0.05889846757054329
NATICUSdroid,TabDPT_GPU,4994,2497,0.08001336837429364,0.13933525512945583,0.006117522716522217,0.013514197431504726,0.9463356137275696,0.09786280989646912
bank-marketing,TabDPT_GPU,30140,15071,0.1720374632488899,0.3003271699717589,0.005265761166810989,0.008495618589222431,0.8937031626701355,0.31392358988523483
blood-transfusion-service-center,TabDPT_GPU,498,250,0.30237925964383894,0.48376432143103876,0.042583685368299484,0.08654874563217163,0.800000011920929,0.04800211265683174
churn,TabDPT_GPU,3333,1667,0.0673665682059903,0.1368129329754776,0.007999757304787636,0.014163392595946789,0.9598080515861511,0.07753961905837059
coil2000_insurance_policies,TabDPT_GPU,6548,3274,0.10733079882123238,0.20715836731567805,0.008056340739130974,0.009956459514796734,0.9404398202896118,0.12016748264431953
credit-g,TabDPT_GPU,666,334,0.3467974707425547,0.5182261850073332,0.03639734536409378,0.06415840238332748,0.71856290102005,0.05010131001472473
credit_card_clients_default,TabDPT_GPU,20000,10000,0.26448101690372716,0.4220380154351764,0.006523435469716787,0.012976983562111855,0.8203999996185303,0.22752301767468452
customer_satisfaction_in_airline,TabDPT_GPU,86586,43294,0.05441940573340689,0.0882023656091352,0.002938215620815754,0.001955303829163313,0.9615882039070129,0.7394764982163906
diabetes,TabDPT_GPU,512,256,0.3094057851087186,0.46837710029599633,0.02327234484255314,0.06257699429988861,0.7578125,0.04845104366540909
hazelnut-spread-contaminant-detection,TabDPT_GPU,1600,800,0.06823775283797674,0.12408260567615743,0.006446912884712219,0.020163221284747124,0.956250011920929,0.0616367943584919
heloc,TabDPT_GPU,6972,3487,0.36653728579861683,0.5480557971099381,0.011838257312774658,0.020542724058032036,0.7344422340393066,0.1263957992196083
in_vehicle_coupon_recommendation,TabDPT_GPU,8456,4228,0.33391513702421466,0.5046396212270516,0.021356191486120224,0.019841203466057777,0.7511826157569885,0.1428750716149807
jm1,TabDPT_GPU,7256,3629,0.25467752380162106,0.40641528366853696,0.008736193180084229,0.016746988520026207,0.8236428499221802,0.1234106793999672
kddcup09_appetency,TabDPT_GPU,33333,16667,0.03419287452984707,0.08037635937043984,0.0013530466239899397,0.0009938239818438888,0.9821803569793701,0.3316403776407242
online_shoppers_intention,TabDPT_GPU,8220,4110,0.1427370582849056,0.23064003438425965,0.008129121735692024,0.013223242945969105,0.8982968330383301,0.14711257070302963
polish_companies_bankruptcy,TabDPT_GPU,3940,1970,0.02956443930768932,0.061408110513797715,0.003366987919434905,0.006939256098121405,0.9817258715629578,0.08960933983325958
qsar-biodeg,TabDPT_GPU,702,352,0.17746230967187832,0.2987603319776317,0.03022557497024536,0.05063629522919655,0.8863636255264282,0.05186682939529419
seismic-bumps,TabDPT_GPU,1722,862,0.10884222923545271,0.2022846713292686,0.012025933712720871,0.01383188460022211,0.9338747262954712,0.061899635940790176
taiwanese_bankruptcy_prediction,TabDPT_GPU,4546,2273,0.043756501510097204,0.07974204298480626,0.005596611648797989,0.007220079656690359,0.9709634780883789,0.08754681050777435
