dataset,model,cal_size,test_size,CDF-Spline_brier,CDF-Spline_logloss,CDF-Spline_kuiper,CDF-Spline_ece-15,CDF-Spline_accuracy,CDF-Spline_time
APSFailure,TabPFN-v2.6,50666,25334,0.008620366708570559,,0.0012264605611562729,0.001847881474532187,0.9944343566894531,0.30943597573786974
Amazon_employee_access,TabPFN-v2.6,21846,10923,0.08130941969187185,0.1557092861469057,0.0033081010915338993,0.005695227533578873,0.9486404657363892,0.12630204437300563
Bank_Customer_Churn,TabPFN-v2.6,6666,3334,0.1960429675572403,,0.0075740814208984375,0.018506236374378204,0.8677264451980591,0.03964561130851507
Bioresponse,TabPFN-v2.6,2500,1251,0.2705623041921723,0.4202708559065197,0.022512629628181458,0.03679895028471947,0.8081534504890442,0.015307793859392405
Diabetes130US,TabPFN-v2.6,47678,23840,0.15342812236713704,0.2795920076280835,0.004380658268928528,0.005945591256022453,0.9121224880218506,0.2849459629505873
E-CommereShippingData,TabPFN-v2.6,7332,3667,0.35481618214328975,,0.01321321725845337,0.007887445390224457,0.6896646022796631,0.04354897374287248
Fitness_Club,TabPFN-v2.6,1000,500,0.31360388346580886,0.4766689705697733,0.022811494767665863,0.048611704260110855,0.7799999713897705,0.006745666731148958
GiveMeSomeCredit,TabPFN-v2.6,100000,50000,0.09740025865098821,0.17547777357509545,0.0013861097395420074,0.00296893622726202,0.9378600120544434,0.5824493588879704
HR_Analytics_Job_Change_of_Data_Scientists,TabPFN-v2.6,12772,6386,0.2680077424521848,0.4228412549566623,0.006348103284835815,0.008814074099063873,0.8064516186714172,0.0733165848068893
Is-this-a-good-customer,TabPFN-v2.6,1148,575,0.18880586007987446,0.3192507826129967,0.01473245956003666,0.017293665558099747,0.886956512928009,0.007585134822875261
Marketing_Campaign,TabPFN-v2.6,1493,747,0.1307982203005572,,0.014852013438940048,0.028823768720030785,0.9076305031776428,0.00944837974384427
NATICUSdroid,TabPFN-v2.6,4994,2497,0.08289903553692854,,0.005916532129049301,0.009851520881056786,0.9443331956863403,0.029307760763913393
bank-marketing,TabPFN-v2.6,30140,15071,0.17192339691145284,0.2994284899980387,0.003983937203884125,0.009996249340474606,0.8933714032173157,0.18466519098728895
blood-transfusion-service-center,TabPFN-v2.6,498,250,0.3178635647205862,0.5085491195426162,0.04798674210906029,0.10410855710506439,0.7919999957084656,0.0035566180013120174
churn,TabPFN-v2.6,3333,1667,0.05742532468264934,,0.007471557706594467,0.014552352018654346,0.9652069807052612,0.019912707153707743
coil2000_insurance_policies,TabPFN-v2.6,6548,3274,0.10548103208238827,,0.005408484488725662,0.0065345726907253265,0.9401344060897827,0.03892036620527506
credit-g,TabPFN-v2.6,666,334,0.3349364288260381,,0.04832051694393158,0.06504186242818832,0.7485029697418213,0.004659985192120075
credit_card_clients_default,TabPFN-v2.6,20000,10000,0.2625629187241757,0.4196398960682951,0.005178478546440601,0.012877549976110458,0.8237000107765198,0.11724405502900481
customer_satisfaction_in_airline,TabPFN-v2.6,86586,43294,0.05263650781169846,,0.0010756850242614746,0.00195901608094573,0.9630202651023865,0.5117803807370365
diabetes,TabPFN-v2.6,512,256,0.3096099140070239,0.4671642458904851,0.02458837628364563,0.07832998037338257,0.74609375,0.003753156866878271
hazelnut-spread-contaminant-detection,TabPFN-v2.6,1600,800,0.06617687680702307,,0.015090049244463444,0.01939227804541588,0.9624999761581421,0.009942624717950821
heloc,TabPFN-v2.6,6972,3487,0.36334375293305016,0.5431387491019524,0.01202782616019249,0.01901361532509327,0.7324347496032715,0.04126121522858739
in_vehicle_coupon_recommendation,TabPFN-v2.6,8456,4228,0.298602938120014,,0.012846395373344421,0.024442747235298157,0.789262056350708,0.048207676969468594
jm1,TabPFN-v2.6,7256,3629,0.25743556321185285,,0.007842373102903366,0.014689789153635502,0.8211628794670105,0.04278423776850104
kddcup09_appetency,TabPFN-v2.6,33333,16667,0.03335406711917278,,0.0017151222564280033,0.0008094171062111855,0.9821803569793701,0.1944374251179397
online_shoppers_intention,TabPFN-v2.6,8220,4110,0.1390030731726164,,0.005871196743100882,0.012607740238308907,0.9034063220024109,0.04786912817507982
polish_companies_bankruptcy,TabPFN-v2.6,3940,1970,0.025350903534969268,,0.004641176201403141,0.008441807702183723,0.9847715497016907,0.023716562893241644
qsar-biodeg,TabPFN-v2.6,702,352,0.1868467031921985,0.3170654829745922,0.03505793586373329,0.0379246361553669,0.8778409361839294,0.004903881810605526
seismic-bumps,TabPFN-v2.6,1722,862,0.1096724921097,,0.007673434913158417,0.012094443663954735,0.9338747262954712,0.010748868808150291
taiwanese_bankruptcy_prediction,TabPFN-v2.6,4546,2273,0.04309513985698437,0.07757736776141047,0.0038897511549293995,0.00823718961328268,0.9718433618545532,0.026492937933653593
APSFailure,TabICLv2,50666,25334,0.007902502553446288,,0.000713297282345593,0.001172124408185482,0.9947501420974731,0.29443496000021696
Amazon_employee_access,TabICLv2,21846,10923,0.08103200929338952,0.15530029217766766,0.0026496881619095802,0.0036049820482730865,0.9488235712051392,0.12598655512556434
Bank_Customer_Churn,TabICLv2,6666,3334,0.19654540135829932,0.3220749909700654,0.010436860844492912,0.024759169667959213,0.8680263757705688,0.03980796504765749
Bioresponse,TabICLv2,2500,1251,0.28992377407149666,0.44855712190593017,0.0276933703571558,0.045308906584978104,0.8001598715782166,0.01463809423148632
Diabetes130US,TabICLv2,47678,23840,0.1541470506353745,0.2813037063767846,0.004002898931503296,0.006510276813060045,0.9119966626167297,0.2785816742107272
E-CommereShippingData,TabICLv2,7332,3667,0.3540898088656578,,0.012024514377117157,0.0037841268349438906,0.6880283355712891,0.043655797839164734
Fitness_Club,TabICLv2,1000,500,0.31391886073840636,0.4760591241777993,0.02107309177517891,0.04713353142142296,0.777999997138977,0.006699584890156984
GiveMeSomeCredit,TabICLv2,100000,50000,0.0973709044627567,0.17553914091438852,0.0010483339428901672,0.002094539115205407,0.9376400113105774,0.5848260400816798
HR_Analytics_Job_Change_of_Data_Scientists,TabICLv2,12772,6386,0.2673596578198951,0.4219405272593512,0.007387347519397736,0.01310587115585804,0.8075477480888367,0.07567513082176447
Is-this-a-good-customer,TabICLv2,1148,575,0.18854172257521526,0.32264436734184093,0.013787560164928436,0.02603224664926529,0.8799999952316284,0.007349508814513683
Marketing_Campaign,TabICLv2,1493,747,0.1347921887018793,,0.014542413875460625,0.030463602393865585,0.8955823183059692,0.009651952888816595
NATICUSdroid,TabICLv2,4994,2497,0.08018122864296985,,0.004653576761484146,0.010369943454861641,0.9459351301193237,0.029504242818802595
bank-marketing,TabICLv2,30140,15071,0.17130056753829215,0.29885425718738756,0.0066244937479496,0.012947981245815754,0.8938358426094055,0.17727176193147898
blood-transfusion-service-center,TabICLv2,498,250,0.3027453685192412,,0.04524680972099304,0.09048251807689667,0.8040000200271606,0.00374349532648921
churn,TabICLv2,3333,1667,0.050082755913608674,,0.011392144486308098,0.01413547433912754,0.9712057709693909,0.020111197140067816
coil2000_insurance_policies,TabICLv2,6548,3274,0.10543328308868823,0.1995415579522823,0.00511567760258913,0.004661486949771643,0.9407452940940857,0.03818530589342117
credit-g,TabICLv2,666,334,0.32924997310829623,,0.04146019369363785,0.05839383974671364,0.7514970302581787,0.004500677343457937
credit_card_clients_default,TabICLv2,20000,10000,0.2617505441219974,0.4183744919388131,0.005096896551549435,0.013297195546329021,0.8228999972343445,0.1159306988120079
customer_satisfaction_in_airline,TabICLv2,86586,43294,0.053006224066449524,,0.0015404615551233292,0.003810747992247343,0.9622118473052979,0.5159492869861424
diabetes,TabICLv2,512,256,0.3026620973411565,0.4598489090222324,0.02478596568107605,0.07780563086271286,0.75390625,0.003748479299247265
hazelnut-spread-contaminant-detection,TabICLv2,1600,800,0.050876618212513394,,0.007185349240899086,0.020098356530070305,0.9637500047683716,0.01020862115547061
heloc,TabICLv2,6972,3487,0.3627056184657306,0.5422443480516604,0.01200617104768753,0.01769283227622509,0.7315744161605835,0.04166161920875311
in_vehicle_coupon_recommendation,TabICLv2,8456,4228,0.31165113728077626,0.47749816989806587,0.010162070393562317,0.023221777752041817,0.7800378203392029,0.04919901629909873
jm1,TabICLv2,7256,3629,0.26147641968300345,0.4134109547901881,0.01924554817378521,0.017972251400351524,0.8200606107711792,0.04186127195134759
kddcup09_appetency,TabICLv2,33333,16667,0.03351997435028672,,0.001796645112335682,0.0016299935523420572,0.9821803569793701,0.19368254719302058
online_shoppers_intention,TabICLv2,8220,4110,0.1405915864275745,,0.006721721962094307,0.011939849704504013,0.9009732604026794,0.04841998405754566
polish_companies_bankruptcy,TabICLv2,3940,1970,0.030835999225610318,,0.007927801460027695,0.0118781216442585,0.9807106852531433,0.02364649996161461
qsar-biodeg,TabICLv2,702,352,0.17272470182401864,0.2990857504011131,0.0341322235763073,0.059630054980516434,0.8863636255264282,0.004856477025896311
seismic-bumps,TabICLv2,1722,862,0.10820958699155385,0.20091630137132765,0.010960385203361511,0.011628534644842148,0.9338747262954712,0.010794923175126314
taiwanese_bankruptcy_prediction,TabICLv2,4546,2273,0.04225483854065288,,0.005325106903910637,0.008112145587801933,0.9709634780883789,0.02644916297867894
APSFailure,RealTabPFN-v2.5,50666,25334,0.008805123164714415,,0.0017638097051531076,0.003076139371842146,0.9945527911186218,0.294861011672765
Amazon_employee_access,RealTabPFN-v2.5,21846,10923,0.08384638630686558,,0.0037779067642986774,0.007994444109499454,0.9480912089347839,0.12762247072532773
Bank_Customer_Churn,RealTabPFN-v2.5,6666,3334,0.1948279642560059,,0.009188121184706688,0.02259979583323002,0.870125949382782,0.038479577749967575
Bioresponse,RealTabPFN-v2.5,2500,1251,0.27121048936176884,0.42376989063622683,0.0232430100440979,0.04649623483419418,0.8065547347068787,0.01526748901233077
Diabetes130US,RealTabPFN-v2.5,47678,23840,0.15404843645209085,0.2817588834626289,0.004681028425693512,0.005486445501446724,0.911912739276886,0.2771418238990009
E-CommereShippingData,RealTabPFN-v2.5,7332,3667,0.3556942552083423,,0.015930086374282837,0.021657802164554596,0.6888464689254761,0.043088069185614586
Fitness_Club,RealTabPFN-v2.5,1000,500,0.3143572098470115,0.47772306327211533,0.021060075610876083,0.056595467031002045,0.7760000228881836,0.006489637307822704
GiveMeSomeCredit,RealTabPFN-v2.5,100000,50000,0.09703984869732848,0.17541100915667882,0.002818044275045395,0.004296471364796162,0.9384199976921082,0.5788000128231943
HR_Analytics_Job_Change_of_Data_Scientists,RealTabPFN-v2.5,12772,6386,0.2678047002536737,0.42300084247895664,0.007265273481607437,0.010977471247315407,0.8070780038833618,0.07434504386037588
Is-this-a-good-customer,RealTabPFN-v2.5,1148,575,0.1956906629744999,0.3343129659112296,0.016980022192001343,0.025167196989059448,0.8695651888847351,0.007505078800022602
Marketing_Campaign,RealTabPFN-v2.5,1493,747,0.1322408577904021,,0.01371021755039692,0.03271869570016861,0.9022757411003113,0.009411318227648735
NATICUSdroid,RealTabPFN-v2.5,4994,2497,0.08439642005855073,,0.006917990744113922,0.009436063468456268,0.9411293268203735,0.029633848927915096
bank-marketing,RealTabPFN-v2.5,30140,15071,0.1722481114972044,0.2998841776550996,0.004274681210517883,0.010746918618679047,0.8927078247070312,0.1734293350018561
blood-transfusion-service-center,RealTabPFN-v2.5,498,250,0.30333222153145983,,0.05075005441904068,0.11738869547843933,0.7919999957084656,0.003720819018781185
churn,RealTabPFN-v2.5,3333,1667,0.05016270529647201,,0.014908893033862114,0.018802104517817497,0.9676064848899841,0.020231300964951515
coil2000_insurance_policies,RealTabPFN-v2.5,6548,3274,0.10637316185263038,0.2021186109253291,0.006863626651465893,0.0084471320733428,0.9401344060897827,0.037685700226575136
credit-g,RealTabPFN-v2.5,666,334,0.3309140315157549,,0.036574993282556534,0.0640874058008194,0.7514970302581787,0.004674325697124004
credit_card_clients_default,RealTabPFN-v2.5,20000,10000,0.26345269611804445,0.4208642576237993,0.007074795663356781,0.016233419999480247,0.8228999972343445,0.11641465174034238
customer_satisfaction_in_airline,RealTabPFN-v2.5,86586,43294,0.053987684422131185,,0.0019293079385533929,0.0040222094394266605,0.9626275897026062,0.5067187240347266
diabetes,RealTabPFN-v2.5,512,256,0.30710541638477173,0.4649078905193223,0.023847848176956177,0.059145718812942505,0.765625,0.003792795818299055
hazelnut-spread-contaminant-detection,RealTabPFN-v2.5,1600,800,0.06504710207694368,,0.009975059889256954,0.011610159650444984,0.9587500095367432,0.009664817247539759
heloc,RealTabPFN-v2.5,6972,3487,0.3636146344989758,0.5446571084657603,0.013616155833005905,0.01787864975631237,0.7312876582145691,0.040214675944298506
in_vehicle_coupon_recommendation,RealTabPFN-v2.5,8456,4228,0.3073909294281799,,0.011718211695551872,0.02759835496544838,0.7833490967750549,0.049637419171631336
jm1,RealTabPFN-v2.5,7256,3629,0.25992487068186654,,0.007839012891054153,0.017137635499238968,0.8181317448616028,0.04351289104670286
kddcup09_appetency,RealTabPFN-v2.5,33333,16667,0.033318947352257516,,0.0017858613282442093,0.0008175789262168109,0.9821803569793701,0.19442132906988263
online_shoppers_intention,RealTabPFN-v2.5,8220,4110,0.1402338510607874,,0.006901211105287075,0.012570835649967194,0.9026764035224915,0.04737222287803888
polish_companies_bankruptcy,RealTabPFN-v2.5,3940,1970,0.05981386690641403,,0.03296308219432831,0.049925174564123154,0.930964469909668,0.023327619303017855
qsar-biodeg,RealTabPFN-v2.5,702,352,0.18497722970235567,,0.03783828020095825,0.04709585756063461,0.8835227489471436,0.004853934049606323
seismic-bumps,RealTabPFN-v2.5,1722,862,0.10787294033678413,,0.007286332547664642,0.008660800755023956,0.9338747262954712,0.010745482053607702
taiwanese_bankruptcy_prediction,RealTabPFN-v2.5,4546,2273,0.04326569027231447,,0.004237435758113861,0.00960585381835699,0.9709634780883789,0.026144064031541348
APSFailure,TabICL_GPU,50666,25334,0.008713992644967774,0.016321707914994567,0.0007185959257185459,0.0016043513314798474,0.9945132732391357,0.2990614250302315
Amazon_employee_access,TabICL_GPU,21846,10923,0.08089233750881428,0.15524072076869078,0.0026207473129034042,0.0061289784498512745,0.9481827616691589,0.126281653996557
Bank_Customer_Churn,TabICL_GPU,6666,3334,0.19960405265457046,0.3267505058402086,0.006868017837405205,0.015338846482336521,0.8650270104408264,0.03839472122490406
Diabetes130US,TabICL_GPU,47678,23840,0.1560539589182998,0.2854145846512861,0.004071202129125595,0.0018452093936502934,0.9119966626167297,0.2750544501468539
E-CommereShippingData,TabICL_GPU,7332,3667,0.3564023392617088,,0.01598154753446579,0.0210432056337595,0.6880283355712891,0.04283918719738722
Fitness_Club,TabICL_GPU,1000,500,0.3135219245825531,0.47715641880954657,0.022378109395503998,0.062000811100006104,0.7839999794960022,0.0066598947159945965
GiveMeSomeCredit,TabICL_GPU,100000,50000,0.09778998885989426,0.17619851093096772,0.0010030316188931465,0.002270424971356988,0.9374200105667114,0.5893402141518891
HR_Analytics_Job_Change_of_Data_Scientists,TabICL_GPU,12772,6386,0.2684399015341863,0.4232022164517914,0.007103811949491501,0.00934682134538889,0.8047291040420532,0.0746894096955657
Is-this-a-good-customer,TabICL_GPU,1148,575,0.1884494219209903,0.32165855693555256,0.017305027693510056,0.02425878494977951,0.8852173686027527,0.007501875050365925
Marketing_Campaign,TabICL_GPU,1493,747,0.14149735638965635,0.2248663958764847,0.014759665355086327,0.035402264446020126,0.8995984196662903,0.009456968866288662
NATICUSdroid,TabICL_GPU,4994,2497,0.0789574383267083,,0.0032504014670848846,0.010525099001824856,0.9467360973358154,0.029435230884701014
bank-marketing,TabICL_GPU,30140,15071,0.17217959633055652,0.29993793796035745,0.004017550498247147,0.008957559242844582,0.8931059837341309,0.17795174987986684
blood-transfusion-service-center,TabICL_GPU,498,250,0.3081856692808879,,0.044839516282081604,0.05924951657652855,0.8119999766349792,0.003750958014279604
churn,TabICL_GPU,3333,1667,0.06677746820949537,,0.0073924376629292965,0.013671709224581718,0.9598080515861511,0.01980768283829093
coil2000_insurance_policies,TabICL_GPU,6548,3274,0.10580061525491057,0.20348213059695086,0.0070900870487093925,0.0043282173573970795,0.9404398202896118,0.039160685148090124
credit-g,TabICL_GPU,666,334,0.3352854505820436,,0.046690527349710464,0.08844421058893204,0.742514967918396,0.004544658120721579
credit_card_clients_default,TabICL_GPU,20000,10000,0.2634782961060858,0.4210617884459275,0.006078449077904224,0.013415414839982986,0.8216000199317932,0.11781770316883922
customer_satisfaction_in_airline,TabICL_GPU,86586,43294,0.057134258166659666,,0.0018723481334745884,0.0033225722145289183,0.9596942067146301,0.5056842262856662
diabetes,TabICL_GPU,512,256,0.31175968419730515,0.47251602772377266,0.022503234446048737,0.06585345417261124,0.7734375,0.003864375874400139
hazelnut-spread-contaminant-detection,TabICL_GPU,1600,800,0.06619996804418236,,0.009627791121602058,0.01586122252047062,0.9587500095367432,0.009909267071634531
heloc,TabICL_GPU,6972,3487,0.36516723200790896,0.5456127930346153,0.011146947741508484,0.017367158085107803,0.7301405072212219,0.040895509999245405
in_vehicle_coupon_recommendation,TabICL_GPU,8456,4228,0.3074271121248625,0.4719829750780674,0.010138444602489471,0.025301307439804077,0.7788552641868591,0.04997388506308198
jm1,TabICL_GPU,7256,3629,0.25578177277902886,0.4077134275932063,0.005467690993100405,0.011499163694679737,0.8230917453765869,0.043495943769812584
kddcup09_appetency,TabICL_GPU,33333,16667,0.03395762591196559,0.07803516933390042,0.002666329499334097,0.0023136676754802465,0.9821803569793701,0.1939229341223836
online_shoppers_intention,TabICL_GPU,8220,4110,0.14145990201898942,,0.007983691990375519,0.013362215831875801,0.8992700576782227,0.048427208326756954
polish_companies_bankruptcy,TabICL_GPU,3940,1970,0.04221792550868579,,0.006200317293405533,0.013215983286499977,0.9730964303016663,0.024068330880254507
qsar-biodeg,TabICL_GPU,702,352,0.17514353057896404,0.29568259544179626,0.03758756443858147,0.047929905354976654,0.8778409361839294,0.005043931771069765
seismic-bumps,TabICL_GPU,1722,862,0.11047415871262502,,0.011765316128730774,0.01922910287976265,0.9338747262954712,0.01074464712291956
taiwanese_bankruptcy_prediction,TabICL_GPU,4546,2273,0.04404053706311038,,0.005112700629979372,0.007598844822496176,0.9718433618545532,0.02653225092217326
Amazon_employee_access,LimiX_GPU,21846,10923,0.08373390463804005,0.16062333175746227,0.006250075530260801,0.008484212681651115,0.9477249979972839,0.1275197989307344
Bank_Customer_Churn,LimiX_GPU,6666,3334,0.19665447945086836,,0.00899791531264782,0.020264972001314163,0.8671265840530396,0.03959937486797571
Bioresponse,LimiX_GPU,2500,1251,0.2746772686475466,,0.02397337555885315,0.0452035553753376,0.7977617979049683,0.015035184100270271
E-CommereShippingData,LimiX_GPU,7332,3667,0.3543305291845453,,0.009094417095184326,0.0059554181061685085,0.6880283355712891,0.04453849978744984
Fitness_Club,LimiX_GPU,1000,500,0.31582268828829835,0.480784060574208,0.01880934089422226,0.038042668253183365,0.7799999713897705,0.006756837945431471
HR_Analytics_Job_Change_of_Data_Scientists,LimiX_GPU,12772,6386,0.2680928859244076,0.4224024221822667,0.007282257080078125,0.01076324749737978,0.8056686520576477,0.07473706314340234
Is-this-a-good-customer,LimiX_GPU,1148,575,0.18940104981199032,0.32393470678103,0.013891346752643585,0.02856731228530407,0.8765217661857605,0.007250182796269655
Marketing_Campaign,LimiX_GPU,1493,747,0.13246605001382128,,0.014927820302546024,0.0224906075745821,0.9036144614219666,0.00919883931055665
NATICUSdroid,LimiX_GPU,4994,2497,0.08458207262882654,,0.007148989476263523,0.012927057221531868,0.9431317448616028,0.029229165986180305
bank-marketing,LimiX_GPU,30140,15071,0.17184002178676708,0.29945164076557107,0.0061785392463207245,0.011548304930329323,0.8934377431869507,0.1744565679691732
blood-transfusion-service-center,LimiX_GPU,498,250,0.3012950156480975,0.4896851713894362,0.04775898903608322,0.09069579839706421,0.7960000038146973,0.003749505151063204
churn,LimiX_GPU,3333,1667,0.06766509475379437,,0.011960092931985855,0.017834125086665154,0.9598080515861511,0.02019064500927925
coil2000_insurance_policies,LimiX_GPU,6548,3274,0.1048648992254356,0.1978819626337696,0.003764430060982704,0.0048292879946529865,0.9404398202896118,0.03749930299818516
credit-g,LimiX_GPU,666,334,0.313291618884538,,0.04445143789052963,0.07439766824245453,0.7994012236595154,0.004683735780417919
credit_card_clients_default,LimiX_GPU,20000,10000,0.2640280965600981,0.4214442904498518,0.005272865295410156,0.012459816411137581,0.8219000101089478,0.11433535115793347
diabetes,LimiX_GPU,512,256,0.3110931043423353,0.4697005959800724,0.027020014822483063,0.05751685053110123,0.75390625,0.003677903674542904
hazelnut-spread-contaminant-detection,LimiX_GPU,1600,800,0.07311920806946864,,0.012918082997202873,0.026944667100906372,0.956250011920929,0.009491404052823782
heloc,LimiX_GPU,6972,3487,0.36290662127735007,0.5431621056886643,0.01873314380645752,0.025708148255944252,0.734728991985321,0.04097213922068477
in_vehicle_coupon_recommendation,LimiX_GPU,8456,4228,0.351971721239555,,0.012923136353492737,0.025370119139552116,0.7438505291938782,0.04845031909644604
jm1,LimiX_GPU,7256,3629,0.2665489825355211,0.42136093857770784,0.010303608141839504,0.01507075410336256,0.8131716847419739,0.041763017885386944
online_shoppers_intention,LimiX_GPU,8220,4110,0.14265325678592902,,0.006348109804093838,0.013504414819180965,0.8982968330383301,0.04767341027036309
polish_companies_bankruptcy,LimiX_GPU,3940,1970,0.05459911928669824,,0.009470098651945591,0.01332986168563366,0.9598984718322754,0.022906124126166105
qsar-biodeg,LimiX_GPU,702,352,0.1742585522955253,0.29986500300387875,0.033277444541454315,0.04648376628756523,0.8892045617103577,0.004834557883441448
seismic-bumps,LimiX_GPU,1722,862,0.10855089334366692,0.2048580340415129,0.010949159972369671,0.014411604031920433,0.9338747262954712,0.010490698739886284
taiwanese_bankruptcy_prediction,LimiX_GPU,4546,2273,0.04375893609347526,,0.005623309873044491,0.008013882674276829,0.9709634780883789,0.02748659998178482
APSFailure,TabM_GPU,50666,25334,0.009062702333664905,,0.001264210557565093,0.0020118069369345903,0.9940396547317505,0.29426678782328963
Amazon_employee_access,TabM_GPU,21846,10923,0.09105549837362764,0.1699000473866185,0.007465209811925888,0.012073340825736523,0.9421404600143433,0.12697008391842246
Bank_Customer_Churn,TabM_GPU,6666,3334,0.19611312983098778,0.3211409347983781,0.007694462779909372,0.01578022725880146,0.8662267327308655,0.03933969000354409
Bioresponse,TabM_GPU,2500,1251,0.283532898983916,0.44293221338119154,0.017690569162368774,0.032121893018484116,0.7881694436073303,0.015125880017876625
Diabetes130US,TabM_GPU,47678,23840,0.1548645608599346,0.2822502338957365,0.004410425201058388,0.005915033631026745,0.9119966626167297,0.27531468076631427
E-CommereShippingData,TabM_GPU,7332,3667,0.36005904208547496,,0.023569472134113312,0.038923002779483795,0.6754840612411499,0.04214431485161185
Fitness_Club,TabM_GPU,1000,500,0.3151527248597614,0.4812658942323935,0.022546879947185516,0.045721232891082764,0.7720000147819519,0.006533319130539894
GiveMeSomeCredit,TabM_GPU,100000,50000,0.09687460338311332,0.1751255262663594,0.00128879863768816,0.003345735603943467,0.9387199878692627,0.5876421215943992
HR_Analytics_Job_Change_of_Data_Scientists,TabM_GPU,12772,6386,0.27071960843894993,0.4256862435479427,0.012938246130943298,0.01936780847609043,0.8026933670043945,0.0749952127225697
Is-this-a-good-customer,TabM_GPU,1148,575,0.1958655564606312,0.3357872462251144,0.0223870649933815,0.043665483593940735,0.8765217661857605,0.007208164315670729
Marketing_Campaign,TabM_GPU,1493,747,0.1428312859386232,0.22619545907522892,0.016220280900597572,0.03050118498504162,0.898259699344635,0.009140873793512583
NATICUSdroid,TabM_GPU,4994,2497,0.08443962875201123,,0.007121317088603973,0.015880009159445763,0.9407289028167725,0.030342673882842064
bank-marketing,TabM_GPU,30140,15071,0.17195676776458335,0.29967161801317554,0.004207724705338478,0.00748798530548811,0.8941012620925903,0.1760206869803369
blood-transfusion-service-center,TabM_GPU,498,250,0.30132846336552743,,0.04303751885890961,0.0698096752166748,0.8040000200271606,0.0037296079099178314
churn,TabM_GPU,3333,1667,0.06845981883072104,,0.018535777926445007,0.027854621410369873,0.9634073376655579,0.020162289962172508
coil2000_insurance_policies,TabM_GPU,6548,3274,0.10619462061675548,0.20347018029961964,0.00784364715218544,0.009309958666563034,0.9404398202896118,0.03781895199790597
credit-g,TabM_GPU,666,334,0.3287944015530034,,0.04045238718390465,0.05579245835542679,0.757485032081604,0.004449527245014906
credit_card_clients_default,TabM_GPU,20000,10000,0.26345834422863823,,0.0063722217455506325,0.011217581108212471,0.8233000040054321,0.1154279331676662
customer_satisfaction_in_airline,TabM_GPU,86586,43294,0.05246496343047044,,0.0009239996434189379,0.0026922214310616255,0.9625121355056763,0.5102683426812291
diabetes,TabM_GPU,512,256,0.3360103487542024,0.5103814444223386,0.04804181680083275,0.08838467299938202,0.765625,0.0035333349369466305
hazelnut-spread-contaminant-detection,TabM_GPU,1600,800,0.10671177331208553,,0.014713292010128498,0.026992639526724815,0.925000011920929,0.010152926202863455
heloc,TabM_GPU,6972,3487,0.3660426381298084,0.5459595102729402,0.013939488679170609,0.023632247000932693,0.7298537492752075,0.04167802399024367
in_vehicle_coupon_recommendation,TabM_GPU,8456,4228,0.3006782710202311,0.4632504624469101,0.013760656118392944,0.023991456255316734,0.7826395630836487,0.04956242488697171
jm1,TabM_GPU,7256,3629,0.2712631521172154,0.43005652538341915,0.006710909307003021,0.013027908280491829,0.8126205801963806,0.04180447617545724
kddcup09_appetency,TabM_GPU,33333,16667,0.033599151308154725,0.07654651344814992,0.0009217620827257633,0.0007757358253002167,0.9821803569793701,0.191726875025779
online_shoppers_intention,TabM_GPU,8220,4110,0.141829955668623,,0.006974511314183474,0.01141281332820654,0.9014598727226257,0.04869673727080226
polish_companies_bankruptcy,TabM_GPU,3940,1970,0.03959314679413567,,0.009674000553786755,0.013478721491992474,0.9751269221305847,0.024173041805624962
qsar-biodeg,TabM_GPU,702,352,0.18244660334670826,0.3075535002593064,0.03410116210579872,0.040183860808610916,0.8892045617103577,0.0049049388617277145
seismic-bumps,TabM_GPU,1722,862,0.11210541354447039,0.20720426115262702,0.01137589942663908,0.015937352553009987,0.9327146410942078,0.010674244724214077
taiwanese_bankruptcy_prediction,TabM_GPU,4546,2273,0.044626918142138164,,0.004898800048977137,0.009612107649445534,0.9718433618545532,0.026704225223511457
APSFailure,RealMLP_GPU,50666,25334,0.011164628103981437,,0.0018799228128045797,0.002995538990944624,0.9926186203956604,0.29311164701357484
Amazon_employee_access,RealMLP_GPU,21846,10923,0.07913924330085925,0.15077275427925255,0.003582015400752425,0.006180864293128252,0.9504714608192444,0.12719092704355717
Bank_Customer_Churn,RealMLP_GPU,6666,3334,0.1978554259746795,,0.008353459648787975,0.017814001068472862,0.8695260882377625,0.038872797042131424
Bioresponse,RealMLP_GPU,2500,1251,0.2781095103112971,0.4367201214965913,0.02281142771244049,0.04077477753162384,0.8025579452514648,0.015432022046297789
Diabetes130US,RealMLP_GPU,47678,23840,0.15329138282391291,0.27917095762620203,0.005597494542598724,0.007503898814320564,0.911912739276886,0.277800380717963
E-CommereShippingData,RealMLP_GPU,7332,3667,0.35763003284552247,,0.0173347070813179,0.029627380892634392,0.6831197142601013,0.04286300390958786
Fitness_Club,RealMLP_GPU,1000,500,0.31776290502334603,0.48598245641473786,0.027026642113924026,0.04346993938088417,0.7699999809265137,0.0067445323802530766
GiveMeSomeCredit,RealMLP_GPU,100000,50000,0.0973035736920454,0.17580534731102643,0.0012166853994131088,0.0026386629324406385,0.9381200075149536,0.5885612168349326
HR_Analytics_Job_Change_of_Data_Scientists,RealMLP_GPU,12772,6386,0.27148579882309076,0.426413885480464,0.00919591635465622,0.013098395429551601,0.801910400390625,0.07545211585238576
Is-this-a-good-customer,RealMLP_GPU,1148,575,0.1868981868510452,0.3185941685459724,0.015002332627773285,0.02248237654566765,0.8834782838821411,0.007661845069378614
Marketing_Campaign,RealMLP_GPU,1493,747,0.14761704471452386,,0.010204877704381943,0.03366818279027939,0.8995984196662903,0.009622649755328894
NATICUSdroid,RealMLP_GPU,4994,2497,0.08319390769926865,,0.0049927495419979095,0.013574380427598953,0.9423307776451111,0.02972646476700902
bank-marketing,RealMLP_GPU,30140,15071,0.1713795801421671,0.29917975523877494,0.0045084273442626,0.006258063949644566,0.8943003416061401,0.17840708512812853
blood-transfusion-service-center,RealMLP_GPU,498,250,0.3022059647254138,0.488253439017907,0.03589969500899315,0.07669787853956223,0.8080000281333923,0.003522320184856653
churn,RealMLP_GPU,3333,1667,0.06763743122874381,,0.02402488887310028,0.027169276028871536,0.9616076946258545,0.020060726907104254
coil2000_insurance_policies,RealMLP_GPU,6548,3274,0.10573735435605572,0.2021386165714403,0.006135308183729649,0.00821181945502758,0.9404398202896118,0.03912666393443942
credit-g,RealMLP_GPU,666,334,0.320782791005833,0.49060493466684163,0.04164993390440941,0.04902635142207146,0.7544910311698914,0.004742358811199665
credit_card_clients_default,RealMLP_GPU,20000,10000,0.26367831115177226,,0.007646472193300724,0.01122246216982603,0.8226000070571899,0.11635761708021164
customer_satisfaction_in_airline,RealMLP_GPU,86586,43294,0.05336550894083899,,0.0012440960854291916,0.0035865213721990585,0.9620270729064941,0.5126268486492336
diabetes,RealMLP_GPU,512,256,0.30427366248617876,,0.021237749606370926,0.032654326409101486,0.7890625,0.0037236358039081097
hazelnut-spread-contaminant-detection,RealMLP_GPU,1600,800,0.08597447641471118,,0.0117906853556633,0.033180419355630875,0.949999988079071,0.00982161471620202
heloc,RealMLP_GPU,6972,3487,0.36230071991600293,0.542116579213274,0.010498926043510437,0.020223071798682213,0.7350157499313354,0.041394824627786875
in_vehicle_coupon_recommendation,RealMLP_GPU,8456,4228,0.3042223667010438,0.46841041594288635,0.018713437020778656,0.027701377868652344,0.7826395630836487,0.04989802557975054
jm1,RealMLP_GPU,7256,3629,0.26721420207367147,0.42327491413958807,0.009325414896011353,0.015436352230608463,0.8142738938331604,0.042021892964839935
kddcup09_appetency,RealMLP_GPU,33333,16667,0.03349567556843847,,0.0018549537053331733,0.0017303862841799855,0.9821803569793701,0.1949425949715078
online_shoppers_intention,RealMLP_GPU,8220,4110,0.14412368170869813,,0.006114749703556299,0.014086971059441566,0.9004865884780884,0.04746054299175739
polish_companies_bankruptcy,RealMLP_GPU,3940,1970,0.043965846617552935,,0.006701619364321232,0.007683366537094116,0.9736040830612183,0.023901638109236956
qsar-biodeg,RealMLP_GPU,702,352,0.17836609771014214,0.31952662344792576,0.037438083440065384,0.06010814756155014,0.8863636255264282,0.004869718104600906
seismic-bumps,RealMLP_GPU,1722,862,0.109062037801525,0.2054052610263911,0.009841766208410263,0.010614403523504734,0.9338747262954712,0.010267144069075584
taiwanese_bankruptcy_prediction,RealMLP_GPU,4546,2273,0.04513592461755004,,0.007199164014309645,0.010213001631200314,0.968323826789856,0.02697579190135002
APSFailure,BetaTabPFN_GPU,50666,25334,0.009362695019716654,,0.0006970707909204066,0.0014403166715055704,0.9938817620277405,0.2998774233274162
Amazon_employee_access,BetaTabPFN_GPU,21846,10923,0.08833268110435817,0.16699035107705443,0.005014113150537014,0.008630247786641121,0.9446122646331787,0.12644763896241784
Bank_Customer_Churn,BetaTabPFN_GPU,6666,3334,0.19626286303045842,,0.008006748743355274,0.015609165653586388,0.8683263063430786,0.037601688876748085
Bioresponse,BetaTabPFN_GPU,2500,1251,0.31016773338280906,0.47376400638631666,0.027226001024246216,0.04449257254600525,0.7753797173500061,0.015514651779085398
Diabetes130US,BetaTabPFN_GPU,47678,23840,0.15515788434923689,0.2834442966607841,0.005791578441858292,0.007332760374993086,0.9119966626167297,0.28229945013299584
E-CommereShippingData,BetaTabPFN_GPU,7332,3667,0.35463939000374184,,0.014932278543710709,0.018742017447948456,0.6880283355712891,0.04285979690030217
Fitness_Club,BetaTabPFN_GPU,1000,500,0.31335374943060007,0.4776899020599199,0.019290344789624214,0.03838484361767769,0.7799999713897705,0.006723253987729549
GiveMeSomeCredit,BetaTabPFN_GPU,100000,50000,0.09729792018864053,0.17599336488112022,0.001728234812617302,0.0031079656910151243,0.9380199909210205,0.5876979571767151
HR_Analytics_Job_Change_of_Data_Scientists,BetaTabPFN_GPU,12772,6386,0.27175122124094864,0.42711337267301097,0.009144853800535202,0.01662316359579563,0.8033197522163391,0.07570729684084654
Is-this-a-good-customer,BetaTabPFN_GPU,1148,575,0.18959384744509603,0.3234232501216256,0.017690163105726242,0.03366707265377045,0.886956512928009,0.007646667305380106
Marketing_Campaign,BetaTabPFN_GPU,1493,747,0.135648872875935,0.2191984910268194,0.016584906727075577,0.028875885531306267,0.9009370803833008,0.009379696100950241
NATICUSdroid,BetaTabPFN_GPU,4994,2497,0.08532405350601135,,0.00429040752351284,0.01283042412251234,0.9423307776451111,0.029449465684592724
bank-marketing,BetaTabPFN_GPU,30140,15071,0.1723952936597232,0.30034568982953397,0.004137959331274033,0.0069970423355698586,0.892906904220581,0.17445228900760412
blood-transfusion-service-center,BetaTabPFN_GPU,498,250,0.31392883672256383,0.5255451273687234,0.056228503584861755,0.11498547345399857,0.8119999766349792,0.0037299869582057
churn,BetaTabPFN_GPU,3333,1667,0.058805779452918046,0.1263707450689887,0.014266891404986382,0.018479470163583755,0.9634073376655579,0.019691600929945707
coil2000_insurance_policies,BetaTabPFN_GPU,6548,3274,0.10564389075856499,,0.005788846872746944,0.003526693908497691,0.9404398202896118,0.03875397797673941
credit-g,BetaTabPFN_GPU,666,334,0.3406849215579447,,0.0469641238451004,0.06369761377573013,0.742514967918396,0.0047105709090828896
credit_card_clients_default,BetaTabPFN_GPU,20000,10000,0.2638037472604825,0.42119269202962606,0.006197384558618069,0.009595604613423347,0.8224999904632568,0.11690574698150158
customer_satisfaction_in_airline,BetaTabPFN_GPU,86586,43294,0.07080452899547983,,0.0020630292128771544,0.004003035835921764,0.9493694305419922,0.5177038060501218
diabetes,BetaTabPFN_GPU,512,256,0.3141540918982747,0.4745881617236447,0.022123727947473526,0.05908416211605072,0.765625,0.003827880136668682
hazelnut-spread-contaminant-detection,BetaTabPFN_GPU,1600,800,0.12487079799600691,,0.015089294873178005,0.033442385494709015,0.9200000166893005,0.01010402012616396
heloc,BetaTabPFN_GPU,6972,3487,0.3639165623048056,0.5435139575566497,0.013130217790603638,0.02257853001356125,0.7287065982818604,0.04053761390969157
in_vehicle_coupon_recommendation,BetaTabPFN_GPU,8456,4228,0.3198832416929776,0.4883890133280835,0.010843724012374878,0.022067004814743996,0.7691580057144165,0.04839819483458996
jm1,BetaTabPFN_GPU,7256,3629,0.2685236158818633,0.42536632017574383,0.0060897450894117355,0.01631254516541958,0.8115183115005493,0.04235569015145302
kddcup09_appetency,BetaTabPFN_GPU,33333,16667,0.03384174682721652,0.07818385390583098,0.0024315272457897663,0.001561650075018406,0.9821803569793701,0.1920178378932178
online_shoppers_intention,BetaTabPFN_GPU,8220,4110,0.14178151839719,,0.00609201192855835,0.008369631133973598,0.9007299542427063,0.04896188294515014
polish_companies_bankruptcy,BetaTabPFN_GPU,3940,1970,0.04501874115461985,,0.007734667509794235,0.011447783559560776,0.9730964303016663,0.023090671747922897
qsar-biodeg,BetaTabPFN_GPU,702,352,0.19800648357444575,0.33696453820659367,0.03249676153063774,0.0485231876373291,0.8721590638160706,0.004908750765025616
seismic-bumps,BetaTabPFN_GPU,1722,862,0.10873366388422043,0.1997036183135953,0.007112750317901373,0.009921734221279621,0.9338747262954712,0.01077743200585246
taiwanese_bankruptcy_prediction,BetaTabPFN_GPU,4546,2273,0.04360248536754567,,0.004272380843758583,0.009511730633676052,0.9727232456207275,0.027018862776458263
APSFailure,ModernNCA_GPU,50666,25334,0.009174610548963522,,0.0018319492228329182,0.0033765826374292374,0.9940791130065918,0.2950347368605435
Amazon_employee_access,ModernNCA_GPU,21846,10923,0.08395742200664426,0.16426995456574567,0.016458148136734962,0.016486525535583496,0.9495559930801392,0.12471558433026075
Bank_Customer_Churn,ModernNCA_GPU,6666,3334,0.19830977900511296,,0.006738648749887943,0.015762539580464363,0.8689262270927429,0.039048719219863415
Bioresponse,ModernNCA_GPU,2500,1251,0.2898178820931282,0.45459753542310427,0.02289525419473648,0.04490775987505913,0.7969624400138855,0.015155900735408068
Diabetes130US,ModernNCA_GPU,47678,23840,0.1544888959480908,0.2820296797756941,0.003332932014018297,0.004734798334538937,0.9119966626167297,0.2778216162696481
E-CommereShippingData,ModernNCA_GPU,7332,3667,0.3603175783223813,,0.023789651691913605,0.035742539912462234,0.6793018579483032,0.042849100194871426
Fitness_Club,ModernNCA_GPU,1000,500,0.32137684519824994,,0.02373504638671875,0.061390433460474014,0.7559999823570251,0.006537351757287979
GiveMeSomeCredit,ModernNCA_GPU,100000,50000,0.09691320431677615,0.17526508392741114,0.0015233163721859455,0.0028969240374863148,0.9385799765586853,0.5823916620574892
HR_Analytics_Job_Change_of_Data_Scientists,ModernNCA_GPU,12772,6386,0.26900369283907766,0.4235165978355928,0.008739419281482697,0.014621072448790073,0.8039461374282837,0.07448765356093645
Is-this-a-good-customer,ModernNCA_GPU,1148,575,0.19135336060204727,0.32639624224533664,0.021029623225331306,0.030279086902737617,0.8852173686027527,0.007840776816010475
Marketing_Campaign,ModernNCA_GPU,1493,747,0.1377935826953045,,0.02223980985581875,0.041293371468782425,0.9036144614219666,0.009428667835891247
NATICUSdroid,ModernNCA_GPU,4994,2497,0.08659765521885321,0.14727267867415034,0.009158842265605927,0.014816164039075375,0.9399279356002808,0.02901063859462738
bank-marketing,ModernNCA_GPU,30140,15071,0.17162066695764597,0.29895384211685055,0.003826618194580078,0.004413710907101631,0.8940349221229553,0.17687631072476506
blood-transfusion-service-center,ModernNCA_GPU,498,250,0.31625222768884087,0.5178577032946704,0.04358188062906265,0.0831909328699112,0.7960000038146973,0.003791671246290207
churn,ModernNCA_GPU,3333,1667,0.06336361217181184,,0.01199442520737648,0.01772119849920273,0.9610077738761902,0.020157660357654095
coil2000_insurance_policies,ModernNCA_GPU,6548,3274,0.10637245981453532,,0.007907846942543983,0.009141039103269577,0.9404398202896118,0.03768732491880655
credit-g,ModernNCA_GPU,666,334,0.34140621585645115,0.5158948307381833,0.041511550545692444,0.047865062952041626,0.742514967918396,0.004372903611510992
credit_card_clients_default,ModernNCA_GPU,20000,10000,0.26334203683744584,0.4207860711393907,0.006830012425780296,0.012761811725795269,0.8234999775886536,0.11644383380189538
customer_satisfaction_in_airline,ModernNCA_GPU,86586,43294,0.0550386198568902,,0.0019774455577135086,0.005845272913575172,0.9611031413078308,0.49696979904547334
diabetes,ModernNCA_GPU,512,256,0.323787964030253,0.48837153713449055,0.03200163319706917,0.09035076200962067,0.7578125,0.0038605867885053158
hazelnut-spread-contaminant-detection,ModernNCA_GPU,1600,800,0.08457126314694013,,0.012557562440633774,0.03237205371260643,0.9449999928474426,0.009863219689577818
heloc,ModernNCA_GPU,6972,3487,0.36257133224341453,0.5420427436243519,0.012419924139976501,0.01930965855717659,0.7327215075492859,0.040261439979076385
in_vehicle_coupon_recommendation,ModernNCA_GPU,8456,4228,0.31512000479284813,0.4844951964679561,0.026304446160793304,0.05204176902770996,0.7736518383026123,0.04980055522173643
jm1,ModernNCA_GPU,7256,3629,0.2639531483952743,0.4178842839801344,0.007946789264678955,0.015257987193763256,0.8142738938331604,0.04238217696547508
kddcup09_appetency,ModernNCA_GPU,33333,16667,0.03388504795238109,0.07800452180375073,0.0018140776082873344,0.0015551551477983594,0.9821803569793701,0.18761188397184014
online_shoppers_intention,ModernNCA_GPU,8220,4110,0.14014056371629102,,0.006206760182976723,0.012932122685015202,0.9007299542427063,0.046396415680646896
polish_companies_bankruptcy,ModernNCA_GPU,3940,1970,0.038835568606628415,,0.009304963052272797,0.0149146169424057,0.9766497611999512,0.02228759229183197
qsar-biodeg,ModernNCA_GPU,702,352,0.19074904328190403,,0.02626301348209381,0.0632692277431488,0.8551136255264282,0.00458480091765523
seismic-bumps,ModernNCA_GPU,1722,862,0.11080986314854996,0.206035237604083,0.01290648989379406,0.008981128223240376,0.9338747262954712,0.01051332801580429
taiwanese_bankruptcy_prediction,ModernNCA_GPU,4546,2273,0.043746480043749605,0.08147692548461609,0.005672742612659931,0.010092348791658878,0.9727232456207275,0.026561918668448925
Bank_Customer_Churn,Mitra_GPU,6666,3334,0.19596884308206355,,0.007793127559125423,0.018112652003765106,0.8689262270927429,0.0370465531013906
E-CommereShippingData,Mitra_GPU,7332,3667,0.35489696584473973,,0.014277413487434387,0.01489308476448059,0.6844832301139832,0.04119430109858513
Fitness_Club,Mitra_GPU,1000,500,0.3124592366178906,0.47626352473476846,0.019882801920175552,0.04142330214381218,0.777999997138977,0.005959666799753904
Is-this-a-good-customer,Mitra_GPU,1148,575,0.1916129026811106,0.32741288711600697,0.01265028864145279,0.02259259670972824,0.8852173686027527,0.006897747050970793
Marketing_Campaign,Mitra_GPU,1493,747,0.13509033994601846,,0.015134923160076141,0.03545302152633667,0.8969210386276245,0.009263457264751196
NATICUSdroid,Mitra_GPU,4994,2497,0.08421464780286918,,0.0060730138793587685,0.009110459126532078,0.9407289028167725,0.028830778785049915
blood-transfusion-service-center,Mitra_GPU,498,250,0.3097322336036756,0.4991256949741368,0.05240340530872345,0.10592816025018692,0.8119999766349792,0.003364529926329851
churn,Mitra_GPU,3333,1667,0.04157310148708336,0.09815423456057132,0.01231589075177908,0.01681397669017315,0.9772045612335205,0.018431284930557013
coil2000_insurance_policies,Mitra_GPU,6548,3274,0.10610282862126275,,0.005640649236738682,0.005317934323102236,0.9404398202896118,0.03810684196650982
credit-g,Mitra_GPU,666,334,0.3314768161762985,,0.04325220361351967,0.07134980708360672,0.7604790329933167,0.004260710906237364
diabetes,Mitra_GPU,512,256,0.3091746191118727,0.46531602705380715,0.02140013501048088,0.0508856400847435,0.7578125,0.0034392629750072956
hazelnut-spread-contaminant-detection,Mitra_GPU,1600,800,0.08358663167334016,,0.011936887167394161,0.023311665281653404,0.9412500262260437,0.009271994698792696
heloc,Mitra_GPU,6972,3487,0.36229082871742696,0.5424050534907274,0.017909929156303406,0.022791577503085136,0.7361629009246826,0.04007253609597683
in_vehicle_coupon_recommendation,Mitra_GPU,8456,4228,0.3217903605566525,,0.017344482243061066,0.031278036534786224,0.7689214944839478,0.04796375008299947
jm1,Mitra_GPU,7256,3629,0.2663222703663498,0.4225681268607775,0.0070599764585494995,0.014682471752166748,0.8184072971343994,0.0399273787625134
online_shoppers_intention,Mitra_GPU,8220,4110,0.1404789001209782,,0.006629523355513811,0.014002057723701,0.899756669998169,0.04710492771118879
polish_companies_bankruptcy,Mitra_GPU,3940,1970,0.039915757103861554,,0.009180868975818157,0.01669377088546753,0.9746192693710327,0.022309205029159784
qsar-biodeg,Mitra_GPU,702,352,0.18847638915733597,,0.03427630662918091,0.04977843910455704,0.8607954382896423,0.004714531358331442
seismic-bumps,Mitra_GPU,1722,862,0.10793958447066511,,0.010934211313724518,0.014507506042718887,0.9338747262954712,0.010352656245231628
taiwanese_bankruptcy_prediction,Mitra_GPU,4546,2273,0.04328045670488682,,0.004312191624194384,0.0066328453831374645,0.9705235362052917,0.02542838826775551
APSFailure,TabDPT_GPU,50666,25334,0.011328524024039163,,0.0008498893585056067,0.001642115181311965,0.9921844005584717,0.28859647596254945
Amazon_employee_access,TabDPT_GPU,21846,10923,0.08155648430404415,,0.0035360120236873627,0.005336107220500708,0.9485489130020142,0.12152037816122174
Bank_Customer_Churn,TabDPT_GPU,6666,3334,0.20018832007400802,0.32778864877332314,0.008120513521134853,0.014124767854809761,0.86652672290802,0.03822930436581373
Bioresponse,TabDPT_GPU,2500,1251,0.2786950829523753,0.43527171314324126,0.022749587893486023,0.03519893437623978,0.8009592294692993,0.014233314897865057
Diabetes130US,TabDPT_GPU,47678,23840,0.15572474833837116,0.2848519854290467,0.00430813804268837,0.003421405330300331,0.9119966626167297,0.2682133070193231
E-CommereShippingData,TabDPT_GPU,7332,3667,0.3571537630063597,,0.021270930767059326,0.01356581225991249,0.6877556443214417,0.04153619799762964
Fitness_Club,TabDPT_GPU,1000,500,0.32225066469325603,0.4885548886810676,0.03464552015066147,0.06715831160545349,0.7680000066757202,0.006468877196311951
GiveMeSomeCredit,TabDPT_GPU,100000,50000,0.09796048863549466,0.17700414346617513,0.0011615827679634094,0.002413890091702342,0.9374200105667114,0.5681640841066837
HR_Analytics_Job_Change_of_Data_Scientists,TabDPT_GPU,12772,6386,0.2695696622412886,0.42495802443658925,0.008741065859794617,0.015600145794451237,0.8028500080108643,0.07176206959411502
Is-this-a-good-customer,TabDPT_GPU,1148,575,0.19135538594884782,0.3224914071595234,0.013924717903137207,0.0249932911247015,0.8765217661857605,0.007540616672486067
Marketing_Campaign,TabDPT_GPU,1493,747,0.143839027915158,,0.01392386108636856,0.03598510101437569,0.9009370803833008,0.009324983693659306
NATICUSdroid,TabDPT_GPU,4994,2497,0.08594718277047518,,0.010507947765290737,0.015946121886372566,0.9471365809440613,0.028605239000171423
bank-marketing,TabDPT_GPU,30140,15071,0.1719251289085909,0.30015934335759786,0.0038401156198233366,0.0054997666738927364,0.8935704231262207,0.17261524824425578
blood-transfusion-service-center,TabDPT_GPU,498,250,0.29955275923420666,,0.04137684404850006,0.07589993625879288,0.800000011920929,0.0035154912620782852
churn,TabDPT_GPU,3333,1667,0.06941092955402799,,0.01790756918489933,0.019917484372854233,0.9604079127311707,0.018940029200166464
coil2000_insurance_policies,TabDPT_GPU,6548,3274,0.10728486287583659,0.20731175623987913,0.007898514159023762,0.011205115355551243,0.9404398202896118,0.0367433512583375
credit-g,TabDPT_GPU,666,334,0.34483613035150185,,0.03947612643241882,0.06124215945601463,0.71856290102005,0.00446165818721056
credit_card_clients_default,TabDPT_GPU,20000,10000,0.2645985229554361,,0.0055735185742378235,0.013913623057305813,0.8210999965667725,0.11267900560051203
customer_satisfaction_in_airline,TabDPT_GPU,86586,43294,0.05454329753613884,,0.0024897120893001556,0.004141875542700291,0.9614034295082092,0.48251036228612065
diabetes,TabDPT_GPU,512,256,0.3076631242826406,0.46526485808011864,0.022745300084352493,0.060812462121248245,0.76171875,0.003693627193570137
hazelnut-spread-contaminant-detection,TabDPT_GPU,1600,800,0.0666425507037907,,0.010849451646208763,0.026066699996590614,0.956250011920929,0.009801011998206377
heloc,TabDPT_GPU,6972,3487,0.3657895830136994,0.546372972598271,0.010265618562698364,0.021576950326561928,0.7321479916572571,0.0396930705755949
in_vehicle_coupon_recommendation,TabDPT_GPU,8456,4228,0.33304077355997685,,0.009682681411504745,0.024046819657087326,0.7511826157569885,0.04755168501287699
jm1,TabDPT_GPU,7256,3629,0.25760306996030075,,0.013389930129051208,0.021405469626188278,0.8244695663452148,0.040244277101010084
kddcup09_appetency,TabDPT_GPU,33333,16667,0.034265357393768445,0.08118294607751021,0.001783604035153985,0.0016591090243309736,0.9821803569793701,0.18690543808043003
online_shoppers_intention,TabDPT_GPU,8220,4110,0.1421459410431458,0.23005369764012157,0.006613276898860931,0.012136186473071575,0.8992700576782227,0.04765414400026202
polish_companies_bankruptcy,TabDPT_GPU,3940,1970,0.0307749727205243,,0.004766246769577265,0.010068176314234734,0.9796954393386841,0.022140128072351217
qsar-biodeg,TabDPT_GPU,702,352,0.19341927922337582,,0.0249863862991333,0.05242709070444107,0.8835227489471436,0.004834717605262995
seismic-bumps,TabDPT_GPU,1722,862,0.10771098345471417,0.20041521238575025,0.010079829022288322,0.014942566864192486,0.9338747262954712,0.01068294933065772
taiwanese_bankruptcy_prediction,TabDPT_GPU,4546,2273,0.04334517189488299,,0.005323794204741716,0.009338065050542355,0.9727232456207275,0.02631295472383499
