dataset,model,cal_size,test_size,LightGBM_brier,LightGBM_logloss,LightGBM_kuiper,LightGBM_ece-15,LightGBM_accuracy,LightGBM_time
APSFailure,TabPFN-v2.6,50666,25334,0.008471186957193788,0.015921403545718155,0.0008703889907337725,0.0014795573661103845,0.9944343566894531,1.1999953552149236
Amazon_employee_access,TabPFN-v2.6,21846,10923,0.08139883273625288,0.15627662423307723,0.003988161683082581,0.0070592984557151794,0.9491897821426392,0.5106974150985479
Bank_Customer_Churn,TabPFN-v2.6,6666,3334,0.19748429593783512,0.3237536028834514,0.006522142328321934,0.017320452257990837,0.8659268021583557,0.2089618816971779
Bioresponse,TabPFN-v2.6,2500,1251,0.2739888266592667,0.4290500711249993,0.028818204998970032,0.052880242466926575,0.8073540925979614,0.09908194094896317
Diabetes130US,TabPFN-v2.6,47678,23840,0.1535465681097004,0.279797158034418,0.003917019814252853,0.004495315719395876,0.9119966626167297,1.0625644731335342
E-CommereShippingData,TabPFN-v2.6,7332,3667,0.3556476477780491,0.49705138275733446,0.01626121997833252,0.01620197668671608,0.6833924055099487,0.23808319913223386
Fitness_Club,TabPFN-v2.6,1000,500,0.3169211953923179,0.48326506664305807,0.025413725525140762,0.0539698526263237,0.7580000162124634,0.05044816015288234
GiveMeSomeCredit,TabPFN-v2.6,100000,50000,0.09746495511607656,0.1758046993741716,0.0016315430402755737,0.002952046226710081,0.9379000067710876,2.4870280693285167
HR_Analytics_Job_Change_of_Data_Scientists,TabPFN-v2.6,12772,6386,0.26936730577316564,0.4250026092332257,0.009941466152668,0.01894952915608883,0.8008142709732056,0.33268614672124386
Is-this-a-good-customer,TabPFN-v2.6,1148,575,0.19239915870752408,0.32907784866659534,0.01570705510675907,0.03655116632580757,0.8852173686027527,0.05179212102666497
Marketing_Campaign,TabPFN-v2.6,1493,747,0.13408927951765984,0.21979750516244909,0.019424453377723694,0.036013320088386536,0.9062918424606323,0.06579313986003399
NATICUSdroid,TabPFN-v2.6,4994,2497,0.08336350885517214,0.14394286875662454,0.005530886352062225,0.01223098486661911,0.945134162902832,0.18255912279710174
bank-marketing,TabPFN-v2.6,30140,15071,0.17189249828427322,0.29954338831537963,0.005466577596962452,0.006901472341269255,0.8937695026397705,0.6652371273376048
blood-transfusion-service-center,TabPFN-v2.6,498,250,0.33410809650455847,0.5347204431613702,0.06170670688152313,0.11903701722621918,0.7919999957084656,0.04079014202579856
churn,TabPFN-v2.6,3333,1667,0.0586993069730465,0.12125961788154269,0.0085773766040802,0.014868028461933136,0.9646070599555969,0.12436757236719131
coil2000_insurance_policies,TabPFN-v2.6,6548,3274,0.10580169844403682,0.2006286734116845,0.0073847696185112,0.007273896597325802,0.9404398202896118,0.19500201707705855
credit-g,TabPFN-v2.6,666,334,0.34142646814439487,0.5143801481279099,0.03391575068235397,0.06580453366041183,0.7395209670066833,0.044356487691402435
credit_card_clients_default,TabPFN-v2.6,20000,10000,0.2629687278175518,0.4202342160885623,0.006184805184602737,0.01133636198937893,0.8233000040054321,0.4900179598480463
customer_satisfaction_in_airline,TabPFN-v2.6,86586,43294,0.052727262700232716,0.08404217514091636,0.0011303736828267574,0.0022355997934937477,0.9628816843032837,2.203556261025369
diabetes,TabPFN-v2.6,512,256,0.3119834523535249,0.47416961074600344,0.025527890771627426,0.06579262763261795,0.78125,0.04204269824549556
hazelnut-spread-contaminant-detection,TabPFN-v2.6,1600,800,0.06986858927923176,0.1248381120404316,0.012981539592146873,0.018191145732998848,0.9599999785423279,0.08500446891412139
heloc,TabPFN-v2.6,6972,3487,0.3636140115590979,0.5432550300244838,0.012945413589477539,0.01883602887392044,0.7332950830459595,0.20031199604272842
in_vehicle_coupon_recommendation,TabPFN-v2.6,8456,4228,0.2989189105179228,0.4623438963301848,0.01559825986623764,0.028110409155488014,0.7904446721076965,0.2594255651347339
jm1,TabPFN-v2.6,7256,3629,0.25798546376182424,0.41052943108181794,0.009819507598876953,0.01934000849723816,0.8219895362854004,0.2128904010169208
kddcup09_appetency,TabPFN-v2.6,33333,16667,0.03341604227529697,0.07578890964998078,0.0020205043256282806,0.0018044911557808518,0.9821803569793701,0.7233242420479655
online_shoppers_intention,TabPFN-v2.6,8220,4110,0.13918010260491315,0.2237573406614207,0.0070319464430212975,0.01012351643294096,0.9034063220024109,0.27428739331662655
polish_companies_bankruptcy,TabPFN-v2.6,3940,1970,0.024890210560272467,0.050087769162293475,0.0038339889142662287,0.0071227396838366985,0.9862943887710571,0.13970072800293565
qsar-biodeg,TabPFN-v2.6,702,352,0.1961982168792627,0.3297435086265362,0.0327383428812027,0.05981598421931267,0.8494318127632141,0.053705587051808834
seismic-bumps,TabPFN-v2.6,1722,862,0.11186760693952717,0.20585517224995764,0.010086903348565102,0.01610163226723671,0.9338747262954712,0.07284053694456816
taiwanese_bankruptcy_prediction,TabPFN-v2.6,4546,2273,0.04348320178139674,0.07937742206780486,0.005097592249512672,0.008152139373123646,0.9714034199714661,0.14309178804978728
APSFailure,TabICLv2,50666,25334,0.008001377697293588,0.014656375119495144,0.0009039884898811579,0.001320309704169631,0.9947106838226318,1.224164626095444
Amazon_employee_access,TabICLv2,21846,10923,0.08106883394820934,0.1554913010758674,0.0029424596577882767,0.004891582764685154,0.9488235712051392,0.5136518809013069
Bank_Customer_Churn,TabICLv2,6666,3334,0.19711859729264844,0.32227624139590794,0.010322789661586285,0.020930051803588867,0.86652672290802,0.2174047790467739
Bioresponse,TabICLv2,2500,1251,0.29312208891081387,0.4555846434454001,0.030584748834371567,0.05329490825533867,0.7993605136871338,0.09325584908947349
Diabetes130US,TabICLv2,47678,23840,0.1541731907989572,0.2813101750572454,0.004056461155414581,0.005938630551099777,0.9119966626167297,1.0291522108018398
E-CommereShippingData,TabICLv2,7332,3667,0.3539862396837313,0.4956363019658968,0.01159553974866867,0.005671338643878698,0.6872102618217468,0.2375480718910694
Fitness_Club,TabICLv2,1000,500,0.3152919885261209,0.4793758865671722,0.024204660207033157,0.04399144649505615,0.7639999985694885,0.059096142649650574
GiveMeSomeCredit,TabICLv2,100000,50000,0.09750238889545286,0.17580757720716628,0.0014036186039447784,0.002130695851519704,0.9376999735832214,2.412280471995473
HR_Analytics_Job_Change_of_Data_Scientists,TabICLv2,12772,6386,0.2676104339664084,0.4226295083436362,0.011486433446407318,0.01948091946542263,0.8075477480888367,0.3254270232282579
Is-this-a-good-customer,TabICLv2,1148,575,0.1966967642807227,0.3365045068623047,0.015495959669351578,0.037366773933172226,0.8852173686027527,0.05245610419660807
Marketing_Campaign,TabICLv2,1493,747,0.14167467679588905,0.22311853415621372,0.011128868907690048,0.013899796642363071,0.8955823183059692,0.07993607083335519
NATICUSdroid,TabICLv2,4994,2497,0.08084016663574306,0.13890880244392814,0.0045719146728515625,0.009160141460597515,0.9459351301193237,0.18876592116430402
bank-marketing,TabICLv2,30140,15071,0.17159997222908652,0.29959866678521285,0.008136117830872536,0.01084982231259346,0.8943003416061401,0.6701270160265267
blood-transfusion-service-center,TabICLv2,498,250,0.30893477303359657,0.49713314886729465,0.04255823791027069,0.10536852478981018,0.7799999713897705,0.04058457212522626
churn,TabICLv2,3333,1667,0.05040783074578631,0.11122377199249983,0.012358680367469788,0.01149189006537199,0.9694061279296875,0.12698194989934564
coil2000_insurance_policies,TabICLv2,6548,3274,0.10602718633443113,0.20134767450161534,0.004860246554017067,0.00515688257291913,0.9404398202896118,0.18616623105481267
credit-g,TabICLv2,666,334,0.33195245188039546,0.5035284508383429,0.04067978262901306,0.0638173297047615,0.7634730339050293,0.044820819050073624
credit_card_clients_default,TabICLv2,20000,10000,0.2616835813792137,0.41859570049286304,0.006165379658341408,0.008359983563423157,0.8230999708175659,0.5149969160556793
customer_satisfaction_in_airline,TabICLv2,86586,43294,0.053100363882707696,0.08439876942464472,0.0016184044070541859,0.002684648847207427,0.9622118473052979,2.2449475349858403
diabetes,TabICLv2,512,256,0.31701874211679165,0.4829000450564943,0.04087619483470917,0.07317905873060226,0.7890625,0.04280282324180007
hazelnut-spread-contaminant-detection,TabICLv2,1600,800,0.05321297100760291,0.09344307939689213,0.007255956530570984,0.020632799714803696,0.9662500023841858,0.08792175306007266
heloc,TabICLv2,6972,3487,0.3645481303390229,0.5445328664645273,0.010838527232408524,0.021030623465776443,0.7289934158325195,0.23095664801076055
in_vehicle_coupon_recommendation,TabICLv2,8456,4228,0.31092796557699937,0.4768916632606152,0.01117376983165741,0.021639294922351837,0.7802743911743164,0.26336628617718816
jm1,TabICLv2,7256,3629,0.2608674803177778,0.4131113947774259,0.017116982489824295,0.01631101407110691,0.8197850584983826,0.20629959600046277
kddcup09_appetency,TabICLv2,33333,16667,0.033592926799394164,0.0765977261911887,0.001566487830132246,0.0008519214461557567,0.9821803569793701,0.6977680078707635
online_shoppers_intention,TabICLv2,8220,4110,0.14126695446648185,0.22587946050590885,0.006784864701330662,0.012904448434710503,0.8995133638381958,0.27451559994369745
polish_companies_bankruptcy,TabICLv2,3940,1970,0.02994763099028674,0.06118558783736166,0.007636296562850475,0.013035892508924007,0.9842639565467834,0.1367494948208332
qsar-biodeg,TabICLv2,702,352,0.1792937369623112,0.30376804445256633,0.03359033539891243,0.06376219540834427,0.8863636255264282,0.052553212735801935
seismic-bumps,TabICLv2,1722,862,0.11529969505015729,0.21524254036469428,0.009816306643188,0.009483878500759602,0.9338747262954712,0.07699022721499205
taiwanese_bankruptcy_prediction,TabICLv2,4546,2273,0.043769475378456046,0.08069551786559805,0.0047501130029559135,0.00880623422563076,0.9705235362052917,0.13662146404385567
APSFailure,RealTabPFN-v2.5,50666,25334,0.008691583025749024,0.016508569760066063,0.0006308791926130652,0.001245992025360465,0.9944738149642944,1.179794805124402
Amazon_employee_access,RealTabPFN-v2.5,21846,10923,0.0825125174035725,0.15811730991212922,0.003090202808380127,0.00493195652961731,0.9482742547988892,0.4711738647893071
Bank_Customer_Churn,RealTabPFN-v2.5,6666,3334,0.19577407465403265,0.3215013525786956,0.007826867513358593,0.020001951605081558,0.871025800704956,0.20514335483312607
Bioresponse,RealTabPFN-v2.5,2500,1251,0.27406976118167486,0.428985591389079,0.026100125163793564,0.04006437584757805,0.808952808380127,0.10077652614563704
Diabetes130US,RealTabPFN-v2.5,47678,23840,0.1540891665082094,0.28146106489138906,0.0045211436226964,0.005235215649008751,0.9118707776069641,1.0412786798551679
E-CommereShippingData,RealTabPFN-v2.5,7332,3667,0.35544359217867877,0.4967766408951425,0.013924673199653625,0.01663251593708992,0.6793018579483032,0.23098122095689178
Fitness_Club,RealTabPFN-v2.5,1000,500,0.31308679474052253,0.47763154114536,0.023984301835298538,0.044121988117694855,0.7620000243186951,0.05245908396318555
GiveMeSomeCredit,RealTabPFN-v2.5,100000,50000,0.09711621961475803,0.17571216224510677,0.00291085010394454,0.004282933194190264,0.9383999705314636,2.2563871359452605
HR_Analytics_Job_Change_of_Data_Scientists,RealTabPFN-v2.5,12772,6386,0.2683206698003344,0.42376313162125795,0.009824097156524658,0.016842974349856377,0.8072345852851868,0.3045619218610227
Is-this-a-good-customer,RealTabPFN-v2.5,1148,575,0.19545939039978025,0.33476234679118877,0.01580672711133957,0.01967170089483261,0.8695651888847351,0.04890520218759775
Marketing_Campaign,RealTabPFN-v2.5,1493,747,0.13525832754021172,0.218624432803912,0.01657950133085251,0.03289969637989998,0.9009370803833008,0.06962647289037704
NATICUSdroid,RealTabPFN-v2.5,4994,2497,0.08560215601050448,0.14702340414813353,0.006963742431253195,0.011969860643148422,0.9391269683837891,0.17782341223210096
bank-marketing,RealTabPFN-v2.5,30140,15071,0.17144889794094384,0.29906461203618756,0.004029145929962397,0.006383283529430628,0.8943666815757751,0.6637127459980547
blood-transfusion-service-center,RealTabPFN-v2.5,498,250,0.30492602537050073,0.47694984958538145,0.039900656789541245,0.05190332606434822,0.7799999713897705,0.03972564125433564
churn,RealTabPFN-v2.5,3333,1667,0.04952137826045226,0.10705748614370177,0.00880470871925354,0.013806137256324291,0.9694061279296875,0.1216961252503097
coil2000_insurance_policies,RealTabPFN-v2.5,6548,3274,0.10553683400224631,0.20111672878835782,0.005304710473865271,0.004075697623193264,0.9404398202896118,0.1749582472257316
credit-g,RealTabPFN-v2.5,666,334,0.33322711269390276,0.5037663669936123,0.02951829880475998,0.058326296508312225,0.7485029697418213,0.0437086122110486
credit_card_clients_default,RealTabPFN-v2.5,20000,10000,0.2625195897830651,0.4197833534494412,0.006319403648376465,0.01300660241395235,0.8230000138282776,0.47281422978267074
customer_satisfaction_in_airline,RealTabPFN-v2.5,86586,43294,0.05392011477853436,0.0871116194385144,0.0012244973331689835,0.002464689314365387,0.9625583291053772,2.160019067581743
diabetes,RealTabPFN-v2.5,512,256,0.31174243595912754,0.47311185432296443,0.02321724407374859,0.06273622065782547,0.77734375,0.036213030107319355
hazelnut-spread-contaminant-detection,RealTabPFN-v2.5,1600,800,0.0659357601420493,0.11699725489604017,0.008910298347473145,0.011198166757822037,0.9587500095367432,0.07612026808783412
heloc,RealTabPFN-v2.5,6972,3487,0.3659772020451615,0.5462248493672164,0.014258384704589844,0.01940845511853695,0.7307140827178955,0.20007643289864063
in_vehicle_coupon_recommendation,RealTabPFN-v2.5,8456,4228,0.30771698967527855,0.4724501099658134,0.014472663402557373,0.02924312651157379,0.7816934585571289,0.23833210300654173
jm1,RealTabPFN-v2.5,7256,3629,0.26106158670671475,0.41448376860819897,0.012926924973726273,0.0196511372923851,0.8173050284385681,0.18084524106234312
kddcup09_appetency,RealTabPFN-v2.5,33333,16667,0.03341294896936326,0.07566072075255932,0.0015779724344611168,0.0016659522661939263,0.9821803569793701,0.6490895692259073
online_shoppers_intention,RealTabPFN-v2.5,8220,4110,0.13909546748676122,0.2235993353879557,0.0046605877578258514,0.009423444978892803,0.9024330973625183,0.26219701999798417
polish_companies_bankruptcy,RealTabPFN-v2.5,3940,1970,0.022450524808687634,0.04911933123058845,0.005359881091862917,0.006751445587724447,0.9873096346855164,0.13075874792411923
qsar-biodeg,RealTabPFN-v2.5,702,352,0.18708260111208455,0.3135708989539708,0.029570521786808968,0.043012529611587524,0.8693181872367859,0.05382404988631606
seismic-bumps,RealTabPFN-v2.5,1722,862,0.11062735645892562,0.20303594208758766,0.01073739305138588,0.019128819927573204,0.9338747262954712,0.06630252581089735
taiwanese_bankruptcy_prediction,RealTabPFN-v2.5,4546,2273,0.04377576950390673,0.0808666121775567,0.004416266921907663,0.007548014633357525,0.9714034199714661,0.14079174399375916
APSFailure,TabICL_GPU,50666,25334,0.008798571356093146,0.016490982873823296,0.0009222864173352718,0.001544533995911479,0.9945132732391357,1.1059549823403358
Amazon_employee_access,TabICL_GPU,21846,10923,0.08086875540662333,0.15554677401871847,0.002149081788957119,0.0037564621306955814,0.9479081034660339,0.5142673635855317
Bank_Customer_Churn,TabICL_GPU,6666,3334,0.20030445783176887,0.32874817376963783,0.0071478188037872314,0.015767689794301987,0.8647270798683167,0.20610012579709291
Diabetes130US,TabICL_GPU,47678,23840,0.15604896143634114,0.28545528676260323,0.0038703270256519318,0.0026716941501945257,0.9119966626167297,1.0240573901683092
E-CommereShippingData,TabICL_GPU,7332,3667,0.35772706063862614,0.4996249792885405,0.021702565252780914,0.018444152548909187,0.6820288896560669,0.23356103198602796
Fitness_Club,TabICL_GPU,1000,500,0.31612613285460656,0.4825824633560313,0.024772340431809425,0.03699672222137451,0.7620000243186951,0.05152476718649268
GiveMeSomeCredit,TabICL_GPU,100000,50000,0.0979041985310366,0.1764959585352555,0.001608564518392086,0.0029497200157493353,0.9373599886894226,2.254135081078857
HR_Analytics_Job_Change_of_Data_Scientists,TabICL_GPU,12772,6386,0.2689096232487103,0.4242375723947512,0.010347429662942886,0.014224788174033165,0.8062950372695923,0.31334357522428036
Is-this-a-good-customer,TabICL_GPU,1148,575,0.19067668744853153,0.3253723934830366,0.019155269488692284,0.026509063318371773,0.8852173686027527,0.04838325409218669
Marketing_Campaign,TabICL_GPU,1493,747,0.14691469827476542,0.2358930165910542,0.014569036662578583,0.03889404982328415,0.9009370803833008,0.07219470897689462
NATICUSdroid,TabICL_GPU,4994,2497,0.07938819869673634,0.1387907284969559,0.004411045461893082,0.012824325822293758,0.9467360973358154,0.17794564319774508
bank-marketing,TabICL_GPU,30140,15071,0.17212510523092373,0.30006353903897026,0.004088888876140118,0.006786889862269163,0.8939021825790405,0.7209598948247731
blood-transfusion-service-center,TabICL_GPU,498,250,0.3255264262934642,0.5055535418451121,0.04710356891155243,0.07218556106090546,0.7639999985694885,0.03494229773059487
churn,TabICL_GPU,3333,1667,0.06778580891567998,0.13822443451451633,0.007225412875413895,0.015270913951098919,0.9604079127311707,0.11591701814904809
coil2000_insurance_policies,TabICL_GPU,6548,3274,0.10621676921744247,0.20525012888064242,0.00578379537910223,0.0025568902492523193,0.9404398202896118,0.15591665171086788
credit-g,TabICL_GPU,666,334,0.34286696994652666,0.5145638897939365,0.03372754901647568,0.06881534308195114,0.7514970302581787,0.040942381136119366
credit_card_clients_default,TabICL_GPU,20000,10000,0.2638755498419355,0.42193033706026256,0.007080256938934326,0.01421227864921093,0.8227999806404114,0.47193672601133585
customer_satisfaction_in_airline,TabICL_GPU,86586,43294,0.057062934789481275,0.09120030993966939,0.0010921070352196693,0.0014278896851465106,0.9597172737121582,2.13049573590979
diabetes,TabICL_GPU,512,256,0.32875106361698014,0.49748201096308364,0.02726835571229458,0.08009754866361618,0.75390625,0.04726199992001057
hazelnut-spread-contaminant-detection,TabICL_GPU,1600,800,0.06725245696629749,0.12205375804966621,0.011014721356332302,0.021400196477770805,0.9574999809265137,0.08110774680972099
heloc,TabICL_GPU,6972,3487,0.36540874997139466,0.5454933945728027,0.012502308934926987,0.015953589230775833,0.7327215075492859,0.18960076430812478
in_vehicle_coupon_recommendation,TabICL_GPU,8456,4228,0.3083656135150336,0.4735144659505076,0.013123668730258942,0.029248448088765144,0.7753074765205383,0.23876736033707857
jm1,TabICL_GPU,7256,3629,0.2566905931492657,0.40869269843899014,0.0064644766971468925,0.011270035058259964,0.8233672976493835,0.19418793637305498
kddcup09_appetency,TabICL_GPU,33333,16667,0.0337425447183742,0.0775624652098973,0.002114602131769061,0.0012075029080733657,0.9821803569793701,0.6466817879118025
online_shoppers_intention,TabICL_GPU,8220,4110,0.14115140755203293,0.22690722379807818,0.0073804049752652645,0.013468601740896702,0.8980535268783569,0.2548651862889528
polish_companies_bankruptcy,TabICL_GPU,3940,1970,0.042142670023523704,0.08110143872831109,0.006103089079260826,0.0074575794860720634,0.9746192693710327,0.13614396192133427
qsar-biodeg,TabICL_GPU,702,352,0.1801335003307388,0.29774953805017046,0.03835843503475189,0.04520919546484947,0.8806818127632141,0.050489695742726326
seismic-bumps,TabICL_GPU,1722,862,0.11475144413566614,0.21169854892290504,0.01400204561650753,0.01730208285152912,0.9338747262954712,0.05729376897215843
taiwanese_bankruptcy_prediction,TabICL_GPU,4546,2273,0.044568898068648555,0.08280311783367393,0.004632419906556606,0.009110641665756702,0.9722833037376404,0.1315939500927925
Amazon_employee_access,LimiX_GPU,21846,10923,0.0829442925177233,0.15969911630606373,0.0043794806115329266,0.0031739568803459406,0.9476334452629089,0.43402920942753553
Bank_Customer_Churn,LimiX_GPU,6666,3334,0.19825035776198618,0.3251568372821892,0.00814071949571371,0.018086696043610573,0.8680263757705688,0.19950746605172753
Bioresponse,LimiX_GPU,2500,1251,0.2790873422318216,0.4346701237919103,0.026716500520706177,0.04175668582320213,0.8017585873603821,0.09424930065870285
E-CommereShippingData,LimiX_GPU,7332,3667,0.3561295323712532,0.4974888991024147,0.015211910009384155,0.014238198287785053,0.685846745967865,0.22691947501152754
Fitness_Club,LimiX_GPU,1000,500,0.31658567069714516,0.4838672470257585,0.021501556038856506,0.059722982347011566,0.7699999809265137,0.05084466189146042
HR_Analytics_Job_Change_of_Data_Scientists,LimiX_GPU,12772,6386,0.26922363591172016,0.4245935007145718,0.012675650417804718,0.021713130176067352,0.8062950372695923,0.302789808716625
Is-this-a-good-customer,LimiX_GPU,1148,575,0.19134906059699747,0.3283319369310598,0.011274941265583038,0.013325059786438942,0.8817391395568848,0.061777366790920496
Marketing_Campaign,LimiX_GPU,1493,747,0.13802011483985016,0.22182194573197966,0.0119792390614748,0.02705419436097145,0.9022757411003113,0.07587610697373748
NATICUSdroid,LimiX_GPU,4994,2497,0.08512088108302888,0.14754336268345034,0.007149040699005127,0.013310203328728676,0.9435322284698486,0.17901602294296026
bank-marketing,LimiX_GPU,30140,15071,0.17185936605781973,0.29990410443117377,0.006682109087705612,0.008573358878493309,0.8945657014846802,0.6688993647694588
blood-transfusion-service-center,LimiX_GPU,498,250,0.31937318878660187,0.4982264368899855,0.04525553807616234,0.08573737740516663,0.7879999876022339,0.039044785778969526
churn,LimiX_GPU,3333,1667,0.06664250207794965,0.13731737340531253,0.010047181509435177,0.013328724540770054,0.9586082696914673,0.11668726382777095
coil2000_insurance_policies,LimiX_GPU,6548,3274,0.1058232686109141,0.199895558746511,0.005192143842577934,0.005796902813017368,0.9404398202896118,0.1691531538963318
credit-g,LimiX_GPU,666,334,0.3226374747172707,0.5055501380567191,0.04739399254322052,0.09120474010705948,0.796407163143158,0.04787215497344732
credit_card_clients_default,LimiX_GPU,20000,10000,0.2637706343698932,0.4214647629630334,0.004608701914548874,0.008867485448718071,0.8222000002861023,0.4915190003812313
diabetes,LimiX_GPU,512,256,0.3172392366579296,0.48199716326488756,0.031296372413635254,0.039493680000305176,0.7734375,0.041479744017124176
hazelnut-spread-contaminant-detection,LimiX_GPU,1600,800,0.07354483108989988,0.12759259123153774,0.011321727186441422,0.019096991047263145,0.9487500190734863,0.08256692718714476
heloc,LimiX_GPU,6972,3487,0.36308400290493736,0.5426477313807888,0.01790224015712738,0.023985067382454872,0.7344422340393066,0.20424589700996876
in_vehicle_coupon_recommendation,LimiX_GPU,8456,4228,0.35278858401097835,0.5306863465918893,0.01552322506904602,0.028569482266902924,0.7391201257705688,0.2245645341463387
jm1,LimiX_GPU,7256,3629,0.26679785126982786,0.42212609161166986,0.01221516914665699,0.013869578950107098,0.8134472370147705,0.20687626721337438
online_shoppers_intention,LimiX_GPU,8220,4110,0.1430376430111556,0.22995756444610863,0.006198618095368147,0.01162816397845745,0.8980535268783569,0.25657388428226113
polish_companies_bankruptcy,LimiX_GPU,3940,1970,0.05259471143397513,0.0952594235413018,0.00502717774361372,0.008875931613147259,0.9639593958854675,0.1355933640152216
qsar-biodeg,LimiX_GPU,702,352,0.1782869878973772,0.3012710712117636,0.036471325904130936,0.045884642750024796,0.8721590638160706,0.04976847115904093
seismic-bumps,LimiX_GPU,1722,862,0.11297315546439111,0.2130192928016631,0.014045162126421928,0.010999802500009537,0.9338747262954712,0.05895021418109536
taiwanese_bankruptcy_prediction,LimiX_GPU,4546,2273,0.04460566752761709,0.08103598678733485,0.005111795850098133,0.007823014631867409,0.9714034199714661,0.14627042319625616
APSFailure,TabM_GPU,50666,25334,0.008884466570763151,0.016806715905090634,0.0009397114627063274,0.0015932908281683922,0.9940396547317505,1.1400467520579696
Amazon_employee_access,TabM_GPU,21846,10923,0.08928312500538244,0.1673196574652459,0.004269987344741821,0.005440427456051111,0.9423235654830933,0.49671511678025126
Bank_Customer_Churn,TabM_GPU,6666,3334,0.19742880469146482,0.323797404966749,0.007965103723108768,0.019506826996803284,0.86652672290802,0.20167260896414518
Bioresponse,TabM_GPU,2500,1251,0.2891993581677841,0.45016515647558125,0.025118008255958557,0.04341767355799675,0.7889688014984131,0.09951465530321002
Diabetes130US,TabM_GPU,47678,23840,0.15468670786340263,0.2820771824252447,0.003425542265176773,0.005265914835035801,0.9119966626167297,1.0101280501112342
E-CommereShippingData,TabM_GPU,7332,3667,0.3591715291356502,0.500959383015021,0.026137858629226685,0.035463202744722366,0.6820288896560669,0.2413016241043806
Fitness_Club,TabM_GPU,1000,500,0.3248297963513852,0.4925914639909223,0.027832958847284317,0.039042722433805466,0.7620000243186951,0.05434265686199069
GiveMeSomeCredit,TabM_GPU,100000,50000,0.09698371829200915,0.17546998503855346,0.0016922327922657132,0.0025305268354713917,0.9387199878692627,2.3442372661083937
HR_Analytics_Job_Change_of_Data_Scientists,TabM_GPU,12772,6386,0.27075995076123777,0.42644476977595525,0.014229603111743927,0.020263053476810455,0.8023802042007446,0.3196653798222542
Is-this-a-good-customer,TabM_GPU,1148,575,0.1949926320266686,0.33530952153936655,0.01626376062631607,0.020820461213588715,0.8852173686027527,0.05655430303886533
Marketing_Campaign,TabM_GPU,1493,747,0.1450746109560601,0.23160466590150067,0.016714388504624367,0.025888845324516296,0.8955823183059692,0.06997798709198833
NATICUSdroid,TabM_GPU,4994,2497,0.08452659003639496,0.14443466228017388,0.0067596351727843285,0.013844124041497707,0.9411293268203735,0.18009304674342275
bank-marketing,TabM_GPU,30140,15071,0.1720570635879971,0.30008981840798304,0.005610316526144743,0.007379779126495123,0.8941676020622253,0.668980326037854
blood-transfusion-service-center,TabM_GPU,498,250,0.31043618943434637,0.4840884035415861,0.033367060124874115,0.0626184269785881,0.7760000228881836,0.03833624068647623
churn,TabM_GPU,3333,1667,0.06601855177466324,0.13895808534674126,0.015226484276354313,0.019351672381162643,0.9628074169158936,0.1235125819221139
coil2000_insurance_policies,TabM_GPU,6548,3274,0.10655376688862381,0.20446862491594567,0.004935143515467644,0.0037368410266935825,0.9404398202896118,0.17634582705795765
credit-g,TabM_GPU,666,334,0.34763205207581294,0.5248135873085542,0.045046769082546234,0.0798228457570076,0.742514967918396,0.046804073732346296
credit_card_clients_default,TabM_GPU,20000,10000,0.2641744116774525,0.42203981875818264,0.007462255656719208,0.013936612755060196,0.8219000101089478,0.4851283272728324
customer_satisfaction_in_airline,TabM_GPU,86586,43294,0.052600629033724984,0.08315750748028684,0.0009126188233494759,0.0031870349775999784,0.9624890089035034,2.1109599173069
diabetes,TabM_GPU,512,256,0.346641721353922,0.5210524589932164,0.033174559473991394,0.0975520983338356,0.765625,0.036680230870842934
hazelnut-spread-contaminant-detection,TabM_GPU,1600,800,0.11078895770484218,0.18472465935144874,0.01422107219696045,0.021511830389499664,0.9262499809265137,0.07873536786064506
heloc,TabM_GPU,6972,3487,0.36626461395756377,0.5462203818406893,0.013089757412672043,0.019883442670106888,0.7278462648391724,0.19358642119914293
in_vehicle_coupon_recommendation,TabM_GPU,8456,4228,0.30105765482202296,0.4642454701086482,0.016532383859157562,0.029206646606326103,0.7805109024047852,0.24206100590527058
jm1,TabM_GPU,7256,3629,0.27181119137613124,0.43133899844669926,0.00912681594491005,0.015634899958968163,0.810967206954956,0.1821925900876522
kddcup09_appetency,TabM_GPU,33333,16667,0.033552350385811947,0.07672203212526843,0.0013375841081142426,0.0009847102919593453,0.9821803569793701,0.7264205832034349
online_shoppers_intention,TabM_GPU,8220,4110,0.14228886717620182,0.22862321643666683,0.0072375331073999405,0.010545291937887669,0.9017031788825989,0.2530552982352674
polish_companies_bankruptcy,TabM_GPU,3940,1970,0.04127010795964358,0.07824906224294706,0.011182405054569244,0.014901023358106613,0.9741116762161255,0.1375696719624102
qsar-biodeg,TabM_GPU,702,352,0.18900092849323824,0.32072104535721074,0.03359676152467728,0.06016373261809349,0.8721590638160706,0.05089698592200875
seismic-bumps,TabM_GPU,1722,862,0.11630164583212987,0.21609896306534,0.010498475283384323,0.015194623731076717,0.9338747262954712,0.07037603901699185
taiwanese_bankruptcy_prediction,TabM_GPU,4546,2273,0.04559511781028135,0.08426602689809953,0.005263670347630978,0.008340086787939072,0.9731632471084595,0.13977167522534728
APSFailure,RealMLP_GPU,50666,25334,0.010845162720201765,0.02001471491609716,0.000900895509403199,0.0017009730217978358,0.9926580786705017,1.1797147560864687
Amazon_employee_access,RealMLP_GPU,21846,10923,0.0797965590027285,0.15189731967881676,0.005424562841653824,0.01013569999486208,0.9496475458145142,0.4649664289318025
Bank_Customer_Churn,RealMLP_GPU,6666,3334,0.19928587032285572,0.326095665847492,0.009039605036377907,0.015454065054655075,0.8671265840530396,0.21063878713175654
Bioresponse,RealMLP_GPU,2500,1251,0.2812562014711253,0.4409209847207145,0.02699388936161995,0.05315381661057472,0.7993605136871338,0.09951367601752281
Diabetes130US,RealMLP_GPU,47678,23840,0.15316690995169518,0.2790364550176808,0.005301777273416519,0.0073014176450669765,0.9119966626167297,0.9937300728634
E-CommereShippingData,RealMLP_GPU,7332,3667,0.3589203136566313,0.5031518294862274,0.020523622632026672,0.0326186902821064,0.6790291666984558,0.23818405158817768
Fitness_Club,RealMLP_GPU,1000,500,0.3136825034537262,0.4797234276956688,0.02208714559674263,0.022306084632873535,0.7739999890327454,0.049905631225556135
GiveMeSomeCredit,RealMLP_GPU,100000,50000,0.09739387711601472,0.1760933265500935,0.00175507552921772,0.0026905180420726538,0.9382399916648865,2.2638909607194364
HR_Analytics_Job_Change_of_Data_Scientists,RealMLP_GPU,12772,6386,0.27192436362575606,0.4272327536332447,0.012002885341644287,0.02081097848713398,0.7989351749420166,0.29359848983585835
Is-this-a-good-customer,RealMLP_GPU,1148,575,0.1894981653041213,0.3266891020675192,0.01611696183681488,0.009316143579781055,0.8852173686027527,0.046985961962491274
Marketing_Campaign,RealMLP_GPU,1493,747,0.14759195633382355,0.23800770201908214,0.010380914434790611,0.021403206512331963,0.898259699344635,0.06633085384964943
NATICUSdroid,RealMLP_GPU,4994,2497,0.08463063007126247,0.14517348277633807,0.006034301593899727,0.009601766243577003,0.9419302940368652,0.18054943904280663
bank-marketing,RealMLP_GPU,30140,15071,0.1716476415289993,0.299921744119695,0.005679840222001076,0.008346443995833397,0.8941012620925903,0.667666451074183
blood-transfusion-service-center,RealMLP_GPU,498,250,0.32133537108793075,0.5056598997745414,0.04676503688097,0.07728060334920883,0.7839999794960022,0.044093526899814606
churn,RealMLP_GPU,3333,1667,0.06481972967127635,0.1379263886587639,0.02133024111390114,0.0261423010379076,0.9616076946258545,0.12004615785554051
coil2000_insurance_policies,RealMLP_GPU,6548,3274,0.10669634720340394,0.20465783065931628,0.006682064384222031,0.006337204482406378,0.9404398202896118,0.16723194811493158
credit-g,RealMLP_GPU,666,334,0.3319219050999937,0.5040875508530724,0.04245511442422867,0.0443558506667614,0.7514970302581787,0.048535238951444626
credit_card_clients_default,RealMLP_GPU,20000,10000,0.26434984127548866,0.4230837077910035,0.008494332432746887,0.01708202250301838,0.823199987411499,0.4552902588620782
customer_satisfaction_in_airline,RealMLP_GPU,86586,43294,0.05344243654739614,0.08540552890671654,0.0012017044937238097,0.003239345271140337,0.962119460105896,2.130523534025997
diabetes,RealMLP_GPU,512,256,0.30200859161036403,0.45807137040137574,0.016131818294525146,0.027666227892041206,0.78125,0.0399150843732059
hazelnut-spread-contaminant-detection,RealMLP_GPU,1600,800,0.09078073446416506,0.1637327632954596,0.011306330561637878,0.025429783388972282,0.9375,0.0825013811700046
heloc,RealMLP_GPU,6972,3487,0.3621566497418782,0.5417132792146369,0.009807776659727097,0.021004166454076767,0.7330083250999451,0.19657480716705322
in_vehicle_coupon_recommendation,RealMLP_GPU,8456,4228,0.3054540683760956,0.4702301767984434,0.021403051912784576,0.036901772022247314,0.7819299697875977,0.23351424001157284
jm1,RealMLP_GPU,7256,3629,0.26845886282390236,0.42514655442675403,0.01090896874666214,0.018145976588129997,0.814549446105957,0.18991652596741915
kddcup09_appetency,RealMLP_GPU,33333,16667,0.0334167968283982,0.07563873968803768,0.001454874174669385,0.0008514377987012267,0.9821803569793701,0.7158571421168745
online_shoppers_intention,RealMLP_GPU,8220,4110,0.1442959187808556,0.2339634728038666,0.005865953862667084,0.0122671602293849,0.9012165665626526,0.26549697294831276
polish_companies_bankruptcy,RealMLP_GPU,3940,1970,0.044531284517430283,0.08736452791359794,0.00878922175616026,0.01196299958974123,0.9720812439918518,0.1337095140479505
qsar-biodeg,RealMLP_GPU,702,352,0.18625601641252293,0.3241357426790919,0.03647235780954361,0.07592667639255524,0.8920454382896423,0.05048254178836942
seismic-bumps,RealMLP_GPU,1722,862,0.11397016093481227,0.21370292787020853,0.008986182510852814,0.014493700116872787,0.9338747262954712,0.0654755481518805
taiwanese_bankruptcy_prediction,RealMLP_GPU,4546,2273,0.04561392256755212,0.08258648909851389,0.007452886085957289,0.011021011509001255,0.968323826789856,0.1392685603350401
APSFailure,BetaTabPFN_GPU,50666,25334,0.009458637142825348,0.01796042960611291,0.0011773816077038646,0.001533450442366302,0.9939212203025818,1.0904688918963075
Amazon_employee_access,BetaTabPFN_GPU,21846,10923,0.08838746316759133,0.16726457474257655,0.005682043731212616,0.009989780373871326,0.9454362392425537,0.49747661780565977
Bank_Customer_Churn,BetaTabPFN_GPU,6666,3334,0.19730552021934633,0.3230220096289214,0.009453968144953251,0.01964174583554268,0.8677264451980591,0.18953654495999217
Bioresponse,BetaTabPFN_GPU,2500,1251,0.31524052762450255,0.48029141756399896,0.02889162302017212,0.04167059063911438,0.7641886472702026,0.09625176107510924
Diabetes130US,BetaTabPFN_GPU,47678,23840,0.1550501185487635,0.28348767555090043,0.005993682891130447,0.005887157749384642,0.9119966626167297,0.9158503608778119
E-CommereShippingData,BetaTabPFN_GPU,7332,3667,0.3552695967741911,0.49723925295927623,0.021907061338424683,0.01811029575765133,0.6918461918830872,0.2324333069846034
Fitness_Club,BetaTabPFN_GPU,1000,500,0.31445619655307694,0.4820804352921708,0.01763371005654335,0.0478643923997879,0.7820000052452087,0.05715656420215964
GiveMeSomeCredit,BetaTabPFN_GPU,100000,50000,0.09735190022966901,0.1761161277791357,0.0016738027334213257,0.00392540218308568,0.9380199909210205,2.2914817328564823
HR_Analytics_Job_Change_of_Data_Scientists,BetaTabPFN_GPU,12772,6386,0.2725424284648768,0.4287097322343606,0.011610079556703568,0.018168741837143898,0.8033197522163391,0.29405447700992227
Is-this-a-good-customer,BetaTabPFN_GPU,1148,575,0.18866320050902088,0.32265703510657623,0.012969020754098892,0.029933040961623192,0.8852173686027527,0.049365181010216475
Marketing_Campaign,BetaTabPFN_GPU,1493,747,0.13836840815503046,0.22412628884748467,0.017560699954628944,0.03123975731432438,0.9062918424606323,0.07274530874565244
NATICUSdroid,BetaTabPFN_GPU,4994,2497,0.08571477868833412,0.1483819045089766,0.005898689851164818,0.01196946669369936,0.9435322284698486,0.1823667073622346
bank-marketing,BetaTabPFN_GPU,30140,15071,0.17251618363791907,0.30069827793338655,0.005627300590276718,0.007960078306496143,0.8932386636734009,0.6362433820031583
blood-transfusion-service-center,BetaTabPFN_GPU,498,250,0.3196452931634017,0.5171220210465534,0.04653392732143402,0.08476857095956802,0.8119999766349792,0.043354107066988945
churn,BetaTabPFN_GPU,3333,1667,0.05987880592338208,0.12614671458357246,0.009067272767424583,0.016224727034568787,0.9640071988105774,0.12484631780534983
coil2000_insurance_policies,BetaTabPFN_GPU,6548,3274,0.10590084533370636,0.2034789953016637,0.004896867088973522,0.0035280671436339617,0.9404398202896118,0.16930274572223425
credit-g,BetaTabPFN_GPU,666,334,0.3439142791618868,0.5150093361653946,0.042412593960762024,0.07232315838336945,0.7455089688301086,0.047600784339010715
credit_card_clients_default,BetaTabPFN_GPU,20000,10000,0.2639051733330719,0.4213337169499234,0.006738405674695969,0.010922306217253208,0.8227999806404114,0.48673087591305375
customer_satisfaction_in_airline,BetaTabPFN_GPU,86586,43294,0.07074388715402624,0.1159514066520442,0.0019233636558055878,0.00330766080878675,0.949508011341095,2.159224458038807
diabetes,BetaTabPFN_GPU,512,256,0.3221922051666236,0.48883609615006807,0.024491602554917336,0.06566014140844345,0.75390625,0.04741743905469775
hazelnut-spread-contaminant-detection,BetaTabPFN_GPU,1600,800,0.12650431479244673,0.21868124987948342,0.01565632037818432,0.03204913064837456,0.9200000166893005,0.08311139373108745
heloc,BetaTabPFN_GPU,6972,3487,0.36501691543140313,0.5454320847888037,0.01306343823671341,0.022213134914636612,0.7312876582145691,0.18662230670452118
in_vehicle_coupon_recommendation,BetaTabPFN_GPU,8456,4228,0.3211988679241967,0.4900493512960905,0.012388646602630615,0.02215908281505108,0.768684983253479,0.24869586993008852
jm1,BetaTabPFN_GPU,7256,3629,0.2693198706083206,0.42721861651990983,0.00828966498374939,0.013401695527136326,0.811793863773346,0.20139268273487687
kddcup09_appetency,BetaTabPFN_GPU,33333,16667,0.03377513100998488,0.07828000686722658,0.002113274298608303,0.0008531060884706676,0.9821803569793701,0.6481174859218299
online_shoppers_intention,BetaTabPFN_GPU,8220,4110,0.14196279616232085,0.23072800472731697,0.00635905098170042,0.00860956683754921,0.9004865884780884,0.2689840509556234
polish_companies_bankruptcy,BetaTabPFN_GPU,3940,1970,0.046877461900646115,0.09038039663213221,0.008130963891744614,0.013583941385149956,0.9730964303016663,0.13692807219922543
qsar-biodeg,BetaTabPFN_GPU,702,352,0.20205433317454516,0.33655634399293366,0.03215653821825981,0.04734900966286659,0.8636363744735718,0.049957394134253263
seismic-bumps,BetaTabPFN_GPU,1722,862,0.11043363715892379,0.2032372530245833,0.010932954028248787,0.01563934236764908,0.9338747262954712,0.06810054974630475
taiwanese_bankruptcy_prediction,BetaTabPFN_GPU,4546,2273,0.04411664749599775,0.08048439879847004,0.005138006526976824,0.008799287490546703,0.9714034199714661,0.13600286468863487
APSFailure,ModernNCA_GPU,50666,25334,0.009402888218894134,0.01785563787812742,0.0021720428485423326,0.003288720501586795,0.9940791130065918,1.1873667370527983
Amazon_employee_access,ModernNCA_GPU,21846,10923,0.08164014463679457,0.15699430525142702,0.013757908716797829,0.01696428284049034,0.9487320184707642,0.5147913759574294
Bank_Customer_Churn,ModernNCA_GPU,6666,3334,0.19953082528951774,0.3271305190189313,0.007781831547617912,0.018433058634400368,0.8668266534805298,0.19672096986323595
Bioresponse,ModernNCA_GPU,2500,1251,0.2954179824046214,0.46152071838314873,0.024384696036577225,0.050908349454402924,0.7937650084495544,0.09806665917858481
Diabetes130US,ModernNCA_GPU,47678,23840,0.15466129251240693,0.28265354379088214,0.0043502855114638805,0.005686996504664421,0.9119966626167297,1.0267860530875623
E-CommereShippingData,ModernNCA_GPU,7332,3667,0.35988253474949633,0.5043258813530147,0.022098779678344727,0.033296823501586914,0.6812108159065247,0.2355549200437963
Fitness_Club,ModernNCA_GPU,1000,500,0.3386502312437211,0.5138827429077921,0.034467678517103195,0.07885047793388367,0.7540000081062317,0.05887464387342334
GiveMeSomeCredit,ModernNCA_GPU,100000,50000,0.09697379109922563,0.1755007814218071,0.0016190968453884125,0.003520671045407653,0.9387400150299072,2.331931667868048
HR_Analytics_Job_Change_of_Data_Scientists,ModernNCA_GPU,12772,6386,0.27018243019013094,0.42550413269768467,0.012021120637655258,0.02034064196050167,0.8014406561851501,0.3025782750919461
Is-this-a-good-customer,ModernNCA_GPU,1148,575,0.19274310197287525,0.33162215438622167,0.02286083623766899,0.02269638329744339,0.8852173686027527,0.05666616000235081
Marketing_Campaign,ModernNCA_GPU,1493,747,0.13955245669761002,0.22763264473541484,0.027633681893348694,0.038504499942064285,0.9062918424606323,0.07105297688394785
NATICUSdroid,ModernNCA_GPU,4994,2497,0.08783682495163042,0.15095144407462976,0.01008683443069458,0.01476585865020752,0.9391269683837891,0.1743326927535236
bank-marketing,ModernNCA_GPU,30140,15071,0.1718684854000128,0.29952846359595087,0.005312366411089897,0.006578353699296713,0.8940349221229553,0.6526743900030851
blood-transfusion-service-center,ModernNCA_GPU,498,250,0.30313427715144703,0.47866952086692305,0.03960684314370155,0.053580380976200104,0.7919999957084656,0.037244560196995735
churn,ModernNCA_GPU,3333,1667,0.06304354609321867,0.1311014209773191,0.012481673620641232,0.01639173924922943,0.9610077738761902,0.12344088032841682
coil2000_insurance_policies,ModernNCA_GPU,6548,3274,0.10713772234653797,0.20642613361981432,0.007341295480728149,0.008280571550130844,0.9404398202896118,0.17291371058672667
credit-g,ModernNCA_GPU,666,334,0.34361092278113575,0.5150675902387101,0.04470261186361313,0.06813070178031921,0.742514967918396,0.052960889879614115
credit_card_clients_default,ModernNCA_GPU,20000,10000,0.263819667004953,0.42144041511559105,0.007563951890915632,0.012791008688509464,0.823199987411499,0.48285559890791774
customer_satisfaction_in_airline,ModernNCA_GPU,86586,43294,0.05488690869460009,0.08807449954226206,0.0018876423127949238,0.0037261447869241238,0.9605950117111206,2.1230708532966673
diabetes,ModernNCA_GPU,512,256,0.34017235329642365,0.5318226832596751,0.022271782159805298,0.0681190937757492,0.75390625,0.04208455793559551
hazelnut-spread-contaminant-detection,ModernNCA_GPU,1600,800,0.09024509311198901,0.1611551651306697,0.015507185831665993,0.030651133507490158,0.9449999928474426,0.08485993137583137
heloc,ModernNCA_GPU,6972,3487,0.3638367494676844,0.5437722357212453,0.011024154722690582,0.019089512526988983,0.7310008406639099,0.19344764295965433
in_vehicle_coupon_recommendation,ModernNCA_GPU,8456,4228,0.31682189132063654,0.4867870165809307,0.028425417840480804,0.05218349024653435,0.7734153270721436,0.24493014300242066
jm1,ModernNCA_GPU,7256,3629,0.2643457025588278,0.419897122816927,0.009966645389795303,0.018449094146490097,0.8142738938331604,0.19212336093187332
kddcup09_appetency,ModernNCA_GPU,33333,16667,0.033773489183142186,0.07765790623604772,0.0012290752492845058,0.0012289340374991298,0.9821803569793701,0.7216747761704028
online_shoppers_intention,ModernNCA_GPU,8220,4110,0.14075913313208505,0.2290662665758864,0.007380413822829723,0.014498322270810604,0.899756669998169,0.25889504700899124
polish_companies_bankruptcy,ModernNCA_GPU,3940,1970,0.041142193722817876,0.08290408740569404,0.010905919596552849,0.016496052965521812,0.9756345152854919,0.13048223312944174
qsar-biodeg,ModernNCA_GPU,702,352,0.19232974388321333,0.32471055886338845,0.036904267966747284,0.0723375454545021,0.8778409361839294,0.047789004165679216
seismic-bumps,ModernNCA_GPU,1722,862,0.11366912134808145,0.21409756923766052,0.013463741168379784,0.01679425872862339,0.9338747262954712,0.06588935432955623
taiwanese_bankruptcy_prediction,ModernNCA_GPU,4546,2273,0.044794922343087185,0.0841155512768513,0.006115491036325693,0.012415140867233276,0.9718433618545532,0.1436097719706595
Bank_Customer_Churn,Mitra_GPU,6666,3334,0.1976967128246374,0.32414203639223776,0.010297110304236412,0.023336945101618767,0.8698260188102722,0.1918800249695778
E-CommereShippingData,Mitra_GPU,7332,3667,0.354853652928088,0.4969004655864624,0.014483563601970673,0.017242571339011192,0.6896646022796631,0.22401444986462593
Fitness_Club,Mitra_GPU,1000,500,0.3092610592750507,0.47203185413853727,0.020760372281074524,0.028606049716472626,0.7699999809265137,0.05094419093802571
Is-this-a-good-customer,Mitra_GPU,1148,575,0.19354798633731968,0.3313357216778689,0.013348732143640518,0.016619395464658737,0.8852173686027527,0.05069993995130062
Marketing_Campaign,Mitra_GPU,1493,747,0.14331386746957764,0.2329434237525819,0.01579691283404827,0.03073061630129814,0.8929049372673035,0.07104516914114356
NATICUSdroid,Mitra_GPU,4994,2497,0.08580831060108253,0.14570256395297554,0.00851970911026001,0.010811286978423595,0.9399279356002808,0.17784737795591354
blood-transfusion-service-center,Mitra_GPU,498,250,0.31274472244501383,0.49756031638954834,0.056199848651885986,0.08893011510372162,0.8040000200271606,0.044313534162938595
churn,Mitra_GPU,3333,1667,0.042613998606232384,0.09847819238024573,0.013150760903954506,0.014118718914687634,0.976604700088501,0.11577663710340858
coil2000_insurance_policies,Mitra_GPU,6548,3274,0.10632325983944699,0.2032147286326181,0.005244044587016106,0.005282523576170206,0.9404398202896118,0.15556974709033966
credit-g,Mitra_GPU,666,334,0.3424059441034444,0.5274814994464182,0.03986349701881409,0.0847674012184143,0.7485029697418213,0.047624585684388876
diabetes,Mitra_GPU,512,256,0.3280068431031635,0.4940617660804575,0.03479282557964325,0.06794030964374542,0.75,0.03776564495638013
hazelnut-spread-contaminant-detection,Mitra_GPU,1600,800,0.08658099574630622,0.1479900861129868,0.019230354577302933,0.023472478613257408,0.9412500262260437,0.07759602880105376
heloc,Mitra_GPU,6972,3487,0.3642785999397405,0.5444652573846985,0.013139039278030396,0.018723543733358383,0.735589325428009,0.1912716762162745
in_vehicle_coupon_recommendation,Mitra_GPU,8456,4228,0.3225231917856744,0.49342169498733646,0.022228233516216278,0.03498777747154236,0.767975389957428,0.23367796326056123
jm1,Mitra_GPU,7256,3629,0.266901705121535,0.4244206512931546,0.010607783682644367,0.01939511112868786,0.8173050284385681,0.18833999009802938
online_shoppers_intention,Mitra_GPU,8220,4110,0.14064548485156186,0.22540108581779958,0.005254786461591721,0.015118405222892761,0.8995133638381958,0.25871877325698733
polish_companies_bankruptcy,Mitra_GPU,3940,1970,0.04193432943596425,0.07983887173664682,0.011141546070575714,0.02049947716295719,0.9730964303016663,0.1358265709131956
qsar-biodeg,Mitra_GPU,702,352,0.18931066174906502,0.3250699570979434,0.0321398489177227,0.05371895059943199,0.8721590638160706,0.054133383091539145
seismic-bumps,Mitra_GPU,1722,862,0.111386199070004,0.20621843782962151,0.009092673659324646,0.012826216407120228,0.9338747262954712,0.05699794692918658
taiwanese_bankruptcy_prediction,Mitra_GPU,4546,2273,0.04392250419362847,0.08226016036114657,0.0049402229487895966,0.008923801593482494,0.9718433618545532,0.1408594697713852
APSFailure,TabDPT_GPU,50666,25334,0.011116954304941725,0.01998025197248317,0.0009785991860553622,0.0011660848977044225,0.9921449422836304,1.1743549979291856
Amazon_employee_access,TabDPT_GPU,21846,10923,0.08135185160489238,0.15688819158738518,0.003839164972305298,0.005152610130608082,0.9481827616691589,0.4773691399022937
Bank_Customer_Churn,TabDPT_GPU,6666,3334,0.1993883479679015,0.32731085635769347,0.005692584440112114,0.00865574087947607,0.8638272285461426,0.207689194008708
Bioresponse,TabDPT_GPU,2500,1251,0.2822340595501351,0.4424245070754721,0.028333313763141632,0.04515216872096062,0.8017585873603821,0.09106754511594772
Diabetes130US,TabDPT_GPU,47678,23840,0.15566993844128743,0.28479737613484957,0.004262510687112808,0.003203589003533125,0.9119966626167297,0.9316772921010852
E-CommereShippingData,TabDPT_GPU,7332,3667,0.35594514541348604,0.4988313212058367,0.022760838270187378,0.008504446595907211,0.6888464689254761,0.21903816098347306
Fitness_Club,TabDPT_GPU,1000,500,0.3172084129170419,0.483342558856386,0.01867268793284893,0.04025113210082054,0.7580000162124634,0.056662841234356165
GiveMeSomeCredit,TabDPT_GPU,100000,50000,0.09806483667078644,0.1772250891427269,0.0019648163579404354,0.0028772547375410795,0.9373000264167786,2.255282951053232
HR_Analytics_Job_Change_of_Data_Scientists,TabDPT_GPU,12772,6386,0.26918645488064724,0.42459825553716923,0.011782616376876831,0.01970079354941845,0.8064516186714172,0.3115419731475413
Is-this-a-good-customer,TabDPT_GPU,1148,575,0.1929151237024213,0.3296015784326307,0.017366770654916763,0.02341962605714798,0.8852173686027527,0.05026117293164134
Marketing_Campaign,TabDPT_GPU,1493,747,0.14356429996405126,0.23151634963784432,0.016786765307188034,0.037932682782411575,0.8995984196662903,0.07204623892903328
NATICUSdroid,TabDPT_GPU,4994,2497,0.08045564448224905,0.14046835282607015,0.006564607843756676,0.01204431988298893,0.9471365809440613,0.18032872211188078
bank-marketing,TabDPT_GPU,30140,15071,0.17228497982782778,0.3008878091315638,0.0044523924589157104,0.006373504176735878,0.8937031626701355,0.6659317673183978
blood-transfusion-service-center,TabDPT_GPU,498,250,0.32374857774217103,0.5152234439592276,0.0579693578183651,0.11407500505447388,0.7879999876022339,0.0398885658942163
churn,TabDPT_GPU,3333,1667,0.06825325462197183,0.1387750264085246,0.008089303970336914,0.013053982518613338,0.9604079127311707,0.11539343604817986
coil2000_insurance_policies,TabDPT_GPU,6548,3274,0.10727566313924464,0.2075457277795615,0.006670152768492699,0.006997278891503811,0.9404398202896118,0.1692246599122882
credit-g,TabDPT_GPU,666,334,0.35295876989276165,0.5246606150105835,0.028370438143610954,0.06272292882204056,0.727544903755188,0.045652263797819614
credit_card_clients_default,TabDPT_GPU,20000,10000,0.26476785962207794,0.42254707129522484,0.006565036717802286,0.012056347914040089,0.8212000131607056,0.4776800088584423
customer_satisfaction_in_airline,TabDPT_GPU,86586,43294,0.05437781580491145,0.08808766971009202,0.001392429694533348,0.002178940922021866,0.9612648487091064,2.0922435228712857
diabetes,TabDPT_GPU,512,256,0.3176200602658955,0.47643051656704877,0.025110535323619843,0.08671051263809204,0.75,0.04325949680060148
hazelnut-spread-contaminant-detection,TabDPT_GPU,1600,800,0.06970224559845489,0.13453032413278507,0.007375609129667282,0.020099572837352753,0.956250011920929,0.08325562300160527
heloc,TabDPT_GPU,6972,3487,0.36776913693909924,0.5487691788023377,0.016877610236406326,0.02370796725153923,0.7341554164886475,0.20595488604158163
in_vehicle_coupon_recommendation,TabDPT_GPU,8456,4228,0.3346505471151115,0.5050958700061098,0.0117027647793293,0.022128548473119736,0.748344361782074,0.2425730312243104
jm1,TabDPT_GPU,7256,3629,0.2545392009024643,0.405310257850272,0.009343898855149746,0.011386377736926079,0.8239184617996216,0.19593490520492196
kddcup09_appetency,TabDPT_GPU,33333,16667,0.03420809504761598,0.08070476025396398,0.0016223016427829862,0.0011222906177863479,0.9821803569793701,0.700592233799398
online_shoppers_intention,TabDPT_GPU,8220,4110,0.14247609323842433,0.23121639790335058,0.007868694141507149,0.012097408063709736,0.9002432823181152,0.25731123285368085
polish_companies_bankruptcy,TabDPT_GPU,3940,1970,0.02935681842386518,0.06152655791120766,0.004687150940299034,0.008515818975865841,0.9807106852531433,0.13761326298117638
qsar-biodeg,TabDPT_GPU,702,352,0.17856261471633916,0.3010359648090055,0.03135727345943451,0.053271953016519547,0.875,0.05115166725590825
seismic-bumps,TabDPT_GPU,1722,862,0.11227478032179816,0.20999624882856394,0.00903410091996193,0.012754686176776886,0.9338747262954712,0.07044102204963565
taiwanese_bankruptcy_prediction,TabDPT_GPU,4546,2273,0.04476278168069692,0.08314148676984026,0.0051527139730751514,0.010409616865217686,0.9692037105560303,0.14601443614810705
